  Wikipedia batch failed: HTTP 429 for https://en.wikipedia.org/w/api.php?action=query&format=json&origin=*&titles=Alabasta+Conflict%7CAlabasta+Kingdom%7CDestruction+of+Ohara%7CDressrosa+Conflict%7CEnies+Lobby+Conflict%7Cgeography+of+One+Piece%7CHuman-Human+Fruit%2C+Model%3A+Nika%7CMarineford+War%7COne+Piece+Live+Action%7COne+Piece+Live-Action%7COne+Piece+World%7CRoad+Poneglyphs&redirects=1&prop=extracts&explaintext=1&exintro=1&exlimit=max: You are making too many requests to the API.
Please follow the best practices at <https://www.mediawiki.org/wiki/Wikimedia_APIs/Rate_limits>.
If you are unsure how to get the access you need, contact 
  Wikipedia batch failed: HTTP 429 for https://en.wikipedia.org/w/api.php?action=query&format=json&origin=*&titles=Alabasta+Conflict%7CAlabasta+Kingdom%7CDestruction+of+Ohara%7CDressrosa+Conflict%7CEnies+Lobby+Conflict%7Cgeography+of+One+Piece%7CHuman-Human+Fruit%2C+Model%3A+Nika%7CMarineford+War%7COne+Piece+Live+Action%7COne+Piece+Live-Action%7COne+Piece+World%7CRoad+Poneglyphs&redirects=1&prop=extracts&explaintext=1&exintro=1&exlimit=max: You are making too many requests to the API.
Please follow the best practices at <https://www.mediawiki.org/wiki/Wikimedia_APIs/Rate_limits>.
If you are unsure how to get the access you need, contact 
  Wikipedia batch failed: HTTP 429 for https://en.wikipedia.org/w/api.php?action=query&format=json&origin=*&titles=Alabasta+Conflict%7CAlabasta+Kingdom%7CDestruction+of+Ohara%7CDressrosa+Conflict%7CEnies+Lobby+Conflict%7Cgeography+of+One+Piece%7CHuman-Human+Fruit%2C+Model%3A+Nika%7CMarineford+War%7COne+Piece+Live+Action%7COne+Piece+Live-Action%7COne+Piece+World%7CRoad+Poneglyphs&redirects=1&prop=extracts&explaintext=1&exintro=1&exlimit=max: You are making too many requests to the API.
Please follow the best practices at <https://www.mediawiki.org/wiki/Wikimedia_APIs/Rate_limits>.
If you are unsure how to get the access you need, contact 
  Wikipedia batch failed: HTTP 429 for https://en.wikipedia.org/w/api.php?action=query&format=json&origin=*&titles=Alabasta+Conflict%7CAlabasta+Kingdom%7CDestruction+of+Ohara%7CDressrosa+Conflict%7CEnies+Lobby+Conflict%7Cgeography+of+One+Piece%7CHuman-Human+Fruit%2C+Model%3A+Nika%7CMarineford+War%7COne+Piece+Live+Action%7COne+Piece+Live-Action%7COne+Piece+World%7CRoad+Poneglyphs&redirects=1&prop=extracts&explaintext=1&exintro=1&exlimit=max: You are making too many requests to the API.
Please follow the best practices at <https://www.mediawiki.org/wiki/Wikimedia_APIs/Rate_limits>.
If you are unsure how to get the access you need, contact 
  Wikipedia batch failed: HTTP 429 for https://en.wikipedia.org/w/api.php?action=query&format=json&origin=*&titles=The+Mystery+of+One+Piece%7CWano+Conflict%7CWater+7+Conflict%7CWhole+Cake+Island+Conflict%7CAgyo%7CBilly+%28Pirate%29%7CBlakey%7CBlue+Fan%7CBlumarine%7CCloud+End&redirects=1&prop=extracts&explaintext=1&exintro=1&exlimit=max: You are making too many requests to the API.
Please follow the best practices at <https://www.mediawiki.org/wiki/Wikimedia_APIs/Rate_limits>.
If you are unsure how to get the access you need, contact 
  Wikipedia batch failed: HTTP 429 for https://en.wikipedia.org/w/api.php?action=query&format=json&origin=*&titles=Yano+Country&redirects=1&prop=extracts&explaintext=1&exintro=1&exlimit=max: You are making too many requests to the API.
Please follow the best practices at <https://www.mediawiki.org/wiki/Wikimedia_APIs/Rate_limits>.
If you are unsure how to get the access you need, contact 
  Wikipedia batch failed: HTTP 429 for https://en.wikipedia.org/w/api.php?action=query&format=json&origin=*&titles=Yano+Country&redirects=1&prop=extracts&explaintext=1&exintro=1&exlimit=max: You are making too many requests to the API.
Please follow the best practices at <https://www.mediawiki.org/wiki/Wikimedia_APIs/Rate_limits>.
If you are unsure how to get the access you need, contact 
  Wikipedia batch failed: HTTP 429 for https://en.wikipedia.org/w/api.php?action=query&format=json&origin=*&titles=Yano+Country&redirects=1&prop=extracts&explaintext=1&exintro=1&exlimit=max: You are making too many requests to the API.
Please follow the best practices at <https://www.mediawiki.org/wiki/Wikimedia_APIs/Rate_limits>.
If you are unsure how to get the access you need, contact 
  Wikipedia batch failed: HTTP 429 for https://en.wikipedia.org/w/api.php?action=query&format=json&origin=*&titles=Yano+Country&redirects=1&prop=extracts&explaintext=1&exintro=1&exlimit=max: You are making too many requests to the API.
Please follow the best practices at <https://www.mediawiki.org/wiki/Wikimedia_APIs/Rate_limits>.
If you are unsure how to get the access you need, contact 
  Wikipedia batch failed: HTTP 429 for https://en.wikipedia.org/w/api.php?action=query&format=json&origin=*&titles=Ace%27s+ship%7CAckickig%7CAnirak%7CAnsen%27s+ship%7CAra%27s+starship%7CAssorhan%7CBeeda%7CBeyele%7CBorantok%7CBort%27s+daughter%7CBryn+%28Vorzydiak%29%7CCaroline&redirects=1&prop=extracts&explaintext=1&exintro=1&exlimit=max: You are making too many requests to the API.
Please follow the best practices at <https://www.mediawiki.org/wiki/Wikimedia_APIs/Rate_limits>.
If you are unsure how to get the access you need, contact 
  Wikipedia batch failed: HTTP 429 for https://en.wikipedia.org/w/api.php?action=query&format=json&origin=*&titles=Ace%27s+ship%7CAckickig%7CAnirak%7CAnsen%27s+ship%7CAra%27s+starship%7CAssorhan%7CBeeda%7CBeyele%7CBorantok%7CBort%27s+daughter%7CBryn+%28Vorzydiak%29%7CCaroline&redirects=1&prop=extracts&explaintext=1&exintro=1&exlimit=max: You are making too many requests to the API.
Please follow the best practices at <https://www.mediawiki.org/wiki/Wikimedia_APIs/Rate_limits>.
If you are unsure how to get the access you need, contact 
  Wikipedia batch failed: HTTP 429 for https://en.wikipedia.org/w/api.php?action=query&format=json&origin=*&titles=Anderam%7CAndoran%7CAnea%7CAnti-matter+particle%7CAnzati+pirate+co-pilot%7CArnoth+Draenell%27s+crew%7CAtrisian+Emperor+%28Sayings%29%7CAttack+on+the+Ascendant+temple%7CAutomatic+grabber%7CAveso+Ars%7CAyjae%7CB%27hedda&redirects=1&prop=extracts&explaintext=1&exintro=1&exlimit=max: You are making too many requests to the API.
Please follow the best practices at <https://www.mediawiki.org/wiki/Wikimedia_APIs/Rate_limits>.
If you are unsure how to get the access you need, contact 
  Wikipedia batch failed: HTTP 429 for https://en.wikipedia.org/w/api.php?action=query&format=json&origin=*&titles=Anderam%7CAndoran%7CAnea%7CAnti-matter+particle%7CAnzati+pirate+co-pilot%7CArnoth+Draenell%27s+crew%7CAtrisian+Emperor+%28Sayings%29%7CAttack+on+the+Ascendant+temple%7CAutomatic+grabber%7CAveso+Ars%7CAyjae%7CB%27hedda&redirects=1&prop=extracts&explaintext=1&exintro=1&exlimit=max: You are making too many requests to the API.
Please follow the best practices at <https://www.mediawiki.org/wiki/Wikimedia_APIs/Rate_limits>.
If you are unsure how to get the access you need, contact 
  Wikipedia batch failed: HTTP 429 for https://en.wikipedia.org/w/api.php?action=query&format=json&origin=*&titles=Anderam%7CAndoran%7CAnea%7CAnti-matter+particle%7CAnzati+pirate+co-pilot%7CArnoth+Draenell%27s+crew%7CAtrisian+Emperor+%28Sayings%29%7CAttack+on+the+Ascendant+temple%7CAutomatic+grabber%7CAveso+Ars%7CAyjae%7CB%27hedda&redirects=1&prop=extracts&explaintext=1&exintro=1&exlimit=max: You are making too many requests to the API.
Please follow the best practices at <https://www.mediawiki.org/wiki/Wikimedia_APIs/Rate_limits>.
If you are unsure how to get the access you need, contact 
  Wikipedia batch failed: HTTP 429 for https://en.wikipedia.org/w/api.php?action=query&format=json&origin=*&titles=Anderam%7CAndoran%7CAnea%7CAnti-matter+particle%7CAnzati+pirate+co-pilot%7CArnoth+Draenell%27s+crew%7CAtrisian+Emperor+%28Sayings%29%7CAttack+on+the+Ascendant+temple%7CAutomatic+grabber%7CAveso+Ars%7CAyjae%7CB%27hedda&redirects=1&prop=extracts&explaintext=1&exintro=1&exlimit=max: You are making too many requests to the API.
Please follow the best practices at <https://www.mediawiki.org/wiki/Wikimedia_APIs/Rate_limits>.
If you are unsure how to get the access you need, contact 
  Wikipedia batch failed: HTTP 429 for https://en.wikipedia.org/w/api.php?action=query&format=json&origin=*&titles=Ba%27zhu%7CBan%27Ti%7CBara+%28Mikan%29%7CBarclo%7CBarriss+Offee%27s+starship%7CBarry%7CBarun%7CBattle+of+Alamass%7CBattle+of+Anchoron%7CBattle+of+Ando+Prime%7CBattle+of+Antolus+I%7CBattle+of+Arbular&redirects=1&prop=extracts&explaintext=1&exintro=1&exlimit=max: You are making too many requests to the API.
Please follow the best practices at <https://www.mediawiki.org/wiki/Wikimedia_APIs/Rate_limits>.
If you are unsure how to get the access you need, contact 
  Wikipedia batch failed: HTTP 429 for https://en.wikipedia.org/w/api.php?action=query&format=json&origin=*&titles=Ba%27zhu%7CBan%27Ti%7CBara+%28Mikan%29%7CBarclo%7CBarriss+Offee%27s+starship%7CBarry%7CBarun%7CBattle+of+Alamass%7CBattle+of+Anchoron%7CBattle+of+Ando+Prime%7CBattle+of+Antolus+I%7CBattle+of+Arbular&redirects=1&prop=extracts&explaintext=1&exintro=1&exlimit=max: You are making too many requests to the API.
Please follow the best practices at <https://www.mediawiki.org/wiki/Wikimedia_APIs/Rate_limits>.
If you are unsure how to get the access you need, contact 
  Wikipedia batch failed: HTTP 429 for https://en.wikipedia.org/w/api.php?action=query&format=json&origin=*&titles=Ba%27zhu%7CBan%27Ti%7CBara+%28Mikan%29%7CBarclo%7CBarriss+Offee%27s+starship%7CBarry%7CBarun%7CBattle+of+Alamass%7CBattle+of+Anchoron%7CBattle+of+Ando+Prime%7CBattle+of+Antolus+I%7CBattle+of+Arbular&redirects=1&prop=extracts&explaintext=1&exintro=1&exlimit=max: You are making too many requests to the API.
Please follow the best practices at <https://www.mediawiki.org/wiki/Wikimedia_APIs/Rate_limits>.
If you are unsure how to get the access you need, contact 
  Wikipedia batch failed: HTTP 429 for https://en.wikipedia.org/w/api.php?action=query&format=json&origin=*&titles=Battle+of+Arrochar%7CBattle+of+Bogoa%7CBattle+on+Covenanon%7CBea+%28female%29%7CBeebatee%7CBeeznusa%7CBels%7CBenchar%7CBernil%7CBig+Bantha+%28Galactic+Civil+War%29%7CBirrge%7CBlack+Widow&redirects=1&prop=extracts&explaintext=1&exintro=1&exlimit=max: You are making too many requests to the API.
Please follow the best practices at <https://www.mediawiki.org/wiki/Wikimedia_APIs/Rate_limits>.
If you are unsure how to get the access you need, contact 
  Wikipedia batch failed: HTTP 429 for https://en.wikipedia.org/w/api.php?action=query&format=json&origin=*&titles=Battle+of+Arrochar%7CBattle+of+Bogoa%7CBattle+on+Covenanon%7CBea+%28female%29%7CBeebatee%7CBeeznusa%7CBels%7CBenchar%7CBernil%7CBig+Bantha+%28Galactic+Civil+War%29%7CBirrge%7CBlack+Widow&redirects=1&prop=extracts&explaintext=1&exintro=1&exlimit=max: You are making too many requests to the API.
Please follow the best practices at <https://www.mediawiki.org/wiki/Wikimedia_APIs/Rate_limits>.
If you are unsure how to get the access you need, contact 
  Wikipedia batch failed: HTTP 429 for https://en.wikipedia.org/w/api.php?action=query&format=json&origin=*&titles=Blue+Five+%28Star+Squadron%29%7CBo%27kesh%7CBobbler%7CBondeeni%27s+cousin%7CBorrosel%7CBot%7CBrak%7CBu%7CBungo+Bung%27s+father%7CBurg+%28Gamorrean%29%7CCeel%7CCeremonial+Beskad+Blade&redirects=1&prop=extracts&explaintext=1&exintro=1&exlimit=max: You are making too many requests to the API.
Please follow the best practices at <https://www.mediawiki.org/wiki/Wikimedia_APIs/Rate_limits>.
If you are unsure how to get the access you need, contact 
  Wikipedia batch failed: HTTP 429 for https://en.wikipedia.org/w/api.php?action=query&format=json&origin=*&titles=Blue+Five+%28Star+Squadron%29%7CBo%27kesh%7CBobbler%7CBondeeni%27s+cousin%7CBorrosel%7CBot%7CBrak%7CBu%7CBungo+Bung%27s+father%7CBurg+%28Gamorrean%29%7CCeel%7CCeremonial+Beskad+Blade&redirects=1&prop=extracts&explaintext=1&exintro=1&exlimit=max: You are making too many requests to the API.
Please follow the best practices at <https://www.mediawiki.org/wiki/Wikimedia_APIs/Rate_limits>.
If you are unsure how to get the access you need, contact 
  Wikipedia batch failed: HTTP 429 for https://en.wikipedia.org/w/api.php?action=query&format=json&origin=*&titles=Blue+Five+%28Star+Squadron%29%7CBo%27kesh%7CBobbler%7CBondeeni%27s+cousin%7CBorrosel%7CBot%7CBrak%7CBu%7CBungo+Bung%27s+father%7CBurg+%28Gamorrean%29%7CCeel%7CCeremonial+Beskad+Blade&redirects=1&prop=extracts&explaintext=1&exintro=1&exlimit=max: You are making too many requests to the API.
Please follow the best practices at <https://www.mediawiki.org/wiki/Wikimedia_APIs/Rate_limits>.
If you are unsure how to get the access you need, contact 
  Wikipedia batch failed: HTTP 429 for https://en.wikipedia.org/w/api.php?action=query&format=json&origin=*&titles=Blue+Five+%28Star+Squadron%29%7CBo%27kesh%7CBobbler%7CBondeeni%27s+cousin%7CBorrosel%7CBot%7CBrak%7CBu%7CBungo+Bung%27s+father%7CBurg+%28Gamorrean%29%7CCeel%7CCeremonial+Beskad+Blade&redirects=1&prop=extracts&explaintext=1&exintro=1&exlimit=max: You are making too many requests to the API.
Please follow the best practices at <https://www.mediawiki.org/wiki/Wikimedia_APIs/Rate_limits>.
If you are unsure how to get the access you need, contact 
  Wikipedia batch failed: HTTP 429 for https://en.wikipedia.org/w/api.php?action=query&format=json&origin=*&titles=Cessi%7CCharge+Core%7CChuro+and+Dahara%27s+mother%7CChyvalle%7CColi+Carinth%7CComet+Runners%27+ship%7CCommittee+for+Historic+Preservation%7CComputerized+blackjack%7CControlled+descent%7CCorrida%7CCynestra%7CDC-15S+sidearm&redirects=1&prop=extracts&explaintext=1&exintro=1&exlimit=max: You are making too many requests to the API.
Please follow the best practices at <https://www.mediawiki.org/wiki/Wikimedia_APIs/Rate_limits>.
If you are unsure how to get the access you need, contact 
  Wikipedia batch failed: HTTP 429 for https://en.wikipedia.org/w/api.php?action=query&format=json&origin=*&titles=Cessi%7CCharge+Core%7CChuro+and+Dahara%27s+mother%7CChyvalle%7CColi+Carinth%7CComet+Runners%27+ship%7CCommittee+for+Historic+Preservation%7CComputerized+blackjack%7CControlled+descent%7CCorrida%7CCynestra%7CDC-15S+sidearm&redirects=1&prop=extracts&explaintext=1&exintro=1&exlimit=max: You are making too many requests to the API.
Please follow the best practices at <https://www.mediawiki.org/wiki/Wikimedia_APIs/Rate_limits>.
If you are unsure how to get the access you need, contact 
  Wikipedia batch failed: HTTP 429 for https://en.wikipedia.org/w/api.php?action=query&format=json&origin=*&titles=Malcor+Brashin%27s+daughter%7CMalcor+Brashin%27s+wife%7CMarso%27s+Demons%7CMatt+Talon%27s+homeworld%7CMattis+Banz%27s+father%7CMattis+Banz%27s+mother%7CMenrec%7CMerry+Maker%7CMonsolar%7CMorningstar+%28Geonosis%29%7CMother+Calrissian%7CNajeema+Boddee%27s+father&redirects=1&prop=extracts&explaintext=1&exintro=1&exlimit=max: You are making too many requests to the API.
Please follow the best practices at <https://www.mediawiki.org/wiki/Wikimedia_APIs/Rate_limits>.
If you are unsure how to get the access you need, contact 
  Wikipedia batch failed: HTTP 429 for https://en.wikipedia.org/w/api.php?action=query&format=json&origin=*&titles=Malcor+Brashin%27s+daughter%7CMalcor+Brashin%27s+wife%7CMarso%27s+Demons%7CMatt+Talon%27s+homeworld%7CMattis+Banz%27s+father%7CMattis+Banz%27s+mother%7CMenrec%7CMerry+Maker%7CMonsolar%7CMorningstar+%28Geonosis%29%7CMother+Calrissian%7CNajeema+Boddee%27s+father&redirects=1&prop=extracts&explaintext=1&exintro=1&exlimit=max: You are making too many requests to the API.
Please follow the best practices at <https://www.mediawiki.org/wiki/Wikimedia_APIs/Rate_limits>.
If you are unsure how to get the access you need, contact 
  Wikipedia batch failed: HTTP 429 for https://en.wikipedia.org/w/api.php?action=query&format=json&origin=*&titles=Malcor+Brashin%27s+daughter%7CMalcor+Brashin%27s+wife%7CMarso%27s+Demons%7CMatt+Talon%27s+homeworld%7CMattis+Banz%27s+father%7CMattis+Banz%27s+mother%7CMenrec%7CMerry+Maker%7CMonsolar%7CMorningstar+%28Geonosis%29%7CMother+Calrissian%7CNajeema+Boddee%27s+father&redirects=1&prop=extracts&explaintext=1&exintro=1&exlimit=max: You are making too many requests to the API.
Please follow the best practices at <https://www.mediawiki.org/wiki/Wikimedia_APIs/Rate_limits>.
If you are unsure how to get the access you need, contact 
  Wikipedia batch failed: HTTP 429 for https://en.wikipedia.org/w/api.php?action=query&format=json&origin=*&titles=Malcor+Brashin%27s+daughter%7CMalcor+Brashin%27s+wife%7CMarso%27s+Demons%7CMatt+Talon%27s+homeworld%7CMattis+Banz%27s+father%7CMattis+Banz%27s+mother%7CMenrec%7CMerry+Maker%7CMonsolar%7CMorningstar+%28Geonosis%29%7CMother+Calrissian%7CNajeema+Boddee%27s+father&redirects=1&prop=extracts&explaintext=1&exintro=1&exlimit=max: You are making too many requests to the API.
Please follow the best practices at <https://www.mediawiki.org/wiki/Wikimedia_APIs/Rate_limits>.
If you are unsure how to get the access you need, contact 
  Wikipedia batch failed: HTTP 429 for https://en.wikipedia.org/w/api.php?action=query&format=json&origin=*&titles=Najeema+Boddee%27s+mother%7CNeedlebeamer%7CNova+charge%7COdon+Anak%7COffice+of+the+Supervisor%7COpranko%7CParalyser+disc%7CPelicd%7CRaid+on+the+Descent+Shopping+Mall%7CRakanal%7CRapscallion%27s+Heart%7CRed+Moon+Revenge&redirects=1&prop=extracts&explaintext=1&exintro=1&exlimit=max: You are making too many requests to the API.
Please follow the best practices at <https://www.mediawiki.org/wiki/Wikimedia_APIs/Rate_limits>.
If you are unsure how to get the access you need, contact 
  Wikipedia batch failed: HTTP 429 for https://en.wikipedia.org/w/api.php?action=query&format=json&origin=*&titles=Redirection+crystal%7CRegasa+Elarec%27s+throneship%7CRemduba+II%7CReymet+Autem%27s+craft%7CRiot-control+smoke%7CRising+Star%7CRyley+Ancum%7CSajax+Astiax%7CSeddia+Chaan%7CSeismic+disruptor%7CS%C3%A9l%C3%A9ann%7CServo-guide&redirects=1&prop=extracts&explaintext=1&exintro=1&exlimit=max: You are making too many requests to the API.
Please follow the best practices at <https://www.mediawiki.org/wiki/Wikimedia_APIs/Rate_limits>.
If you are unsure how to get the access you need, contact 
  Wikipedia batch failed: HTTP 429 for https://en.wikipedia.org/w/api.php?action=query&format=json&origin=*&titles=Redirection+crystal%7CRegasa+Elarec%27s+throneship%7CRemduba+II%7CReymet+Autem%27s+craft%7CRiot-control+smoke%7CRising+Star%7CRyley+Ancum%7CSajax+Astiax%7CSeddia+Chaan%7CSeismic+disruptor%7CS%C3%A9l%C3%A9ann%7CServo-guide&redirects=1&prop=extracts&explaintext=1&exintro=1&exlimit=max: You are making too many requests to the API.
Please follow the best practices at <https://www.mediawiki.org/wiki/Wikimedia_APIs/Rate_limits>.
If you are unsure how to get the access you need, contact 
  Wikipedia batch failed: HTTP 429 for https://en.wikipedia.org/w/api.php?action=query&format=json&origin=*&titles=Redirection+crystal%7CRegasa+Elarec%27s+throneship%7CRemduba+II%7CReymet+Autem%27s+craft%7CRiot-control+smoke%7CRising+Star%7CRyley+Ancum%7CSajax+Astiax%7CSeddia+Chaan%7CSeismic+disruptor%7CS%C3%A9l%C3%A9ann%7CServo-guide&redirects=1&prop=extracts&explaintext=1&exintro=1&exlimit=max: You are making too many requests to the API.
Please follow the best practices at <https://www.mediawiki.org/wiki/Wikimedia_APIs/Rate_limits>.
If you are unsure how to get the access you need, contact 
  Wikipedia batch failed: HTTP 429 for https://en.wikipedia.org/w/api.php?action=query&format=json&origin=*&titles=Redirection+crystal%7CRegasa+Elarec%27s+throneship%7CRemduba+II%7CReymet+Autem%27s+craft%7CRiot-control+smoke%7CRising+Star%7CRyley+Ancum%7CSajax+Astiax%7CSeddia+Chaan%7CSeismic+disruptor%7CS%C3%A9l%C3%A9ann%7CServo-guide&redirects=1&prop=extracts&explaintext=1&exintro=1&exlimit=max: You are making too many requests to the API.
Please follow the best practices at <https://www.mediawiki.org/wiki/Wikimedia_APIs/Rate_limits>.
If you are unsure how to get the access you need, contact 
  Wikipedia batch failed: HTTP 429 for https://en.wikipedia.org/w/api.php?action=query&format=json&origin=*&titles=Skirmish+in+the+Corsair+Outback%7CSnee+homeworld%7CSonic+hammer%7CSooman+starship%7CSorn+Argos%7CSpin-dizzy%7CSpiral+Dancer%7CSporting+blaster%7CStar+Wars+Television%7CStar+Wars+Video+Games%7CSulen+Belos%7CSunstar-imbued+cannon&redirects=1&prop=extracts&explaintext=1&exintro=1&exlimit=max: You are making too many requests to the API.
Please follow the best practices at <https://www.mediawiki.org/wiki/Wikimedia_APIs/Rate_limits>.
If you are unsure how to get the access you need, contact 
  Wikipedia batch failed: HTTP 429 for https://en.wikipedia.org/w/api.php?action=query&format=json&origin=*&titles=Skirmish+in+the+Corsair+Outback%7CSnee+homeworld%7CSonic+hammer%7CSooman+starship%7CSorn+Argos%7CSpin-dizzy%7CSpiral+Dancer%7CSporting+blaster%7CStar+Wars+Television%7CStar+Wars+Video+Games%7CSulen+Belos%7CSunstar-imbued+cannon&redirects=1&prop=extracts&explaintext=1&exintro=1&exlimit=max: You are making too many requests to the API.
Please follow the best practices at <https://www.mediawiki.org/wiki/Wikimedia_APIs/Rate_limits>.
If you are unsure how to get the access you need, contact 
  Wikipedia batch failed: HTTP 429 for https://en.wikipedia.org/w/api.php?action=query&format=json&origin=*&titles=%22Quickdraw%22%7C%22Whisper%22%7C16%7C73+%28stormtrooper%29%7C761%7C915%7C9779%7CA-77+operation%7CA%27Deen%7CA%27lbaran%27s+father%7CA%27nang%7CA%27Yark%27s+oldest+son&redirects=1&prop=extracts&explaintext=1&exintro=1&exlimit=max: You are making too many requests to the API.
Please follow the best practices at <https://www.mediawiki.org/wiki/Wikimedia_APIs/Rate_limits>.
If you are unsure how to get the access you need, contact 
  Wikipedia batch failed: HTTP 429 for https://en.wikipedia.org/w/api.php?action=query&format=json&origin=*&titles=%22Quickdraw%22%7C%22Whisper%22%7C16%7C73+%28stormtrooper%29%7C761%7C915%7C9779%7CA-77+operation%7CA%27Deen%7CA%27lbaran%27s+father%7CA%27nang%7CA%27Yark%27s+oldest+son&redirects=1&prop=extracts&explaintext=1&exintro=1&exlimit=max: You are making too many requests to the API.
Please follow the best practices at <https://www.mediawiki.org/wiki/Wikimedia_APIs/Rate_limits>.
If you are unsure how to get the access you need, contact 
  Wikipedia batch failed: HTTP 429 for https://en.wikipedia.org/w/api.php?action=query&format=json&origin=*&titles=%22Quickdraw%22%7C%22Whisper%22%7C16%7C73+%28stormtrooper%29%7C761%7C915%7C9779%7CA-77+operation%7CA%27Deen%7CA%27lbaran%27s+father%7CA%27nang%7CA%27Yark%27s+oldest+son&redirects=1&prop=extracts&explaintext=1&exintro=1&exlimit=max: You are making too many requests to the API.
Please follow the best practices at <https://www.mediawiki.org/wiki/Wikimedia_APIs/Rate_limits>.
If you are unsure how to get the access you need, contact 
  Wikipedia batch failed: HTTP 429 for https://en.wikipedia.org/w/api.php?action=query&format=json&origin=*&titles=Ace+Azzameen%7CAce+Azzameen%27s+girlfriend%7CAchitan%7CAchonnko%7CAcquisitor%7CActivation+Energizer%7CActivation+Primer%7CActuator+Power+Feed%7CAdali%7CAdamek%7CAdder+Ain-la%7CAddi%27shon&redirects=1&prop=extracts&explaintext=1&exintro=1&exlimit=max: You are making too many requests to the API.
Please follow the best practices at <https://www.mediawiki.org/wiki/Wikimedia_APIs/Rate_limits>.
If you are unsure how to get the access you need, contact 
  Wikipedia batch failed: HTTP 429 for https://en.wikipedia.org/w/api.php?action=query&format=json&origin=*&titles=Ace+Azzameen%7CAce+Azzameen%27s+girlfriend%7CAchitan%7CAchonnko%7CAcquisitor%7CActivation+Energizer%7CActivation+Primer%7CActuator+Power+Feed%7CAdali%7CAdamek%7CAdder+Ain-la%7CAddi%27shon&redirects=1&prop=extracts&explaintext=1&exintro=1&exlimit=max: You are making too many requests to the API.
Please follow the best practices at <https://www.mediawiki.org/wiki/Wikimedia_APIs/Rate_limits>.
If you are unsure how to get the access you need, contact 
  Wikipedia batch failed: HTTP 429 for https://en.wikipedia.org/w/api.php?action=query&format=json&origin=*&titles=Ace+Azzameen%7CAce+Azzameen%27s+girlfriend%7CAchitan%7CAchonnko%7CAcquisitor%7CActivation+Energizer%7CActivation+Primer%7CActuator+Power+Feed%7CAdali%7CAdamek%7CAdder+Ain-la%7CAddi%27shon&redirects=1&prop=extracts&explaintext=1&exintro=1&exlimit=max: You are making too many requests to the API.
Please follow the best practices at <https://www.mediawiki.org/wiki/Wikimedia_APIs/Rate_limits>.
If you are unsure how to get the access you need, contact 
  Wikipedia batch failed: HTTP 429 for https://en.wikipedia.org/w/api.php?action=query&format=json&origin=*&titles=Ace+Azzameen%7CAce+Azzameen%27s+girlfriend%7CAchitan%7CAchonnko%7CAcquisitor%7CActivation+Energizer%7CActivation+Primer%7CActuator+Power+Feed%7CAdali%7CAdamek%7CAdder+Ain-la%7CAddi%27shon&redirects=1&prop=extracts&explaintext=1&exintro=1&exlimit=max: You are making too many requests to the API.
Please follow the best practices at <https://www.mediawiki.org/wiki/Wikimedia_APIs/Rate_limits>.
If you are unsure how to get the access you need, contact 
  Wikipedia batch failed: HTTP 429 for https://en.wikipedia.org/w/api.php?action=query&format=json&origin=*&titles=Adega+%28Jedi%29%7CAdela%7CAdelhard+coalition%7CAdem+Antin%7CAderat%7CAdiabatic+shield%7CAdon-larr%7CAdran+Blake%7CAdrialla%27s+mother%7CAdrona%7CAdun%7CAeios&redirects=1&prop=extracts&explaintext=1&exintro=1&exlimit=max: You are making too many requests to the API.
Please follow the best practices at <https://www.mediawiki.org/wiki/Wikimedia_APIs/Rate_limits>.
If you are unsure how to get the access you need, contact 
  Wikipedia batch failed: HTTP 429 for https://en.wikipedia.org/w/api.php?action=query&format=json&origin=*&titles=Adega+%28Jedi%29%7CAdela%7CAdelhard+coalition%7CAdem+Antin%7CAderat%7CAdiabatic+shield%7CAdon-larr%7CAdran+Blake%7CAdrialla%27s+mother%7CAdrona%7CAdun%7CAeios&redirects=1&prop=extracts&explaintext=1&exintro=1&exlimit=max: You are making too many requests to the API.
Please follow the best practices at <https://www.mediawiki.org/wiki/Wikimedia_APIs/Rate_limits>.
If you are unsure how to get the access you need, contact 
  Wikipedia batch failed: HTTP 429 for https://en.wikipedia.org/w/api.php?action=query&format=json&origin=*&titles=Adega+%28Jedi%29%7CAdela%7CAdelhard+coalition%7CAdem+Antin%7CAderat%7CAdiabatic+shield%7CAdon-larr%7CAdran+Blake%7CAdrialla%27s+mother%7CAdrona%7CAdun%7CAeios&redirects=1&prop=extracts&explaintext=1&exintro=1&exlimit=max: You are making too many requests to the API.
Please follow the best practices at <https://www.mediawiki.org/wiki/Wikimedia_APIs/Rate_limits>.
If you are unsure how to get the access you need, contact 
  Wikipedia batch failed: HTTP 429 for https://en.wikipedia.org/w/api.php?action=query&format=json&origin=*&titles=Adega+%28Jedi%29%7CAdela%7CAdelhard+coalition%7CAdem+Antin%7CAderat%7CAdiabatic+shield%7CAdon-larr%7CAdran+Blake%7CAdrialla%27s+mother%7CAdrona%7CAdun%7CAeios&redirects=1&prop=extracts&explaintext=1&exintro=1&exlimit=max: You are making too many requests to the API.
Please follow the best practices at <https://www.mediawiki.org/wiki/Wikimedia_APIs/Rate_limits>.
If you are unsure how to get the access you need, contact 
  Wikipedia batch failed: HTTP 429 for https://en.wikipedia.org/w/api.php?action=query&format=json&origin=*&titles=Amalak%7CAmamanam%7CAmanda%27s+Toy+II%7CAmara+%28Human%29%7CAmarith%7CAmasi%7CAmaya%7CAmber+Star%7CAmberson%7CAmbush+in+the+Coruscant+system%7CAmbush+on+Alderaan%7CAmbush+on+the+Atoan+crystal+planet&redirects=1&prop=extracts&explaintext=1&exintro=1&exlimit=max: You are making too many requests to the API.
Please follow the best practices at <https://www.mediawiki.org/wiki/Wikimedia_APIs/Rate_limits>.
If you are unsure how to get the access you need, contact 
  Wikipedia batch failed: HTTP 429 for https://en.wikipedia.org/w/api.php?action=query&format=json&origin=*&titles=Amalak%7CAmamanam%7CAmanda%27s+Toy+II%7CAmara+%28Human%29%7CAmarith%7CAmasi%7CAmaya%7CAmber+Star%7CAmberson%7CAmbush+in+the+Coruscant+system%7CAmbush+on+Alderaan%7CAmbush+on+the+Atoan+crystal+planet&redirects=1&prop=extracts&explaintext=1&exintro=1&exlimit=max: You are making too many requests to the API.
Please follow the best practices at <https://www.mediawiki.org/wiki/Wikimedia_APIs/Rate_limits>.
If you are unsure how to get the access you need, contact 
  Wikipedia batch failed: HTTP 429 for https://en.wikipedia.org/w/api.php?action=query&format=json&origin=*&titles=Arkiin+Smir%7CArkin+Bel%7CArkvis%7CArl%7CArl%27Toral%7CArljack%7CArluu%7CArmaruk%7CArmaruk%27s+son%7CArmatin%7CArmenauth%7CArming+Stud&redirects=1&prop=extracts&explaintext=1&exintro=1&exlimit=max: You are making too many requests to the API.
Please follow the best practices at <https://www.mediawiki.org/wiki/Wikimedia_APIs/Rate_limits>.
If you are unsure how to get the access you need, contact 
  Wikipedia batch failed: HTTP 429 for https://en.wikipedia.org/w/api.php?action=query&format=json&origin=*&titles=Arkiin+Smir%7CArkin+Bel%7CArkvis%7CArl%7CArl%27Toral%7CArljack%7CArluu%7CArmaruk%7CArmaruk%27s+son%7CArmatin%7CArmenauth%7CArming+Stud&redirects=1&prop=extracts&explaintext=1&exintro=1&exlimit=max: You are making too many requests to the API.
Please follow the best practices at <https://www.mediawiki.org/wiki/Wikimedia_APIs/Rate_limits>.
If you are unsure how to get the access you need, contact 
  Wikipedia batch failed: HTTP 429 for https://en.wikipedia.org/w/api.php?action=query&format=json&origin=*&titles=Bakk%7CBakko%7CBaksan%7CBalankin%7CBalaro%7CBalawan%7CBalcomb%7CBalder%7CBaldy%7CBalionn-Gur%7CBaljeet%7CBalluzikik&redirects=1&prop=extracts&explaintext=1&exintro=1&exlimit=max: You are making too many requests to the API.
Please follow the best practices at <https://www.mediawiki.org/wiki/Wikimedia_APIs/Rate_limits>.
If you are unsure how to get the access you need, contact 
  Wikipedia batch failed: HTTP 429 for https://en.wikipedia.org/w/api.php?action=query&format=json&origin=*&titles=Bakk%7CBakko%7CBaksan%7CBalankin%7CBalaro%7CBalawan%7CBalcomb%7CBalder%7CBaldy%7CBalionn-Gur%7CBaljeet%7CBalluzikik&redirects=1&prop=extracts&explaintext=1&exintro=1&exlimit=max: You are making too many requests to the API.
Please follow the best practices at <https://www.mediawiki.org/wiki/Wikimedia_APIs/Rate_limits>.
If you are unsure how to get the access you need, contact 
  Wikipedia batch failed: HTTP 429 for https://en.wikipedia.org/w/api.php?action=query&format=json&origin=*&titles=Balta%7CBaltain%7CBalunta%7CBams%7CBana+Besadii+Diori%7CBandit+Billie%7CBandit+purges%7CBandor+%28Moff%29%7CBangcap+%28Weequay%29%7CBanks+%28Rebel%29%7CBanley%7CBanlon&redirects=1&prop=extracts&explaintext=1&exintro=1&exlimit=max: You are making too many requests to the API.
Please follow the best practices at <https://www.mediawiki.org/wiki/Wikimedia_APIs/Rate_limits>.
If you are unsure how to get the access you need, contact 
  Wikipedia batch failed: HTTP 429 for https://en.wikipedia.org/w/api.php?action=query&format=json&origin=*&titles=Balta%7CBaltain%7CBalunta%7CBams%7CBana+Besadii+Diori%7CBandit+Billie%7CBandit+purges%7CBandor+%28Moff%29%7CBangcap+%28Weequay%29%7CBanks+%28Rebel%29%7CBanley%7CBanlon&redirects=1&prop=extracts&explaintext=1&exintro=1&exlimit=max: You are making too many requests to the API.
Please follow the best practices at <https://www.mediawiki.org/wiki/Wikimedia_APIs/Rate_limits>.
If you are unsure how to get the access you need, contact 
  Wikipedia batch failed: HTTP 429 for https://en.wikipedia.org/w/api.php?action=query&format=json&origin=*&titles=Balta%7CBaltain%7CBalunta%7CBams%7CBana+Besadii+Diori%7CBandit+Billie%7CBandit+purges%7CBandor+%28Moff%29%7CBangcap+%28Weequay%29%7CBanks+%28Rebel%29%7CBanley%7CBanlon&redirects=1&prop=extracts&explaintext=1&exintro=1&exlimit=max: You are making too many requests to the API.
Please follow the best practices at <https://www.mediawiki.org/wiki/Wikimedia_APIs/Rate_limits>.
If you are unsure how to get the access you need, contact 
  Wikipedia batch failed: HTTP 429 for https://en.wikipedia.org/w/api.php?action=query&format=json&origin=*&titles=Barel-Slathborn%7CBarev%7CBarg%27no+Atchapat%7CBarga%7CBarik%7CBarksy%7CBarnaby%7CBaro%7CBarraak%7CBarrange%7CBarrarrao%7CBarret&redirects=1&prop=extracts&explaintext=1&exintro=1&exlimit=max: You are making too many requests to the API.
Please follow the best practices at <https://www.mediawiki.org/wiki/Wikimedia_APIs/Rate_limits>.
If you are unsure how to get the access you need, contact 
  Wikipedia batch failed: HTTP 429 for https://en.wikipedia.org/w/api.php?action=query&format=json&origin=*&titles=Barel-Slathborn%7CBarev%7CBarg%27no+Atchapat%7CBarga%7CBarik%7CBarksy%7CBarnaby%7CBaro%7CBarraak%7CBarrange%7CBarrarrao%7CBarret&redirects=1&prop=extracts&explaintext=1&exintro=1&exlimit=max: You are making too many requests to the API.
Please follow the best practices at <https://www.mediawiki.org/wiki/Wikimedia_APIs/Rate_limits>.
If you are unsure how to get the access you need, contact 
  Wikipedia batch failed: HTTP 429 for https://en.wikipedia.org/w/api.php?action=query&format=json&origin=*&titles=Barel-Slathborn%7CBarev%7CBarg%27no+Atchapat%7CBarga%7CBarik%7CBarksy%7CBarnaby%7CBaro%7CBarraak%7CBarrange%7CBarrarrao%7CBarret&redirects=1&prop=extracts&explaintext=1&exintro=1&exlimit=max: You are making too many requests to the API.
Please follow the best practices at <https://www.mediawiki.org/wiki/Wikimedia_APIs/Rate_limits>.
If you are unsure how to get the access you need, contact 
  Wikipedia batch failed: HTTP 429 for https://en.wikipedia.org/w/api.php?action=query&format=json&origin=*&titles=Battle+of+the+Rood%7CBattle+of+Vulcusion%7CBattle+on+Aargonar%7CBattle+on+Arkax+Station%7CBattle+on+Baltro%7CBattle+on+Caliban%7CBattle+on+Coruscant%7CBattle+on+Daedus%7CBattle+on+Dakot+Seven%7CBattle+on+Tkoku+Island%7CBattle+over+Bri+Phrang%7CBattle+sense+%28ability%29&redirects=1&prop=extracts&explaintext=1&exintro=1&exlimit=max: You are making too many requests to the API.
Please follow the best practices at <https://www.mediawiki.org/wiki/Wikimedia_APIs/Rate_limits>.
If you are unsure how to get the access you need, contact 
  Wikipedia batch failed: HTTP 429 for https://en.wikipedia.org/w/api.php?action=query&format=json&origin=*&titles=Battle+of+the+Rood%7CBattle+of+Vulcusion%7CBattle+on+Aargonar%7CBattle+on+Arkax+Station%7CBattle+on+Baltro%7CBattle+on+Caliban%7CBattle+on+Coruscant%7CBattle+on+Daedus%7CBattle+on+Dakot+Seven%7CBattle+on+Tkoku+Island%7CBattle+over+Bri+Phrang%7CBattle+sense+%28ability%29&redirects=1&prop=extracts&explaintext=1&exintro=1&exlimit=max: You are making too many requests to the API.
Please follow the best practices at <https://www.mediawiki.org/wiki/Wikimedia_APIs/Rate_limits>.
If you are unsure how to get the access you need, contact 
  Wikipedia batch failed: HTTP 429 for https://en.wikipedia.org/w/api.php?action=query&format=json&origin=*&titles=Blaide%7CBlainekie%7CBlalock%7CBlanco%7CBlarnak%7CBlast+synchronizer%7CBlast+tube%7CBlast+Vector+Computer%7CBlaster+%28clone+trooper%29%7CBlaster+carbine%7CBlaster+gas+canister%7CBlaster+power+pack&redirects=1&prop=extracts&explaintext=1&exintro=1&exlimit=max: You are making too many requests to the API.
Please follow the best practices at <https://www.mediawiki.org/wiki/Wikimedia_APIs/Rate_limits>.
If you are unsure how to get the access you need, contact 
  Wikipedia batch failed: HTTP 429 for https://en.wikipedia.org/w/api.php?action=query&format=json&origin=*&titles=Blaide%7CBlainekie%7CBlalock%7CBlanco%7CBlarnak%7CBlast+synchronizer%7CBlast+tube%7CBlast+Vector+Computer%7CBlaster+%28clone+trooper%29%7CBlaster+carbine%7CBlaster+gas+canister%7CBlaster+power+pack&redirects=1&prop=extracts&explaintext=1&exintro=1&exlimit=max: You are making too many requests to the API.
Please follow the best practices at <https://www.mediawiki.org/wiki/Wikimedia_APIs/Rate_limits>.
If you are unsure how to get the access you need, contact 
  Wikipedia batch failed: HTTP 429 for https://en.wikipedia.org/w/api.php?action=query&format=json&origin=*&titles=Blaster+recirculator%7CBlath%7CBlatta%7CBlatto%7CBlearg%7CBleb-Blek%7CBlevon%7CBley-San%7CBli%27Mora%7CBlight+Matrix%7CBlinker%7CBlithane&redirects=1&prop=extracts&explaintext=1&exintro=1&exlimit=max: You are making too many requests to the API.
Please follow the best practices at <https://www.mediawiki.org/wiki/Wikimedia_APIs/Rate_limits>.
If you are unsure how to get the access you need, contact 
  Wikipedia batch failed: HTTP 429 for https://en.wikipedia.org/w/api.php?action=query&format=json&origin=*&titles=Blaster+recirculator%7CBlath%7CBlatta%7CBlatto%7CBlearg%7CBleb-Blek%7CBlevon%7CBley-San%7CBli%27Mora%7CBlight+Matrix%7CBlinker%7CBlithane&redirects=1&prop=extracts&explaintext=1&exintro=1&exlimit=max: You are making too many requests to the API.
Please follow the best practices at <https://www.mediawiki.org/wiki/Wikimedia_APIs/Rate_limits>.
If you are unsure how to get the access you need, contact 
  Wikipedia batch failed: HTTP 429 for https://en.wikipedia.org/w/api.php?action=query&format=json&origin=*&titles=Blaster+recirculator%7CBlath%7CBlatta%7CBlatto%7CBlearg%7CBleb-Blek%7CBlevon%7CBley-San%7CBli%27Mora%7CBlight+Matrix%7CBlinker%7CBlithane&redirects=1&prop=extracts&explaintext=1&exintro=1&exlimit=max: You are making too many requests to the API.
Please follow the best practices at <https://www.mediawiki.org/wiki/Wikimedia_APIs/Rate_limits>.
If you are unsure how to get the access you need, contact 
  Wikipedia batch failed: HTTP 429 for https://en.wikipedia.org/w/api.php?action=query&format=json&origin=*&titles=Blaster+recirculator%7CBlath%7CBlatta%7CBlatto%7CBlearg%7CBleb-Blek%7CBlevon%7CBley-San%7CBli%27Mora%7CBlight+Matrix%7CBlinker%7CBlithane&redirects=1&prop=extracts&explaintext=1&exintro=1&exlimit=max: You are making too many requests to the API.
Please follow the best practices at <https://www.mediawiki.org/wiki/Wikimedia_APIs/Rate_limits>.
If you are unsure how to get the access you need, contact 
  Wikipedia batch failed: HTTP 429 for https://en.wikipedia.org/w/api.php?action=query&format=json&origin=*&titles=Blleen%7CBloch%7CBlockade+Bandit%7CBlockade+of+the+Cularin+system%7CBlockade+on+Bri-Phrang+City%7CBlood+Sacrifice%7CBloodfin+Hellions%7CBloodhammer%7CBloodhound+%28Togruta%29%7CBloodshot+Rancor%7CBloodworthy%7CBlook&redirects=1&prop=extracts&explaintext=1&exintro=1&exlimit=max: <!DOCTYPE html>
<html lang="en">
<meta charset="utf-8">
<title>Wikimedia Error</title>
<style>
* { margin: 0; padding: 0; }
body { background: #fff; font: 15px/1.6 sans-serif; color: #333; }
.content 
  Wikipedia batch failed: HTTP 429 for https://en.wikipedia.org/w/api.php?action=query&format=json&origin=*&titles=Blleen%7CBloch%7CBlockade+Bandit%7CBlockade+of+the+Cularin+system%7CBlockade+on+Bri-Phrang+City%7CBlood+Sacrifice%7CBloodfin+Hellions%7CBloodhammer%7CBloodhound+%28Togruta%29%7CBloodshot+Rancor%7CBloodworthy%7CBlook&redirects=1&prop=extracts&explaintext=1&exintro=1&exlimit=max: You are making too many requests to the API.
Please follow the best practices at <https://www.mediawiki.org/wiki/Wikimedia_APIs/Rate_limits>.
If you are unsure how to get the access you need, contact 
  Wikipedia batch failed: HTTP 429 for https://en.wikipedia.org/w/api.php?action=query&format=json&origin=*&titles=Blleen%7CBloch%7CBlockade+Bandit%7CBlockade+of+the+Cularin+system%7CBlockade+on+Bri-Phrang+City%7CBlood+Sacrifice%7CBloodfin+Hellions%7CBloodhammer%7CBloodhound+%28Togruta%29%7CBloodshot+Rancor%7CBloodworthy%7CBlook&redirects=1&prop=extracts&explaintext=1&exintro=1&exlimit=max: You are making too many requests to the API.
Please follow the best practices at <https://www.mediawiki.org/wiki/Wikimedia_APIs/Rate_limits>.
If you are unsure how to get the access you need, contact 
  Wikipedia batch failed: HTTP 429 for https://en.wikipedia.org/w/api.php?action=query&format=json&origin=*&titles=Bower%7CBozzie+%28spirit%29%7CBraan%7CBrabe%7CBracca+Invasion%7CBracco%7CBrakar%7CBrakka%7CBrakka+Barakas%7CBrana%7CBranak%7CBrandis+%28agent%29&redirects=1&prop=extracts&explaintext=1&exintro=1&exlimit=max: You are making too many requests to the API.
Please follow the best practices at <https://www.mediawiki.org/wiki/Wikimedia_APIs/Rate_limits>.
If you are unsure how to get the access you need, contact 
  Wikipedia batch failed: HTTP 429 for https://en.wikipedia.org/w/api.php?action=query&format=json&origin=*&titles=Bower%7CBozzie+%28spirit%29%7CBraan%7CBrabe%7CBracca+Invasion%7CBracco%7CBrakar%7CBrakka%7CBrakka+Barakas%7CBrana%7CBranak%7CBrandis+%28agent%29&redirects=1&prop=extracts&explaintext=1&exintro=1&exlimit=max: You are making too many requests to the API.
Please follow the best practices at <https://www.mediawiki.org/wiki/Wikimedia_APIs/Rate_limits>.
If you are unsure how to get the access you need, contact 
  Wikipedia batch failed: HTTP 429 for https://en.wikipedia.org/w/api.php?action=query&format=json&origin=*&titles=Bower%7CBozzie+%28spirit%29%7CBraan%7CBrabe%7CBracca+Invasion%7CBracco%7CBrakar%7CBrakka%7CBrakka+Barakas%7CBrana%7CBranak%7CBrandis+%28agent%29&redirects=1&prop=extracts&explaintext=1&exintro=1&exlimit=max: You are making too many requests to the API.
Please follow the best practices at <https://www.mediawiki.org/wiki/Wikimedia_APIs/Rate_limits>.
If you are unsure how to get the access you need, contact 
  Wikipedia batch failed: HTTP 429 for https://en.wikipedia.org/w/api.php?action=query&format=json&origin=*&titles=Bower%7CBozzie+%28spirit%29%7CBraan%7CBrabe%7CBracca+Invasion%7CBracco%7CBrakar%7CBrakka%7CBrakka+Barakas%7CBrana%7CBranak%7CBrandis+%28agent%29&redirects=1&prop=extracts&explaintext=1&exintro=1&exlimit=max: You are making too many requests to the API.
Please follow the best practices at <https://www.mediawiki.org/wiki/Wikimedia_APIs/Rate_limits>.
If you are unsure how to get the access you need, contact 
  Wikipedia batch failed: HTTP 429 for https://en.wikipedia.org/w/api.php?action=query&format=json&origin=*&titles=Branger%7CBranthon%7CBrauken%7CBravedawn%7CBrawg%7CBrawg%27s+father%7CBrawl+in+the+Black+Hole%7CBraxx%7CBraygh%7CBraynor%7CBrayso%7CBraze+%28individual%29&redirects=1&prop=extracts&explaintext=1&exintro=1&exlimit=max: You are making too many requests to the API.
Please follow the best practices at <https://www.mediawiki.org/wiki/Wikimedia_APIs/Rate_limits>.
If you are unsure how to get the access you need, contact 
  Wikipedia batch failed: HTTP 429 for https://en.wikipedia.org/w/api.php?action=query&format=json&origin=*&titles=Branger%7CBranthon%7CBrauken%7CBravedawn%7CBrawg%7CBrawg%27s+father%7CBrawl+in+the+Black+Hole%7CBraxx%7CBraygh%7CBraynor%7CBrayso%7CBraze+%28individual%29&redirects=1&prop=extracts&explaintext=1&exintro=1&exlimit=max: You are making too many requests to the API.
Please follow the best practices at <https://www.mediawiki.org/wiki/Wikimedia_APIs/Rate_limits>.
If you are unsure how to get the access you need, contact 
  Wikipedia batch failed: HTTP 429 for https://en.wikipedia.org/w/api.php?action=query&format=json&origin=*&titles=Branger%7CBranthon%7CBrauken%7CBravedawn%7CBrawg%7CBrawg%27s+father%7CBrawl+in+the+Black+Hole%7CBraxx%7CBraygh%7CBraynor%7CBrayso%7CBraze+%28individual%29&redirects=1&prop=extracts&explaintext=1&exintro=1&exlimit=max: You are making too many requests to the API.
Please follow the best practices at <https://www.mediawiki.org/wiki/Wikimedia_APIs/Rate_limits>.
If you are unsure how to get the access you need, contact 
  Wikipedia batch failed: HTTP 429 for https://en.wikipedia.org/w/api.php?action=query&format=json&origin=*&titles=Branger%7CBranthon%7CBrauken%7CBravedawn%7CBrawg%7CBrawg%27s+father%7CBrawl+in+the+Black+Hole%7CBraxx%7CBraygh%7CBraynor%7CBrayso%7CBraze+%28individual%29&redirects=1&prop=extracts&explaintext=1&exintro=1&exlimit=max: You are making too many requests to the API.
Please follow the best practices at <https://www.mediawiki.org/wiki/Wikimedia_APIs/Rate_limits>.
If you are unsure how to get the access you need, contact 
  Wikipedia batch failed: HTTP 429 for https://en.wikipedia.org/w/api.php?action=query&format=json&origin=*&titles=Brazz%7CBrazzer%7CBreakman%7CBreathe+My+Jets%7CBregan%7CBregless%7CBregor%7CBreha+%28The+Star+Wars%29%7CBrek%7CBrektate%7CBrel%7CBrelshen&redirects=1&prop=extracts&explaintext=1&exintro=1&exlimit=max: You are making too many requests to the API.
Please follow the best practices at <https://www.mediawiki.org/wiki/Wikimedia_APIs/Rate_limits>.
If you are unsure how to get the access you need, contact 
  Wikipedia batch failed: HTTP 429 for https://en.wikipedia.org/w/api.php?action=query&format=json&origin=*&titles=Brazz%7CBrazzer%7CBreakman%7CBreathe+My+Jets%7CBregan%7CBregless%7CBregor%7CBreha+%28The+Star+Wars%29%7CBrek%7CBrektate%7CBrel%7CBrelshen&redirects=1&prop=extracts&explaintext=1&exintro=1&exlimit=max: You are making too many requests to the API.
Please follow the best practices at <https://www.mediawiki.org/wiki/Wikimedia_APIs/Rate_limits>.
If you are unsure how to get the access you need, contact 
  Wikipedia batch failed: HTTP 429 for https://en.wikipedia.org/w/api.php?action=query&format=json&origin=*&titles=Brazz%7CBrazzer%7CBreakman%7CBreathe+My+Jets%7CBregan%7CBregless%7CBregor%7CBreha+%28The+Star+Wars%29%7CBrek%7CBrektate%7CBrel%7CBrelshen&redirects=1&prop=extracts&explaintext=1&exintro=1&exlimit=max: You are making too many requests to the API.
Please follow the best practices at <https://www.mediawiki.org/wiki/Wikimedia_APIs/Rate_limits>.
If you are unsure how to get the access you need, contact 
  Wikipedia batch failed: HTTP 429 for https://en.wikipedia.org/w/api.php?action=query&format=json&origin=*&titles=Brazz%7CBrazzer%7CBreakman%7CBreathe+My+Jets%7CBregan%7CBregless%7CBregor%7CBreha+%28The+Star+Wars%29%7CBrek%7CBrektate%7CBrel%7CBrelshen&redirects=1&prop=extracts&explaintext=1&exintro=1&exlimit=max: You are making too many requests to the API.
Please follow the best practices at <https://www.mediawiki.org/wiki/Wikimedia_APIs/Rate_limits>.
If you are unsure how to get the access you need, contact 
  Wikipedia batch failed: HTTP 429 for https://en.wikipedia.org/w/api.php?action=query&format=json&origin=*&titles=Bren+%28SIS%29%7CBrenak%7CBrenkris+Anen%7CBrennar%7CBrento%7CBrev%7CBrick+%28pilot%29%7CBriera%7CBriessen%7CBriff+%28bounty+hunter%29%7CBriggs+%28stormtrooper%29%7CBright+Eye&redirects=1&prop=extracts&explaintext=1&exintro=1&exlimit=max: You are making too many requests to the API.
Please follow the best practices at <https://www.mediawiki.org/wiki/Wikimedia_APIs/Rate_limits>.
If you are unsure how to get the access you need, contact 
  Wikipedia batch failed: HTTP 429 for https://en.wikipedia.org/w/api.php?action=query&format=json&origin=*&titles=Bren+%28SIS%29%7CBrenak%7CBrenkris+Anen%7CBrennar%7CBrento%7CBrev%7CBrick+%28pilot%29%7CBriera%7CBriessen%7CBriff+%28bounty+hunter%29%7CBriggs+%28stormtrooper%29%7CBright+Eye&redirects=1&prop=extracts&explaintext=1&exintro=1&exlimit=max: You are making too many requests to the API.
Please follow the best practices at <https://www.mediawiki.org/wiki/Wikimedia_APIs/Rate_limits>.
If you are unsure how to get the access you need, contact 
  Wikipedia batch failed: HTTP 429 for https://en.wikipedia.org/w/api.php?action=query&format=json&origin=*&titles=Briike%7CBril%27nilim%7CBrilla+Wolstenholme%27s+father%7CBrilla+Wolstenholme%27s+mother%7CBrillstow%7CBrin%27shak%7CBrinn%7CBrinnie%7CBrinton%7CBrisch%7CBrisnell%7CBristow&redirects=1&prop=extracts&explaintext=1&exintro=1&exlimit=max: You are making too many requests to the API.
Please follow the best practices at <https://www.mediawiki.org/wiki/Wikimedia_APIs/Rate_limits>.
If you are unsure how to get the access you need, contact 
  Wikipedia batch failed: HTTP 429 for https://en.wikipedia.org/w/api.php?action=query&format=json&origin=*&titles=Brukarra%7CBrundle%7CBrunok%7CBrusela%7CBrushaun%7CBrute+%28Endor%29%7CBrute+%28Gungan%29%7CBryce+Agoris%7CBryn+Apice%7CBshrah-Ky-Ushsj%7CBuck+Vancto%27s+starship%7CBuford&redirects=1&prop=extracts&explaintext=1&exintro=1&exlimit=max: You are making too many requests to the API.
Please follow the best practices at <https://www.mediawiki.org/wiki/Wikimedia_APIs/Rate_limits>.
If you are unsure how to get the access you need, contact 
  Wikipedia batch failed: HTTP 429 for https://en.wikipedia.org/w/api.php?action=query&format=json&origin=*&titles=Brukarra%7CBrundle%7CBrunok%7CBrusela%7CBrushaun%7CBrute+%28Endor%29%7CBrute+%28Gungan%29%7CBryce+Agoris%7CBryn+Apice%7CBshrah-Ky-Ushsj%7CBuck+Vancto%27s+starship%7CBuford&redirects=1&prop=extracts&explaintext=1&exintro=1&exlimit=max: You are making too many requests to the API.
Please follow the best practices at <https://www.mediawiki.org/wiki/Wikimedia_APIs/Rate_limits>.
If you are unsure how to get the access you need, contact 
  Wikipedia batch failed: HTTP 429 for https://en.wikipedia.org/w/api.php?action=query&format=json&origin=*&titles=Brukarra%7CBrundle%7CBrunok%7CBrusela%7CBrushaun%7CBrute+%28Endor%29%7CBrute+%28Gungan%29%7CBryce+Agoris%7CBryn+Apice%7CBshrah-Ky-Ushsj%7CBuck+Vancto%27s+starship%7CBuford&redirects=1&prop=extracts&explaintext=1&exintro=1&exlimit=max: You are making too many requests to the API.
Please follow the best practices at <https://www.mediawiki.org/wiki/Wikimedia_APIs/Rate_limits>.
If you are unsure how to get the access you need, contact 
  Wikipedia batch failed: HTTP 429 for https://en.wikipedia.org/w/api.php?action=query&format=json&origin=*&titles=Brukarra%7CBrundle%7CBrunok%7CBrusela%7CBrushaun%7CBrute+%28Endor%29%7CBrute+%28Gungan%29%7CBryce+Agoris%7CBryn+Apice%7CBshrah-Ky-Ushsj%7CBuck+Vancto%27s+starship%7CBuford&redirects=1&prop=extracts&explaintext=1&exintro=1&exlimit=max: You are making too many requests to the API.
Please follow the best practices at <https://www.mediawiki.org/wiki/Wikimedia_APIs/Rate_limits>.
If you are unsure how to get the access you need, contact 
  Wikipedia batch failed: HTTP 429 for https://en.wikipedia.org/w/api.php?action=query&format=json&origin=*&titles=Bug+%28S%C3%ADdi%29%7CBuggo%7CBular%7CBulger%7CBullba+Bari%7CBullkey%7CBullyak%7CBunt%7CBunurrut%7CBur%27lorr%7CBurlug%7CBurner&redirects=1&prop=extracts&explaintext=1&exintro=1&exlimit=max: You are making too many requests to the API.
Please follow the best practices at <https://www.mediawiki.org/wiki/Wikimedia_APIs/Rate_limits>.
If you are unsure how to get the access you need, contact 
  Wikipedia batch failed: HTTP 429 for https://en.wikipedia.org/w/api.php?action=query&format=json&origin=*&titles=Bug+%28S%C3%ADdi%29%7CBuggo%7CBular%7CBulger%7CBullba+Bari%7CBullkey%7CBullyak%7CBunt%7CBunurrut%7CBur%27lorr%7CBurlug%7CBurner&redirects=1&prop=extracts&explaintext=1&exintro=1&exlimit=max: You are making too many requests to the API.
Please follow the best practices at <https://www.mediawiki.org/wiki/Wikimedia_APIs/Rate_limits>.
If you are unsure how to get the access you need, contact 
  Wikipedia batch failed: HTTP 429 for https://en.wikipedia.org/w/api.php?action=query&format=json&origin=*&titles=Concussion+Cylinder%7CConducting+Rod%7CConductive+circuit%7CConflict+over+agriworlds%7CConfrontation+between+the+Aelos+and+the+Venturous%7CConil+Barje%7CConjure%7CConquest+of+Anx+Space%7CCooling+coil%7CCooling+compressor%7CCooling+Grid%7CCooling+Module&redirects=1&prop=extracts&explaintext=1&exintro=1&exlimit=max: You are making too many requests to the API.
Please follow the best practices at <https://www.mediawiki.org/wiki/Wikimedia_APIs/Rate_limits>.
If you are unsure how to get the access you need, contact 
  Wikipedia batch failed: HTTP 429 for https://en.wikipedia.org/w/api.php?action=query&format=json&origin=*&titles=Concussion+Cylinder%7CConducting+Rod%7CConductive+circuit%7CConflict+over+agriworlds%7CConfrontation+between+the+Aelos+and+the+Venturous%7CConil+Barje%7CConjure%7CConquest+of+Anx+Space%7CCooling+coil%7CCooling+compressor%7CCooling+Grid%7CCooling+Module&redirects=1&prop=extracts&explaintext=1&exintro=1&exlimit=max: You are making too many requests to the API.
Please follow the best practices at <https://www.mediawiki.org/wiki/Wikimedia_APIs/Rate_limits>.
If you are unsure how to get the access you need, contact 
  Wikipedia batch failed: HTTP 429 for https://en.wikipedia.org/w/api.php?action=query&format=json&origin=*&titles=Concussion+Cylinder%7CConducting+Rod%7CConductive+circuit%7CConflict+over+agriworlds%7CConfrontation+between+the+Aelos+and+the+Venturous%7CConil+Barje%7CConjure%7CConquest+of+Anx+Space%7CCooling+coil%7CCooling+compressor%7CCooling+Grid%7CCooling+Module&redirects=1&prop=extracts&explaintext=1&exintro=1&exlimit=max: You are making too many requests to the API.
Please follow the best practices at <https://www.mediawiki.org/wiki/Wikimedia_APIs/Rate_limits>.
If you are unsure how to get the access you need, contact 
  Wikipedia batch failed: HTTP 429 for https://en.wikipedia.org/w/api.php?action=query&format=json&origin=*&titles=Dugo+Bagy%7CDux+Akko%7CDuzay%7CDvorad%27s+ship%7CE%27Sar+G%27Go+B%27Kul%7CEcho+Horn%7CEddey+Be%27ray%7CEg%27ros+Akala%7CEkiya%27s+crew%7CElbren+BaChorin%7CElegos+A%27Kla%27s+mother%7CElio+Bonton&redirects=1&prop=extracts&explaintext=1&exintro=1&exlimit=max: You are making too many requests to the API.
Please follow the best practices at <https://www.mediawiki.org/wiki/Wikimedia_APIs/Rate_limits>.
If you are unsure how to get the access you need, contact 
  Wikipedia batch failed: HTTP 429 for https://en.wikipedia.org/w/api.php?action=query&format=json&origin=*&titles=Dugo+Bagy%7CDux+Akko%7CDuzay%7CDvorad%27s+ship%7CE%27Sar+G%27Go+B%27Kul%7CEcho+Horn%7CEddey+Be%27ray%7CEg%27ros+Akala%7CEkiya%27s+crew%7CElbren+BaChorin%7CElegos+A%27Kla%27s+mother%7CElio+Bonton&redirects=1&prop=extracts&explaintext=1&exintro=1&exlimit=max: You are making too many requests to the API.
Please follow the best practices at <https://www.mediawiki.org/wiki/Wikimedia_APIs/Rate_limits>.
If you are unsure how to get the access you need, contact 
  Wikipedia batch failed: HTTP 429 for https://en.wikipedia.org/w/api.php?action=query&format=json&origin=*&titles=Elliam+Baniora%7CElzza+Bysuun%7CEmitter+Setting+Adjust%7CEmoch+Akagarti%27s+daughter%7CEmoch+Akagarti%27s+wife%7CEnara+Massar%7CEncaasa+Bareesh%7CEnea+Arthyst%7CEnergy+Coupler%7CEnergy+Cycling+Coil%7CEnergy+overclock+setting%7CEnergy+Pulse+Retainer&redirects=1&prop=extracts&explaintext=1&exintro=1&exlimit=max: You are making too many requests to the API.
Please follow the best practices at <https://www.mediawiki.org/wiki/Wikimedia_APIs/Rate_limits>.
If you are unsure how to get the access you need, contact 
  Wikipedia batch failed: HTTP 429 for https://en.wikipedia.org/w/api.php?action=query&format=json&origin=*&titles=Elliam+Baniora%7CElzza+Bysuun%7CEmitter+Setting+Adjust%7CEmoch+Akagarti%27s+daughter%7CEmoch+Akagarti%27s+wife%7CEnara+Massar%7CEncaasa+Bareesh%7CEnea+Arthyst%7CEnergy+Coupler%7CEnergy+Cycling+Coil%7CEnergy+overclock+setting%7CEnergy+Pulse+Retainer&redirects=1&prop=extracts&explaintext=1&exintro=1&exlimit=max: You are making too many requests to the API.
Please follow the best practices at <https://www.mediawiki.org/wiki/Wikimedia_APIs/Rate_limits>.
If you are unsure how to get the access you need, contact 
  Wikipedia batch failed: HTTP 429 for https://en.wikipedia.org/w/api.php?action=query&format=json&origin=*&titles=Elliam+Baniora%7CElzza+Bysuun%7CEmitter+Setting+Adjust%7CEmoch+Akagarti%27s+daughter%7CEmoch+Akagarti%27s+wife%7CEnara+Massar%7CEncaasa+Bareesh%7CEnea+Arthyst%7CEnergy+Coupler%7CEnergy+Cycling+Coil%7CEnergy+overclock+setting%7CEnergy+Pulse+Retainer&redirects=1&prop=extracts&explaintext=1&exintro=1&exlimit=max: You are making too many requests to the API.
Please follow the best practices at <https://www.mediawiki.org/wiki/Wikimedia_APIs/Rate_limits>.
If you are unsure how to get the access you need, contact 
  Wikipedia batch failed: HTTP 429 for https://en.wikipedia.org/w/api.php?action=query&format=json&origin=*&titles=Elliam+Baniora%7CElzza+Bysuun%7CEmitter+Setting+Adjust%7CEmoch+Akagarti%27s+daughter%7CEmoch+Akagarti%27s+wife%7CEnara+Massar%7CEncaasa+Bareesh%7CEnea+Arthyst%7CEnergy+Coupler%7CEnergy+Cycling+Coil%7CEnergy+overclock+setting%7CEnergy+Pulse+Retainer&redirects=1&prop=extracts&explaintext=1&exintro=1&exlimit=max: You are making too many requests to the API.
Please follow the best practices at <https://www.mediawiki.org/wiki/Wikimedia_APIs/Rate_limits>.
If you are unsure how to get the access you need, contact 
  Wikipedia batch failed: HTTP 429 for https://en.wikipedia.org/w/api.php?action=query&format=json&origin=*&titles=Energy+spectrum+converter%7CEnergy+Storage+Chamber%7CEnni+Anni%7CEnton+Adelmaa%27j%7CErgeshui%7CErkas+Andrakles%7CErrant+Venture%7CEscape+from+Carida%7CEscape+of+Aul+Tarrus+Vishav%7CEsdras%7CEss+Al%7CEsseles+Space+Control&redirects=1&prop=extracts&explaintext=1&exintro=1&exlimit=max: You are making too many requests to the API.
Please follow the best practices at <https://www.mediawiki.org/wiki/Wikimedia_APIs/Rate_limits>.
If you are unsure how to get the access you need, contact 
  Wikipedia batch failed: HTTP 429 for https://en.wikipedia.org/w/api.php?action=query&format=json&origin=*&titles=Energy+spectrum+converter%7CEnergy+Storage+Chamber%7CEnni+Anni%7CEnton+Adelmaa%27j%7CErgeshui%7CErkas+Andrakles%7CErrant+Venture%7CEscape+from+Carida%7CEscape+of+Aul+Tarrus+Vishav%7CEsdras%7CEss+Al%7CEsseles+Space+Control&redirects=1&prop=extracts&explaintext=1&exintro=1&exlimit=max: You are making too many requests to the API.
Please follow the best practices at <https://www.mediawiki.org/wiki/Wikimedia_APIs/Rate_limits>.
If you are unsure how to get the access you need, contact 
  Wikipedia batch failed: HTTP 429 for https://en.wikipedia.org/w/api.php?action=query&format=json&origin=*&titles=Energy+spectrum+converter%7CEnergy+Storage+Chamber%7CEnni+Anni%7CEnton+Adelmaa%27j%7CErgeshui%7CErkas+Andrakles%7CErrant+Venture%7CEscape+from+Carida%7CEscape+of+Aul+Tarrus+Vishav%7CEsdras%7CEss+Al%7CEsseles+Space+Control&redirects=1&prop=extracts&explaintext=1&exintro=1&exlimit=max: You are making too many requests to the API.
Please follow the best practices at <https://www.mediawiki.org/wiki/Wikimedia_APIs/Rate_limits>.
If you are unsure how to get the access you need, contact 
  Wikipedia batch failed: HTTP 429 for https://en.wikipedia.org/w/api.php?action=query&format=json&origin=*&titles=Energy+spectrum+converter%7CEnergy+Storage+Chamber%7CEnni+Anni%7CEnton+Adelmaa%27j%7CErgeshui%7CErkas+Andrakles%7CErrant+Venture%7CEscape+from+Carida%7CEscape+of+Aul+Tarrus+Vishav%7CEsdras%7CEss+Al%7CEsseles+Space+Control&redirects=1&prop=extracts&explaintext=1&exintro=1&exlimit=max: You are making too many requests to the API.
Please follow the best practices at <https://www.mediawiki.org/wiki/Wikimedia_APIs/Rate_limits>.
If you are unsure how to get the access you need, contact 
  Wikipedia batch failed: HTTP 429 for https://en.wikipedia.org/w/api.php?action=query&format=json&origin=*&titles=Estalle+Balis%7CEstarvera%7CEstus%7CEvacuation+of+Andran%7CExigar%7CExo+%28planet%29%7CFa-Loh-Sui+%28corvette%29%7CFable+Astin%27s+father%7CFanrix%7CFarquil+Ban%27n%27s+ship%7CFatalists+of+Plootark+IX%7CFatality&redirects=1&prop=extracts&explaintext=1&exintro=1&exlimit=max: You are making too many requests to the API.
Please follow the best practices at <https://www.mediawiki.org/wiki/Wikimedia_APIs/Rate_limits>.
If you are unsure how to get the access you need, contact 
  Wikipedia batch failed: HTTP 429 for https://en.wikipedia.org/w/api.php?action=query&format=json&origin=*&titles=Estalle+Balis%7CEstarvera%7CEstus%7CEvacuation+of+Andran%7CExigar%7CExo+%28planet%29%7CFa-Loh-Sui+%28corvette%29%7CFable+Astin%27s+father%7CFanrix%7CFarquil+Ban%27n%27s+ship%7CFatalists+of+Plootark+IX%7CFatality&redirects=1&prop=extracts&explaintext=1&exintro=1&exlimit=max: You are making too many requests to the API.
Please follow the best practices at <https://www.mediawiki.org/wiki/Wikimedia_APIs/Rate_limits>.
If you are unsure how to get the access you need, contact 
  Wikipedia batch failed: HTTP 429 for https://en.wikipedia.org/w/api.php?action=query&format=json&origin=*&titles=Estalle+Balis%7CEstarvera%7CEstus%7CEvacuation+of+Andran%7CExigar%7CExo+%28planet%29%7CFa-Loh-Sui+%28corvette%29%7CFable+Astin%27s+father%7CFanrix%7CFarquil+Ban%27n%27s+ship%7CFatalists+of+Plootark+IX%7CFatality&redirects=1&prop=extracts&explaintext=1&exintro=1&exlimit=max: You are making too many requests to the API.
Please follow the best practices at <https://www.mediawiki.org/wiki/Wikimedia_APIs/Rate_limits>.
If you are unsure how to get the access you need, contact 
  Wikipedia batch failed: HTTP 429 for https://en.wikipedia.org/w/api.php?action=query&format=json&origin=*&titles=Estalle+Balis%7CEstarvera%7CEstus%7CEvacuation+of+Andran%7CExigar%7CExo+%28planet%29%7CFa-Loh-Sui+%28corvette%29%7CFable+Astin%27s+father%7CFanrix%7CFarquil+Ban%27n%27s+ship%7CFatalists+of+Plootark+IX%7CFatality&redirects=1&prop=extracts&explaintext=1&exintro=1&exlimit=max: You are making too many requests to the API.
Please follow the best practices at <https://www.mediawiki.org/wiki/Wikimedia_APIs/Rate_limits>.
If you are unsure how to get the access you need, contact 
  Wikipedia batch failed: HTTP 429 for https://en.wikipedia.org/w/api.php?action=query&format=json&origin=*&titles=FD-011+crossbow%7CFeedback+Array%7CFelicitations%7CFentis+Brach%7CFeras%7CFett+Club%7CFiber-chained+razorhat%7CFido+Blick%7CFight+on+Concordia%7CFiorah+Blys%7CFlaenella+Clines%7CFlaxum+Group&redirects=1&prop=extracts&explaintext=1&exintro=1&exlimit=max: You are making too many requests to the API.
Please follow the best practices at <https://www.mediawiki.org/wiki/Wikimedia_APIs/Rate_limits>.
If you are unsure how to get the access you need, contact 
  Wikipedia batch failed: HTTP 429 for https://en.wikipedia.org/w/api.php?action=query&format=json&origin=*&titles=FD-011+crossbow%7CFeedback+Array%7CFelicitations%7CFentis+Brach%7CFeras%7CFett+Club%7CFiber-chained+razorhat%7CFido+Blick%7CFight+on+Concordia%7CFiorah+Blys%7CFlaenella+Clines%7CFlaxum+Group&redirects=1&prop=extracts&explaintext=1&exintro=1&exlimit=max: You are making too many requests to the API.
Please follow the best practices at <https://www.mediawiki.org/wiki/Wikimedia_APIs/Rate_limits>.
If you are unsure how to get the access you need, contact 
  Wikipedia batch failed: HTTP 429 for https://en.wikipedia.org/w/api.php?action=query&format=json&origin=*&titles=FD-011+crossbow%7CFeedback+Array%7CFelicitations%7CFentis+Brach%7CFeras%7CFett+Club%7CFiber-chained+razorhat%7CFido+Blick%7CFight+on+Concordia%7CFiorah+Blys%7CFlaenella+Clines%7CFlaxum+Group&redirects=1&prop=extracts&explaintext=1&exintro=1&exlimit=max: You are making too many requests to the API.
Please follow the best practices at <https://www.mediawiki.org/wiki/Wikimedia_APIs/Rate_limits>.
If you are unsure how to get the access you need, contact 
  Wikipedia batch failed: HTTP 429 for https://en.wikipedia.org/w/api.php?action=query&format=json&origin=*&titles=Flensia%7CFlorx+Biggles%7CFogg+Alait%7CFoil%7CForan+Tutha+star+probe%7CForbidden+Acolytes%7CForce+Focus%7CForce+Illusion%7CForce+Orb%7CForce+scattering%7CForce+scribe%7CForce+Slow&redirects=1&prop=extracts&explaintext=1&exintro=1&exlimit=max: You are making too many requests to the API.
Please follow the best practices at <https://www.mediawiki.org/wiki/Wikimedia_APIs/Rate_limits>.
If you are unsure how to get the access you need, contact 
  Wikipedia batch failed: HTTP 429 for https://en.wikipedia.org/w/api.php?action=query&format=json&origin=*&titles=Flensia%7CFlorx+Biggles%7CFogg+Alait%7CFoil%7CForan+Tutha+star+probe%7CForbidden+Acolytes%7CForce+Focus%7CForce+Illusion%7CForce+Orb%7CForce+scattering%7CForce+scribe%7CForce+Slow&redirects=1&prop=extracts&explaintext=1&exintro=1&exlimit=max: You are making too many requests to the API.
Please follow the best practices at <https://www.mediawiki.org/wiki/Wikimedia_APIs/Rate_limits>.
If you are unsure how to get the access you need, contact 
  Wikipedia batch failed: HTTP 429 for https://en.wikipedia.org/w/api.php?action=query&format=json&origin=*&titles=HyCor+laser+repeater%7CHyper-lightspeed+weapon%7CHypernova%7CIce+image%7CIdriono%7CIliox+Argunn%7CIlith%27s+Group%7CImpact+hammer%7CInad%7CInaya%27s+ship%7CInduparan+Crown+Worlds%7CInfiltration+of+Bakuran+power+plant&redirects=1&prop=extracts&explaintext=1&exintro=1&exlimit=max: You are making too many requests to the API.
Please follow the best practices at <https://www.mediawiki.org/wiki/Wikimedia_APIs/Rate_limits>.
If you are unsure how to get the access you need, contact 
  Wikipedia batch failed: HTTP 429 for https://en.wikipedia.org/w/api.php?action=query&format=json&origin=*&titles=HyCor+laser+repeater%7CHyper-lightspeed+weapon%7CHypernova%7CIce+image%7CIdriono%7CIliox+Argunn%7CIlith%27s+Group%7CImpact+hammer%7CInad%7CInaya%27s+ship%7CInduparan+Crown+Worlds%7CInfiltration+of+Bakuran+power+plant&redirects=1&prop=extracts&explaintext=1&exintro=1&exlimit=max: You are making too many requests to the API.
Please follow the best practices at <https://www.mediawiki.org/wiki/Wikimedia_APIs/Rate_limits>.
If you are unsure how to get the access you need, contact 
  Wikipedia batch failed: HTTP 429 for https://en.wikipedia.org/w/api.php?action=query&format=json&origin=*&titles=HyCor+laser+repeater%7CHyper-lightspeed+weapon%7CHypernova%7CIce+image%7CIdriono%7CIliox+Argunn%7CIlith%27s+Group%7CImpact+hammer%7CInad%7CInaya%27s+ship%7CInduparan+Crown+Worlds%7CInfiltration+of+Bakuran+power+plant&redirects=1&prop=extracts&explaintext=1&exintro=1&exlimit=max: You are making too many requests to the API.
Please follow the best practices at <https://www.mediawiki.org/wiki/Wikimedia_APIs/Rate_limits>.
If you are unsure how to get the access you need, contact 
  Wikipedia batch failed: HTTP 429 for https://en.wikipedia.org/w/api.php?action=query&format=json&origin=*&titles=HyCor+laser+repeater%7CHyper-lightspeed+weapon%7CHypernova%7CIce+image%7CIdriono%7CIliox+Argunn%7CIlith%27s+Group%7CImpact+hammer%7CInad%7CInaya%27s+ship%7CInduparan+Crown+Worlds%7CInfiltration+of+Bakuran+power+plant&redirects=1&prop=extracts&explaintext=1&exintro=1&exlimit=max: You are making too many requests to the API.
Please follow the best practices at <https://www.mediawiki.org/wiki/Wikimedia_APIs/Rate_limits>.
If you are unsure how to get the access you need, contact 
  Wikipedia batch failed: HTTP 429 for https://en.wikipedia.org/w/api.php?action=query&format=json&origin=*&titles=Inglemenn+Barezz%7CInterrupter-template%7CInterstellar+Collections+Limited%7CInvasion+of+Caliban%7CInvictus%7CIon+generation%7CIon-prod+electro-bayonet%7CIotran+rifle-ax%7CItto+Bipsmik%7CIyana%7CJ%27doytzin+III%7CJ%27pai+Brek&redirects=1&prop=extracts&explaintext=1&exintro=1&exlimit=max: You are making too many requests to the API.
Please follow the best practices at <https://www.mediawiki.org/wiki/Wikimedia_APIs/Rate_limits>.
If you are unsure how to get the access you need, contact 
  Wikipedia batch failed: HTTP 429 for https://en.wikipedia.org/w/api.php?action=query&format=json&origin=*&titles=Inglemenn+Barezz%7CInterrupter-template%7CInterstellar+Collections+Limited%7CInvasion+of+Caliban%7CInvictus%7CIon+generation%7CIon-prod+electro-bayonet%7CIotran+rifle-ax%7CItto+Bipsmik%7CIyana%7CJ%27doytzin+III%7CJ%27pai+Brek&redirects=1&prop=extracts&explaintext=1&exintro=1&exlimit=max: You are making too many requests to the API.
Please follow the best practices at <https://www.mediawiki.org/wiki/Wikimedia_APIs/Rate_limits>.
If you are unsure how to get the access you need, contact 
  Wikipedia batch failed: HTTP 429 for https://en.wikipedia.org/w/api.php?action=query&format=json&origin=*&titles=Inglemenn+Barezz%7CInterrupter-template%7CInterstellar+Collections+Limited%7CInvasion+of+Caliban%7CInvictus%7CIon+generation%7CIon-prod+electro-bayonet%7CIotran+rifle-ax%7CItto+Bipsmik%7CIyana%7CJ%27doytzin+III%7CJ%27pai+Brek&redirects=1&prop=extracts&explaintext=1&exintro=1&exlimit=max: <!DOCTYPE html>
<html lang="en">
<meta charset="utf-8">
<title>Wikimedia Error</title>
<style>
* { margin: 0; padding: 0; }
body { background: #fff; font: 15px/1.6 sans-serif; color: #333; }
.content 
  Wikipedia batch failed: HTTP 429 for https://en.wikipedia.org/w/api.php?action=query&format=json&origin=*&titles=Inglemenn+Barezz%7CInterrupter-template%7CInterstellar+Collections+Limited%7CInvasion+of+Caliban%7CInvictus%7CIon+generation%7CIon-prod+electro-bayonet%7CIotran+rifle-ax%7CItto+Bipsmik%7CIyana%7CJ%27doytzin+III%7CJ%27pai+Brek&redirects=1&prop=extracts&explaintext=1&exintro=1&exlimit=max: You are making too many requests to the API.
Please follow the best practices at <https://www.mediawiki.org/wiki/Wikimedia_APIs/Rate_limits>.
If you are unsure how to get the access you need, contact 
  Wikipedia batch failed: HTTP 429 for https://en.wikipedia.org/w/api.php?action=query&format=json&origin=*&titles=Jaalib+Brandl%27s+mother%7CJaff+Basan%7CJah%27rr+Bahreegz%7CJailyn+Cirri%7CJak+Bremen%27s+daughter%7CJak+Bremen%27s+wife%7CJakob+Biddyn%7CJamb+Beetilles%7CJander+Bibbbi%7CJanstren+Brell%7CJanu+Blenn%7CJaren+Beniko&redirects=1&prop=extracts&explaintext=1&exintro=1&exlimit=max: You are making too many requests to the API.
Please follow the best practices at <https://www.mediawiki.org/wiki/Wikimedia_APIs/Rate_limits>.
If you are unsure how to get the access you need, contact 
  Wikipedia batch failed: HTTP 429 for https://en.wikipedia.org/w/api.php?action=query&format=json&origin=*&titles=Jaalib+Brandl%27s+mother%7CJaff+Basan%7CJah%27rr+Bahreegz%7CJailyn+Cirri%7CJak+Bremen%27s+daughter%7CJak+Bremen%27s+wife%7CJakob+Biddyn%7CJamb+Beetilles%7CJander+Bibbbi%7CJanstren+Brell%7CJanu+Blenn%7CJaren+Beniko&redirects=1&prop=extracts&explaintext=1&exintro=1&exlimit=max: You are making too many requests to the API.
Please follow the best practices at <https://www.mediawiki.org/wiki/Wikimedia_APIs/Rate_limits>.
If you are unsure how to get the access you need, contact 
  Wikipedia batch failed: HTTP 429 for https://en.wikipedia.org/w/api.php?action=query&format=json&origin=*&titles=Jaalib+Brandl%27s+mother%7CJaff+Basan%7CJah%27rr+Bahreegz%7CJailyn+Cirri%7CJak+Bremen%27s+daughter%7CJak+Bremen%27s+wife%7CJakob+Biddyn%7CJamb+Beetilles%7CJander+Bibbbi%7CJanstren+Brell%7CJanu+Blenn%7CJaren+Beniko&redirects=1&prop=extracts&explaintext=1&exintro=1&exlimit=max: You are making too many requests to the API.
Please follow the best practices at <https://www.mediawiki.org/wiki/Wikimedia_APIs/Rate_limits>.
If you are unsure how to get the access you need, contact 
  Wikipedia batch failed: HTTP 429 for https://en.wikipedia.org/w/api.php?action=query&format=json&origin=*&titles=Jaalib+Brandl%27s+mother%7CJaff+Basan%7CJah%27rr+Bahreegz%7CJailyn+Cirri%7CJak+Bremen%27s+daughter%7CJak+Bremen%27s+wife%7CJakob+Biddyn%7CJamb+Beetilles%7CJander+Bibbbi%7CJanstren+Brell%7CJanu+Blenn%7CJaren+Beniko&redirects=1&prop=extracts&explaintext=1&exintro=1&exlimit=max: You are making too many requests to the API.
Please follow the best practices at <https://www.mediawiki.org/wiki/Wikimedia_APIs/Rate_limits>.
If you are unsure how to get the access you need, contact 
  Wikipedia batch failed: HTTP 429 for https://en.wikipedia.org/w/api.php?action=query&format=json&origin=*&titles=Javul+Charn%27s+mother%7CJay-Jay+Bin%7CJefand+Ange%7CJennalyn+Bontraar%7CJeros+Antonos%7CJesko+Umarn%7CJesper+Altax%7CJicoln+Cadera%27s+wife%7CJin%27ha+starship%7CJith+Bavion%7CJod+Na+Nawood%27s+homeworld%7CJon+Arco&redirects=1&prop=extracts&explaintext=1&exintro=1&exlimit=max: You are making too many requests to the API.
Please follow the best practices at <https://www.mediawiki.org/wiki/Wikimedia_APIs/Rate_limits>.
If you are unsure how to get the access you need, contact 
  Wikipedia batch failed: HTTP 429 for https://en.wikipedia.org/w/api.php?action=query&format=json&origin=*&titles=Maid+of+Sentiile%7CMajzon%7CMakashi+Duelists%7CMalani+Bardok%7CMalastare+Hunting+Club%7CMaldran%7CMalorin%7CMalric+Blaene%7CMandora+Catabe%7CMardu+Avoa%7CMarga+Captison%7CMargani+Altis&redirects=1&prop=extracts&explaintext=1&exintro=1&exlimit=max: You are making too many requests to the API.
Please follow the best practices at <https://www.mediawiki.org/wiki/Wikimedia_APIs/Rate_limits>.
If you are unsure how to get the access you need, contact 
  Wikipedia batch failed: HTTP 429 for https://en.wikipedia.org/w/api.php?action=query&format=json&origin=*&titles=Maid+of+Sentiile%7CMajzon%7CMakashi+Duelists%7CMalani+Bardok%7CMalastare+Hunting+Club%7CMaldran%7CMalorin%7CMalric+Blaene%7CMandora+Catabe%7CMardu+Avoa%7CMarga+Captison%7CMargani+Altis&redirects=1&prop=extracts&explaintext=1&exintro=1&exlimit=max: You are making too many requests to the API.
Please follow the best practices at <https://www.mediawiki.org/wiki/Wikimedia_APIs/Rate_limits>.
If you are unsure how to get the access you need, contact 
  Wikipedia batch failed: HTTP 429 for https://en.wikipedia.org/w/api.php?action=query&format=json&origin=*&titles=Maid+of+Sentiile%7CMajzon%7CMakashi+Duelists%7CMalani+Bardok%7CMalastare+Hunting+Club%7CMaldran%7CMalorin%7CMalric+Blaene%7CMandora+Catabe%7CMardu+Avoa%7CMarga+Captison%7CMargani+Altis&redirects=1&prop=extracts&explaintext=1&exintro=1&exlimit=max: You are making too many requests to the API.
Please follow the best practices at <https://www.mediawiki.org/wiki/Wikimedia_APIs/Rate_limits>.
If you are unsure how to get the access you need, contact 
  Wikipedia batch failed: HTTP 429 for https://en.wikipedia.org/w/api.php?action=query&format=json&origin=*&titles=Maid+of+Sentiile%7CMajzon%7CMakashi+Duelists%7CMalani+Bardok%7CMalastare+Hunting+Club%7CMaldran%7CMalorin%7CMalric+Blaene%7CMandora+Catabe%7CMardu+Avoa%7CMarga+Captison%7CMargani+Altis&redirects=1&prop=extracts&explaintext=1&exintro=1&exlimit=max: You are making too many requests to the API.
Please follow the best practices at <https://www.mediawiki.org/wiki/Wikimedia_APIs/Rate_limits>.
If you are unsure how to get the access you need, contact 
  Wikipedia batch failed: HTTP 429 for https://en.wikipedia.org/w/api.php?action=query&format=json&origin=*&titles=Marin+Anke%7CMartha+Buntwhistle%7CMassacre+of+the+Amidalans%7CMassacre+on+Bogden+3%7CMathiren%7CMatilda+Carson%7CMaul%27s+cargo+ship%7CMCT+Nuurglat%7CMendel+Baudo%7CMerisee+Hope%7CMeritt+Col%7CMerno+Blask&redirects=1&prop=extracts&explaintext=1&exintro=1&exlimit=max: You are making too many requests to the API.
Please follow the best practices at <https://www.mediawiki.org/wiki/Wikimedia_APIs/Rate_limits>.
If you are unsure how to get the access you need, contact 
  Wikipedia batch failed: HTTP 429 for https://en.wikipedia.org/w/api.php?action=query&format=json&origin=*&titles=Marin+Anke%7CMartha+Buntwhistle%7CMassacre+of+the+Amidalans%7CMassacre+on+Bogden+3%7CMathiren%7CMatilda+Carson%7CMaul%27s+cargo+ship%7CMCT+Nuurglat%7CMendel+Baudo%7CMerisee+Hope%7CMeritt+Col%7CMerno+Blask&redirects=1&prop=extracts&explaintext=1&exintro=1&exlimit=max: You are making too many requests to the API.
Please follow the best practices at <https://www.mediawiki.org/wiki/Wikimedia_APIs/Rate_limits>.
If you are unsure how to get the access you need, contact 
  Wikipedia batch failed: HTTP 429 for https://en.wikipedia.org/w/api.php?action=query&format=json&origin=*&titles=Marin+Anke%7CMartha+Buntwhistle%7CMassacre+of+the+Amidalans%7CMassacre+on+Bogden+3%7CMathiren%7CMatilda+Carson%7CMaul%27s+cargo+ship%7CMCT+Nuurglat%7CMendel+Baudo%7CMerisee+Hope%7CMeritt+Col%7CMerno+Blask&redirects=1&prop=extracts&explaintext=1&exintro=1&exlimit=max: You are making too many requests to the API.
Please follow the best practices at <https://www.mediawiki.org/wiki/Wikimedia_APIs/Rate_limits>.
If you are unsure how to get the access you need, contact 
  Wikipedia batch failed: HTTP 429 for https://en.wikipedia.org/w/api.php?action=query&format=json&origin=*&titles=Marin+Anke%7CMartha+Buntwhistle%7CMassacre+of+the+Amidalans%7CMassacre+on+Bogden+3%7CMathiren%7CMatilda+Carson%7CMaul%27s+cargo+ship%7CMCT+Nuurglat%7CMendel+Baudo%7CMerisee+Hope%7CMeritt+Col%7CMerno+Blask&redirects=1&prop=extracts&explaintext=1&exintro=1&exlimit=max: You are making too many requests to the API.
Please follow the best practices at <https://www.mediawiki.org/wiki/Wikimedia_APIs/Rate_limits>.
If you are unsure how to get the access you need, contact 
  Wikipedia batch failed: HTTP 429 for https://en.wikipedia.org/w/api.php?action=query&format=json&origin=*&titles=Mesh+Burzon%7CMex+Briggam%7CMia+Celchu%7CMiagi+Baker%7CMilla+Brandes%7CMillennium+Fist%7CMilli+Bufflin%7CMimban+Cloudrider%7CMina+Bonteri%27s+husband%7CMind-touch%7CMining+safety+committee%7CMK.10+concussion+missile&redirects=1&prop=extracts&explaintext=1&exintro=1&exlimit=max: You are making too many requests to the API.
Please follow the best practices at <https://www.mediawiki.org/wiki/Wikimedia_APIs/Rate_limits>.
If you are unsure how to get the access you need, contact 
  Wikipedia batch failed: HTTP 429 for https://en.wikipedia.org/w/api.php?action=query&format=json&origin=*&titles=Mesh+Burzon%7CMex+Briggam%7CMia+Celchu%7CMiagi+Baker%7CMilla+Brandes%7CMillennium+Fist%7CMilli+Bufflin%7CMimban+Cloudrider%7CMina+Bonteri%27s+husband%7CMind-touch%7CMining+safety+committee%7CMK.10+concussion+missile&redirects=1&prop=extracts&explaintext=1&exintro=1&exlimit=max: You are making too many requests to the API.
Please follow the best practices at <https://www.mediawiki.org/wiki/Wikimedia_APIs/Rate_limits>.
If you are unsure how to get the access you need, contact 
  Wikipedia batch failed: HTTP 429 for https://en.wikipedia.org/w/api.php?action=query&format=json&origin=*&titles=Raid+on+Aaloth%7CRaid+on+Anchorhead%7CRaid+on+Baori+Minor%7CRaid+on+Comkin+V%7CRaid+on+Dantooine%7CRaid+on+The+Corner+Shop%7CRaid+on+the+Nematiec+Gang%27s+asteroid+base%7CRamalla+Ash%27yn%7CRamat+Cha%7CRampaging+Ranat%7CRandomizer%7CRanor&redirects=1&prop=extracts&explaintext=1&exintro=1&exlimit=max: You are making too many requests to the API.
Please follow the best practices at <https://www.mediawiki.org/wiki/Wikimedia_APIs/Rate_limits>.
If you are unsure how to get the access you need, contact 
  Wikipedia batch failed: HTTP 429 for https://en.wikipedia.org/w/api.php?action=query&format=json&origin=*&titles=Raid+on+Aaloth%7CRaid+on+Anchorhead%7CRaid+on+Baori+Minor%7CRaid+on+Comkin+V%7CRaid+on+Dantooine%7CRaid+on+The+Corner+Shop%7CRaid+on+the+Nematiec+Gang%27s+asteroid+base%7CRamalla+Ash%27yn%7CRamat+Cha%7CRampaging+Ranat%7CRandomizer%7CRanor&redirects=1&prop=extracts&explaintext=1&exintro=1&exlimit=max: You are making too many requests to the API.
Please follow the best practices at <https://www.mediawiki.org/wiki/Wikimedia_APIs/Rate_limits>.
If you are unsure how to get the access you need, contact 
  Wikipedia batch failed: HTTP 429 for https://en.wikipedia.org/w/api.php?action=query&format=json&origin=*&titles=Raid+on+Aaloth%7CRaid+on+Anchorhead%7CRaid+on+Baori+Minor%7CRaid+on+Comkin+V%7CRaid+on+Dantooine%7CRaid+on+The+Corner+Shop%7CRaid+on+the+Nematiec+Gang%27s+asteroid+base%7CRamalla+Ash%27yn%7CRamat+Cha%7CRampaging+Ranat%7CRandomizer%7CRanor&redirects=1&prop=extracts&explaintext=1&exintro=1&exlimit=max: You are making too many requests to the API.
Please follow the best practices at <https://www.mediawiki.org/wiki/Wikimedia_APIs/Rate_limits>.
If you are unsure how to get the access you need, contact 
  Wikipedia batch failed: HTTP 429 for https://en.wikipedia.org/w/api.php?action=query&format=json&origin=*&titles=Raid+on+Aaloth%7CRaid+on+Anchorhead%7CRaid+on+Baori+Minor%7CRaid+on+Comkin+V%7CRaid+on+Dantooine%7CRaid+on+The+Corner+Shop%7CRaid+on+the+Nematiec+Gang%27s+asteroid+base%7CRamalla+Ash%27yn%7CRamat+Cha%7CRampaging+Ranat%7CRandomizer%7CRanor&redirects=1&prop=extracts&explaintext=1&exintro=1&exlimit=max: You are making too many requests to the API.
Please follow the best practices at <https://www.mediawiki.org/wiki/Wikimedia_APIs/Rate_limits>.
If you are unsure how to get the access you need, contact 
  Wikipedia batch failed: HTTP 429 for https://en.wikipedia.org/w/api.php?action=query&format=json&origin=*&titles=Ransolm+Casterfo%27s+mother%7CRashal%7CRavenstar%7CRaxxus%7CRazorblade%7CRe-Bec+Arclarka%7CRebellion+on+Andelm+IV%7CReeko%7CRegistry+Office%7CReiyo+Barnes%7CRel+Acoi%7CRemora-one&redirects=1&prop=extracts&explaintext=1&exintro=1&exlimit=max: You are making too many requests to the API.
Please follow the best practices at <https://www.mediawiki.org/wiki/Wikimedia_APIs/Rate_limits>.
If you are unsure how to get the access you need, contact 
  Wikipedia batch failed: HTTP 429 for https://en.wikipedia.org/w/api.php?action=query&format=json&origin=*&titles=Ristal%7CRLH-1%7CRodas+Borgin%27s+father%7CRode+to+Ruin%7CRodrigo+Andrera%7CRokirex%7CRolan+%28Human%29%7CRolan+Aun%7CRomossobar%7CRond+Berrin%7CRoshal+Bek%7CRoviden+Belden&redirects=1&prop=extracts&explaintext=1&exintro=1&exlimit=max: You are making too many requests to the API.
Please follow the best practices at <https://www.mediawiki.org/wiki/Wikimedia_APIs/Rate_limits>.
If you are unsure how to get the access you need, contact 
  Wikipedia batch failed: HTTP 429 for https://en.wikipedia.org/w/api.php?action=query&format=json&origin=*&titles=Ristal%7CRLH-1%7CRodas+Borgin%27s+father%7CRode+to+Ruin%7CRodrigo+Andrera%7CRokirex%7CRolan+%28Human%29%7CRolan+Aun%7CRomossobar%7CRond+Berrin%7CRoshal+Bek%7CRoviden+Belden&redirects=1&prop=extracts&explaintext=1&exintro=1&exlimit=max: You are making too many requests to the API.
Please follow the best practices at <https://www.mediawiki.org/wiki/Wikimedia_APIs/Rate_limits>.
If you are unsure how to get the access you need, contact 
  Wikipedia batch failed: HTTP 429 for https://en.wikipedia.org/w/api.php?action=query&format=json&origin=*&titles=Ristal%7CRLH-1%7CRodas+Borgin%27s+father%7CRode+to+Ruin%7CRodrigo+Andrera%7CRokirex%7CRolan+%28Human%29%7CRolan+Aun%7CRomossobar%7CRond+Berrin%7CRoshal+Bek%7CRoviden+Belden&redirects=1&prop=extracts&explaintext=1&exintro=1&exlimit=max: You are making too many requests to the API.
Please follow the best practices at <https://www.mediawiki.org/wiki/Wikimedia_APIs/Rate_limits>.
If you are unsure how to get the access you need, contact 
  Wikipedia batch failed: HTTP 429 for https://en.wikipedia.org/w/api.php?action=query&format=json&origin=*&titles=Ristal%7CRLH-1%7CRodas+Borgin%27s+father%7CRode+to+Ruin%7CRodrigo+Andrera%7CRokirex%7CRolan+%28Human%29%7CRolan+Aun%7CRomossobar%7CRond+Berrin%7CRoshal+Bek%7CRoviden+Belden&redirects=1&prop=extracts&explaintext=1&exintro=1&exlimit=max: You are making too many requests to the API.
Please follow the best practices at <https://www.mediawiki.org/wiki/Wikimedia_APIs/Rate_limits>.
If you are unsure how to get the access you need, contact 
  Wikipedia batch failed: HTTP 429 for https://en.wikipedia.org/w/api.php?action=query&format=json&origin=*&titles=Rueful+Confession%7CRumil%7CRush+gas%7CRusso+Berlihat%7CRyn+Biggleston%7CRythani+Products+prototype%7CRywin%7CSabel+Axis+Corazon%7CSabi+Sabo+Acidy%7CSacking+of+Chandrila%7CSadiki+Blirr%7CSagoro+Autem%27s+father&redirects=1&prop=extracts&explaintext=1&exintro=1&exlimit=max: You are making too many requests to the API.
Please follow the best practices at <https://www.mediawiki.org/wiki/Wikimedia_APIs/Rate_limits>.
If you are unsure how to get the access you need, contact 
  Wikipedia batch failed: HTTP 429 for https://en.wikipedia.org/w/api.php?action=query&format=json&origin=*&titles=Rueful+Confession%7CRumil%7CRush+gas%7CRusso+Berlihat%7CRyn+Biggleston%7CRythani+Products+prototype%7CRywin%7CSabel+Axis+Corazon%7CSabi+Sabo+Acidy%7CSacking+of+Chandrila%7CSadiki+Blirr%7CSagoro+Autem%27s+father&redirects=1&prop=extracts&explaintext=1&exintro=1&exlimit=max: You are making too many requests to the API.
Please follow the best practices at <https://www.mediawiki.org/wiki/Wikimedia_APIs/Rate_limits>.
If you are unsure how to get the access you need, contact 
  Wikipedia batch failed: HTTP 429 for https://en.wikipedia.org/w/api.php?action=query&format=json&origin=*&titles=Rueful+Confession%7CRumil%7CRush+gas%7CRusso+Berlihat%7CRyn+Biggleston%7CRythani+Products+prototype%7CRywin%7CSabel+Axis+Corazon%7CSabi+Sabo+Acidy%7CSacking+of+Chandrila%7CSadiki+Blirr%7CSagoro+Autem%27s+father&redirects=1&prop=extracts&explaintext=1&exintro=1&exlimit=max: You are making too many requests to the API.
Please follow the best practices at <https://www.mediawiki.org/wiki/Wikimedia_APIs/Rate_limits>.
If you are unsure how to get the access you need, contact 
  Wikipedia batch failed: HTTP 429 for https://en.wikipedia.org/w/api.php?action=query&format=json&origin=*&titles=Seraph+Alde%7CSerraknife%7CSetar+Aldon%7CSettled+Worlds%7CShados%7CShadow+planet%7CShane+Brashoo%7CShara+Bey%27s+father%7CSharoleigh%7CShaw+Andeej%7CShaythin%7CSheath&redirects=1&prop=extracts&explaintext=1&exintro=1&exlimit=max: You are making too many requests to the API.
Please follow the best practices at <https://www.mediawiki.org/wiki/Wikimedia_APIs/Rate_limits>.
If you are unsure how to get the access you need, contact 
  Wikipedia batch failed: HTTP 429 for https://en.wikipedia.org/w/api.php?action=query&format=json&origin=*&titles=Seraph+Alde%7CSerraknife%7CSetar+Aldon%7CSettled+Worlds%7CShados%7CShadow+planet%7CShane+Brashoo%7CShara+Bey%27s+father%7CSharoleigh%7CShaw+Andeej%7CShaythin%7CSheath&redirects=1&prop=extracts&explaintext=1&exintro=1&exlimit=max: You are making too many requests to the API.
Please follow the best practices at <https://www.mediawiki.org/wiki/Wikimedia_APIs/Rate_limits>.
If you are unsure how to get the access you need, contact 
  Wikipedia batch failed: HTTP 429 for https://en.wikipedia.org/w/api.php?action=query&format=json&origin=*&titles=Seraph+Alde%7CSerraknife%7CSetar+Aldon%7CSettled+Worlds%7CShados%7CShadow+planet%7CShane+Brashoo%7CShara+Bey%27s+father%7CSharoleigh%7CShaw+Andeej%7CShaythin%7CSheath&redirects=1&prop=extracts&explaintext=1&exintro=1&exlimit=max: You are making too many requests to the API.
Please follow the best practices at <https://www.mediawiki.org/wiki/Wikimedia_APIs/Rate_limits>.
If you are unsure how to get the access you need, contact 
  Wikipedia batch failed: HTTP 429 for https://en.wikipedia.org/w/api.php?action=query&format=json&origin=*&titles=Seraph+Alde%7CSerraknife%7CSetar+Aldon%7CSettled+Worlds%7CShados%7CShadow+planet%7CShane+Brashoo%7CShara+Bey%27s+father%7CSharoleigh%7CShaw+Andeej%7CShaythin%7CSheath&redirects=1&prop=extracts&explaintext=1&exintro=1&exlimit=max: You are making too many requests to the API.
Please follow the best practices at <https://www.mediawiki.org/wiki/Wikimedia_APIs/Rate_limits>.
If you are unsure how to get the access you need, contact 
  Wikipedia batch failed: HTTP 429 for https://en.wikipedia.org/w/api.php?action=query&format=json&origin=*&titles=Shepprd+Barron%7CShi+Bata%27s+wife%7CShieldship+Nine%7CShingra%7CShiortuun+Syndicate%7CShock+stick%7CShon-Ju+%28technique%29%7CShooting+Star+%28Remmik+Kulavinar%27s+ship%29%7CShowdown+on+Corellia%7CShuttle+201-7%7CShuttle+37%7CSiege+of+Binquaros&redirects=1&prop=extracts&explaintext=1&exintro=1&exlimit=max: You are making too many requests to the API.
Please follow the best practices at <https://www.mediawiki.org/wiki/Wikimedia_APIs/Rate_limits>.
If you are unsure how to get the access you need, contact 
  Wikipedia batch failed: HTTP 429 for https://en.wikipedia.org/w/api.php?action=query&format=json&origin=*&titles=Shepprd+Barron%7CShi+Bata%27s+wife%7CShieldship+Nine%7CShingra%7CShiortuun+Syndicate%7CShock+stick%7CShon-Ju+%28technique%29%7CShooting+Star+%28Remmik+Kulavinar%27s+ship%29%7CShowdown+on+Corellia%7CShuttle+201-7%7CShuttle+37%7CSiege+of+Binquaros&redirects=1&prop=extracts&explaintext=1&exintro=1&exlimit=max: You are making too many requests to the API.
Please follow the best practices at <https://www.mediawiki.org/wiki/Wikimedia_APIs/Rate_limits>.
If you are unsure how to get the access you need, contact 
  Wikipedia batch failed: HTTP 429 for https://en.wikipedia.org/w/api.php?action=query&format=json&origin=*&titles=Shepprd+Barron%7CShi+Bata%27s+wife%7CShieldship+Nine%7CShingra%7CShiortuun+Syndicate%7CShock+stick%7CShon-Ju+%28technique%29%7CShooting+Star+%28Remmik+Kulavinar%27s+ship%29%7CShowdown+on+Corellia%7CShuttle+201-7%7CShuttle+37%7CSiege+of+Binquaros&redirects=1&prop=extracts&explaintext=1&exintro=1&exlimit=max: You are making too many requests to the API.
Please follow the best practices at <https://www.mediawiki.org/wiki/Wikimedia_APIs/Rate_limits>.
If you are unsure how to get the access you need, contact 
  Wikipedia batch failed: HTTP 429 for https://en.wikipedia.org/w/api.php?action=query&format=json&origin=*&titles=Shepprd+Barron%7CShi+Bata%27s+wife%7CShieldship+Nine%7CShingra%7CShiortuun+Syndicate%7CShock+stick%7CShon-Ju+%28technique%29%7CShooting+Star+%28Remmik+Kulavinar%27s+ship%29%7CShowdown+on+Corellia%7CShuttle+201-7%7CShuttle+37%7CSiege+of+Binquaros&redirects=1&prop=extracts&explaintext=1&exintro=1&exlimit=max: You are making too many requests to the API.
Please follow the best practices at <https://www.mediawiki.org/wiki/Wikimedia_APIs/Rate_limits>.
If you are unsure how to get the access you need, contact 
  Wikipedia batch failed: HTTP 429 for https://en.wikipedia.org/w/api.php?action=query&format=json&origin=*&titles=Tarasin+Dream%7CTarget+blaster%7CTargeting+Assistance+Mem-Stik%7CTarsis%27Krall%7CTash+Arranda%7CTavid+Ahkoeri%7CTavion+Alde%7CTe%27hahn%7CTeam+Crimson+Bolt%7CTechno-lord%7CTeeda%27s+Eyes%7CTeemen+Alton&redirects=1&prop=extracts&explaintext=1&exintro=1&exlimit=max: You are making too many requests to the API.
Please follow the best practices at <https://www.mediawiki.org/wiki/Wikimedia_APIs/Rate_limits>.
If you are unsure how to get the access you need, contact 
  Wikipedia batch failed: HTTP 429 for https://en.wikipedia.org/w/api.php?action=query&format=json&origin=*&titles=Tarasin+Dream%7CTarget+blaster%7CTargeting+Assistance+Mem-Stik%7CTarsis%27Krall%7CTash+Arranda%7CTavid+Ahkoeri%7CTavion+Alde%7CTe%27hahn%7CTeam+Crimson+Bolt%7CTechno-lord%7CTeeda%27s+Eyes%7CTeemen+Alton&redirects=1&prop=extracts&explaintext=1&exintro=1&exlimit=max: You are making too many requests to the API.
Please follow the best practices at <https://www.mediawiki.org/wiki/Wikimedia_APIs/Rate_limits>.
If you are unsure how to get the access you need, contact 
  Wikipedia batch failed: HTTP 429 for https://en.wikipedia.org/w/api.php?action=query&format=json&origin=*&titles=Tarasin+Dream%7CTarget+blaster%7CTargeting+Assistance+Mem-Stik%7CTarsis%27Krall%7CTash+Arranda%7CTavid+Ahkoeri%7CTavion+Alde%7CTe%27hahn%7CTeam+Crimson+Bolt%7CTechno-lord%7CTeeda%27s+Eyes%7CTeemen+Alton&redirects=1&prop=extracts&explaintext=1&exintro=1&exlimit=max: You are making too many requests to the API.
Please follow the best practices at <https://www.mediawiki.org/wiki/Wikimedia_APIs/Rate_limits>.
If you are unsure how to get the access you need, contact 
  Wikipedia batch failed: HTTP 429 for https://en.wikipedia.org/w/api.php?action=query&format=json&origin=*&titles=Tarasin+Dream%7CTarget+blaster%7CTargeting+Assistance+Mem-Stik%7CTarsis%27Krall%7CTash+Arranda%7CTavid+Ahkoeri%7CTavion+Alde%7CTe%27hahn%7CTeam+Crimson+Bolt%7CTechno-lord%7CTeeda%27s+Eyes%7CTeemen+Alton&redirects=1&prop=extracts&explaintext=1&exintro=1&exlimit=max: You are making too many requests to the API.
Please follow the best practices at <https://www.mediawiki.org/wiki/Wikimedia_APIs/Rate_limits>.
If you are unsure how to get the access you need, contact 
  Wikipedia batch failed: HTTP 429 for https://en.wikipedia.org/w/api.php?action=query&format=json&origin=*&titles=Tekla+Ansgar%7CTeklos%7CTekra+Point%7CTellion%7CTemesher%7CTempal+B%27uncho%7CTensor+weapon%7CTetso+Shopping+Worlds%7CTharan+Cedrax%27s+weapon+prototype%7CThe+Emperor%27s+Vision%7CThe+Giants%7CThe+Lucky+Find&redirects=1&prop=extracts&explaintext=1&exintro=1&exlimit=max: You are making too many requests to the API.
Please follow the best practices at <https://www.mediawiki.org/wiki/Wikimedia_APIs/Rate_limits>.
If you are unsure how to get the access you need, contact 
  Wikipedia batch failed: HTTP 429 for https://en.wikipedia.org/w/api.php?action=query&format=json&origin=*&titles=Unidentified+body+temperature+regulation+power%7CUnidentified+cheap+starship%7CUnidentified+Consular-class+cruiser+%28Rodia%29%7CUnidentified+craggy+planet%7CUnidentified+crashed+ship%7CUnidentified+Dark+Lord+2+%28Great+Temple%29%7CUnidentified+Dark+Lord+3+%28Great+Temple%29%7CUnidentified+Dark+Lord+4+%28Great+Temple%29%7CUnidentified+dig-rig+crew%7CUnidentified+Duros+Council+member%7CUnidentified+fishing+crew%7CUnidentified+Flarestar-class+attack+shuttle+%28Barb+Mentir%29&redirects=1&prop=extracts&explaintext=1&exintro=1&exlimit=max: You are making too many requests to the API.
Please follow the best practices at <https://www.mediawiki.org/wiki/Wikimedia_APIs/Rate_limits>.
If you are unsure how to get the access you need, contact 
  Wikipedia batch failed: HTTP 429 for https://en.wikipedia.org/w/api.php?action=query&format=json&origin=*&titles=Unidentified+body+temperature+regulation+power%7CUnidentified+cheap+starship%7CUnidentified+Consular-class+cruiser+%28Rodia%29%7CUnidentified+craggy+planet%7CUnidentified+crashed+ship%7CUnidentified+Dark+Lord+2+%28Great+Temple%29%7CUnidentified+Dark+Lord+3+%28Great+Temple%29%7CUnidentified+Dark+Lord+4+%28Great+Temple%29%7CUnidentified+dig-rig+crew%7CUnidentified+Duros+Council+member%7CUnidentified+fishing+crew%7CUnidentified+Flarestar-class+attack+shuttle+%28Barb+Mentir%29&redirects=1&prop=extracts&explaintext=1&exintro=1&exlimit=max: You are making too many requests to the API.
Please follow the best practices at <https://www.mediawiki.org/wiki/Wikimedia_APIs/Rate_limits>.
If you are unsure how to get the access you need, contact 
  Wikipedia batch failed: HTTP 429 for https://en.wikipedia.org/w/api.php?action=query&format=json&origin=*&titles=Unidentified+body+temperature+regulation+power%7CUnidentified+cheap+starship%7CUnidentified+Consular-class+cruiser+%28Rodia%29%7CUnidentified+craggy+planet%7CUnidentified+crashed+ship%7CUnidentified+Dark+Lord+2+%28Great+Temple%29%7CUnidentified+Dark+Lord+3+%28Great+Temple%29%7CUnidentified+Dark+Lord+4+%28Great+Temple%29%7CUnidentified+dig-rig+crew%7CUnidentified+Duros+Council+member%7CUnidentified+fishing+crew%7CUnidentified+Flarestar-class+attack+shuttle+%28Barb+Mentir%29&redirects=1&prop=extracts&explaintext=1&exintro=1&exlimit=max: You are making too many requests to the API.
Please follow the best practices at <https://www.mediawiki.org/wiki/Wikimedia_APIs/Rate_limits>.
If you are unsure how to get the access you need, contact 
  Wikipedia batch failed: HTTP 429 for https://en.wikipedia.org/w/api.php?action=query&format=json&origin=*&titles=Unidentified+body+temperature+regulation+power%7CUnidentified+cheap+starship%7CUnidentified+Consular-class+cruiser+%28Rodia%29%7CUnidentified+craggy+planet%7CUnidentified+crashed+ship%7CUnidentified+Dark+Lord+2+%28Great+Temple%29%7CUnidentified+Dark+Lord+3+%28Great+Temple%29%7CUnidentified+Dark+Lord+4+%28Great+Temple%29%7CUnidentified+dig-rig+crew%7CUnidentified+Duros+Council+member%7CUnidentified+fishing+crew%7CUnidentified+Flarestar-class+attack+shuttle+%28Barb+Mentir%29&redirects=1&prop=extracts&explaintext=1&exintro=1&exlimit=max: You are making too many requests to the API.
Please follow the best practices at <https://www.mediawiki.org/wiki/Wikimedia_APIs/Rate_limits>.
If you are unsure how to get the access you need, contact 
  Wikipedia batch failed: HTTP 429 for https://en.wikipedia.org/w/api.php?action=query&format=json&origin=*&titles=Unidentified+Force+cult%7CUnidentified+freighter+%28Eyrie+Base%29%7CUnidentified+Galleon+%28Baloch%29%7CUnidentified+glittering+dust%7CUnidentified+gold+spacecraft%7CUnidentified+green+planet%7CUnidentified+guild%7CUnidentified+HCT-2001+Dragonboat-class+freighter%7CUnidentified+human+Council+member+1%7CUnidentified+human+Council+member+2%7CUnidentified+Human+Jedi+1+%28Exar+Kun%29%7CUnidentified+Human+Jedi+2+%28Exar+Kun%29&redirects=1&prop=extracts&explaintext=1&exintro=1&exlimit=max: You are making too many requests to the API.
Please follow the best practices at <https://www.mediawiki.org/wiki/Wikimedia_APIs/Rate_limits>.
If you are unsure how to get the access you need, contact 
  Wikipedia batch failed: HTTP 429 for https://en.wikipedia.org/w/api.php?action=query&format=json&origin=*&titles=Unidentified+Force+cult%7CUnidentified+freighter+%28Eyrie+Base%29%7CUnidentified+Galleon+%28Baloch%29%7CUnidentified+glittering+dust%7CUnidentified+gold+spacecraft%7CUnidentified+green+planet%7CUnidentified+guild%7CUnidentified+HCT-2001+Dragonboat-class+freighter%7CUnidentified+human+Council+member+1%7CUnidentified+human+Council+member+2%7CUnidentified+Human+Jedi+1+%28Exar+Kun%29%7CUnidentified+Human+Jedi+2+%28Exar+Kun%29&redirects=1&prop=extracts&explaintext=1&exintro=1&exlimit=max: You are making too many requests to the API.
Please follow the best practices at <https://www.mediawiki.org/wiki/Wikimedia_APIs/Rate_limits>.
If you are unsure how to get the access you need, contact 
  Wikipedia batch failed: HTTP 429 for https://en.wikipedia.org/w/api.php?action=query&format=json&origin=*&titles=Unidentified+Force+cult%7CUnidentified+freighter+%28Eyrie+Base%29%7CUnidentified+Galleon+%28Baloch%29%7CUnidentified+glittering+dust%7CUnidentified+gold+spacecraft%7CUnidentified+green+planet%7CUnidentified+guild%7CUnidentified+HCT-2001+Dragonboat-class+freighter%7CUnidentified+human+Council+member+1%7CUnidentified+human+Council+member+2%7CUnidentified+Human+Jedi+1+%28Exar+Kun%29%7CUnidentified+Human+Jedi+2+%28Exar+Kun%29&redirects=1&prop=extracts&explaintext=1&exintro=1&exlimit=max: You are making too many requests to the API.
Please follow the best practices at <https://www.mediawiki.org/wiki/Wikimedia_APIs/Rate_limits>.
If you are unsure how to get the access you need, contact 
  Wikipedia batch failed: HTTP 429 for https://en.wikipedia.org/w/api.php?action=query&format=json&origin=*&titles=Unidentified+Force+cult%7CUnidentified+freighter+%28Eyrie+Base%29%7CUnidentified+Galleon+%28Baloch%29%7CUnidentified+glittering+dust%7CUnidentified+gold+spacecraft%7CUnidentified+green+planet%7CUnidentified+guild%7CUnidentified+HCT-2001+Dragonboat-class+freighter%7CUnidentified+human+Council+member+1%7CUnidentified+human+Council+member+2%7CUnidentified+Human+Jedi+1+%28Exar+Kun%29%7CUnidentified+Human+Jedi+2+%28Exar+Kun%29&redirects=1&prop=extracts&explaintext=1&exintro=1&exlimit=max: You are making too many requests to the API.
Please follow the best practices at <https://www.mediawiki.org/wiki/Wikimedia_APIs/Rate_limits>.
If you are unsure how to get the access you need, contact 
  Wikipedia batch failed: HTTP 429 for https://en.wikipedia.org/w/api.php?action=query&format=json&origin=*&titles=Vakkian+Wing%7CValiant+%28Victory-class%29%7CVallent+IX%7CValtava+sector+starship%7CVanity%27s+Price%7CVano+Baruk%7CVantsuri+Shia%7CVarcinius+Auction+and+Artifact+Collective%7CVarovia%7CVell+Brank%7CVeril+Acamma%7CVerls+Belami&redirects=1&prop=extracts&explaintext=1&exintro=1&exlimit=max: You are making too many requests to the API.
Please follow the best practices at <https://www.mediawiki.org/wiki/Wikimedia_APIs/Rate_limits>.
If you are unsure how to get the access you need, contact 
  Wikipedia batch failed: HTTP 429 for https://en.wikipedia.org/w/api.php?action=query&format=json&origin=*&titles=Vakkian+Wing%7CValiant+%28Victory-class%29%7CVallent+IX%7CValtava+sector+starship%7CVanity%27s+Price%7CVano+Baruk%7CVantsuri+Shia%7CVarcinius+Auction+and+Artifact+Collective%7CVarovia%7CVell+Brank%7CVeril+Acamma%7CVerls+Belami&redirects=1&prop=extracts&explaintext=1&exintro=1&exlimit=max: You are making too many requests to the API.
Please follow the best practices at <https://www.mediawiki.org/wiki/Wikimedia_APIs/Rate_limits>.
If you are unsure how to get the access you need, contact 
  Wikipedia batch failed: HTTP 429 for https://en.wikipedia.org/w/api.php?action=query&format=json&origin=*&titles=Gretta%7CIsaac%27s+Family%7CJack+%28The+Puppet+Carver%29%7CJeremiah+%28Prankster%29%7CKelsey%27s+Family%7CMatt%27s+Family%7CMott%27s+Family%7CMr.+Harrison%7CMrs.+Thompson%7CMs.+Bryant%7CMs.+Colter%7CPayton+Thompson&redirects=1&prop=extracts&explaintext=1&exintro=1&exlimit=max: You are making too many requests to the API.
Please follow the best practices at <https://www.mediawiki.org/wiki/Wikimedia_APIs/Rate_limits>.
If you are unsure how to get the access you need, contact 
  Wikipedia batch failed: HTTP 429 for https://en.wikipedia.org/w/api.php?action=query&format=json&origin=*&titles=Gretta%7CIsaac%27s+Family%7CJack+%28The+Puppet+Carver%29%7CJeremiah+%28Prankster%29%7CKelsey%27s+Family%7CMatt%27s+Family%7CMott%27s+Family%7CMr.+Harrison%7CMrs.+Thompson%7CMs.+Bryant%7CMs.+Colter%7CPayton+Thompson&redirects=1&prop=extracts&explaintext=1&exintro=1&exlimit=max: You are making too many requests to the API.
Please follow the best practices at <https://www.mediawiki.org/wiki/Wikimedia_APIs/Rate_limits>.
If you are unsure how to get the access you need, contact 
Error: UNKNOWN: unknown error, open 'C:\Users\tknvrs\tonolore\tonolore\scripts\subjects\five-nights-at-freddys\expanded.json'
    at Object.writeFileSync (node:fs:2422:20)
    at patchExpanded (C:\Users\tknvrs\tonolore\tonolore\scripts\maintenance\backfillRichDescriptions.js:194:8)
    at backfillSubject (C:\Users\tknvrs\tonolore\tonolore\scripts\maintenance\backfillRichDescriptions.js:536:9)
    at async main (C:\Users\tknvrs\tonolore\tonolore\scripts\maintenance\backfillRichDescriptions.js:585:27) {
  errno: -4094,
  code: 'UNKNOWN',
  syscall: 'open',
  path: 'C:\\Users\\tknvrs\\tonolore\\tonolore\\scripts\\subjects\\five-nights-at-freddys\\expanded.json'
}
