    skip category (HTTP 429 rate limited: https://en.wikipedia.org/w/api.php?format=json&action=query&list=categorymembers&cmtitle=Category)
    skip category (HTTP 429 rate limited: https://en.wikipedia.org/w/api.php?format=json&action=query&list=categorymembers&cmtitle=Category)
    skip category (HTTP 429 rate limited: https://en.wikipedia.org/w/api.php?format=json&action=query&list=categorymembers&cmtitle=Category)
    skip category (HTTP 429 rate limited: https://en.wikipedia.org/w/api.php?format=json&action=query&list=categorymembers&cmtitle=Category)
    skip category (HTTP 429 rate limited: https://en.wikipedia.org/w/api.php?format=json&action=query&list=categorymembers&cmtitle=Category)
    skip category (HTTP 429 rate limited: https://en.wikipedia.org/w/api.php?format=json&action=query&list=categorymembers&cmtitle=Category)
    skip category (HTTP 429 rate limited: https://en.wikipedia.org/w/api.php?format=json&action=query&list=categorymembers&cmtitle=Category)
    skip category (HTTP 429 rate limited: https://en.wikipedia.org/w/api.php?format=json&action=query&list=categorymembers&cmtitle=Category)
    skip category (HTTP 429 rate limited: https://en.wikipedia.org/w/api.php?format=json&action=query&list=categorymembers&cmtitle=Category)
    skip category (HTTP 429 rate limited: https://en.wikipedia.org/w/api.php?format=json&action=query&list=categorymembers&cmtitle=Category)
    skip category (HTTP 429 rate limited: https://en.wikipedia.org/w/api.php?format=json&action=query&list=categorymembers&cmtitle=Category)
    skip category (HTTP 429 rate limited: https://en.wikipedia.org/w/api.php?format=json&action=query&list=categorymembers&cmtitle=Category)
    skip category (HTTP 429 rate limited: https://en.wikipedia.org/w/api.php?format=json&action=query&list=categorymembers&cmtitle=Category)
    skip category (HTTP 429 rate limited: https://en.wikipedia.org/w/api.php?format=json&action=query&list=categorymembers&cmtitle=Category)
    skip category (HTTP 429 rate limited: https://en.wikipedia.org/w/api.php?format=json&action=query&list=categorymembers&cmtitle=Category)
    skip category (HTTP 429 rate limited: https://en.wikipedia.org/w/api.php?format=json&action=query&list=categorymembers&cmtitle=Category)
    skip category (HTTP 429 rate limited: https://en.wikipedia.org/w/api.php?format=json&action=query&list=categorymembers&cmtitle=Category)
    skip category (HTTP 429 rate limited: https://en.wikipedia.org/w/api.php?format=json&action=query&list=categorymembers&cmtitle=Category)
    skip category (HTTP 429 rate limited: https://en.wikipedia.org/w/api.php?format=json&action=query&list=categorymembers&cmtitle=Category)
    skip category (HTTP 429 rate limited: https://en.wikipedia.org/w/api.php?format=json&action=query&list=categorymembers&cmtitle=Category)
    skip category (HTTP 429 rate limited: https://en.wikipedia.org/w/api.php?format=json&action=query&list=categorymembers&cmtitle=Category)
    skip category (HTTP 429 rate limited: https://en.wikipedia.org/w/api.php?format=json&action=query&list=categorymembers&cmtitle=Category)
    skip category (HTTP 429 rate limited: https://en.wikipedia.org/w/api.php?format=json&action=query&list=categorymembers&cmtitle=Category)
    skip category (HTTP 429 rate limited: https://en.wikipedia.org/w/api.php?format=json&action=query&list=categorymembers&cmtitle=Category)
    skip category (HTTP 429 rate limited: https://en.wikipedia.org/w/api.php?format=json&action=query&list=categorymembers&cmtitle=Category)
    skip category (HTTP 429 rate limited: https://en.wikipedia.org/w/api.php?format=json&action=query&list=categorymembers&cmtitle=Category)
    skip category (HTTP 429 rate limited: https://en.wikipedia.org/w/api.php?format=json&action=query&list=categorymembers&cmtitle=Category)
    skip category (HTTP 429 rate limited: https://en.wikipedia.org/w/api.php?format=json&action=query&list=categorymembers&cmtitle=Category)
    skip category (HTTP 429 rate limited: https://en.wikipedia.org/w/api.php?format=json&action=query&list=categorymembers&cmtitle=Category)
    skip category (HTTP 429 rate limited: https://en.wikipedia.org/w/api.php?format=json&action=query&list=categorymembers&cmtitle=Category)
    skip category (HTTP 429 rate limited: https://en.wikipedia.org/w/api.php?format=json&action=query&list=categorymembers&cmtitle=Category)
    skip category (HTTP 429 rate limited: https://en.wikipedia.org/w/api.php?format=json&action=query&list=categorymembers&cmtitle=Category)
    skip category (HTTP 429 rate limited: https://en.wikipedia.org/w/api.php?format=json&action=query&list=categorymembers&cmtitle=Category)
    skip category (HTTP 429 rate limited: https://en.wikipedia.org/w/api.php?format=json&action=query&list=categorymembers&cmtitle=Category)
    skip category (HTTP 429 rate limited: https://en.wikipedia.org/w/api.php?format=json&action=query&list=categorymembers&cmtitle=Category)
    skip category (HTTP 429 rate limited: https://en.wikipedia.org/w/api.php?format=json&action=query&list=categorymembers&cmtitle=Category)
    skip category (HTTP 429 rate limited: https://en.wikipedia.org/w/api.php?format=json&action=query&list=categorymembers&cmtitle=Category)
    skip category (HTTP 429 rate limited: https://en.wikipedia.org/w/api.php?format=json&action=query&list=categorymembers&cmtitle=Category)
    skip category (HTTP 429 rate limited: https://en.wikipedia.org/w/api.php?format=json&action=query&list=categorymembers&cmtitle=Category)
    skip category (HTTP 429 rate limited: https://en.wikipedia.org/w/api.php?format=json&action=query&list=categorymembers&cmtitle=Category)
    skip category (HTTP 429 rate limited: https://en.wikipedia.org/w/api.php?format=json&action=query&list=categorymembers&cmtitle=Category)
    skip category (HTTP 429 rate limited: https://en.wikipedia.org/w/api.php?format=json&action=query&list=categorymembers&cmtitle=Category)
    skip category (HTTP 429 rate limited: https://en.wikipedia.org/w/api.php?format=json&action=query&list=categorymembers&cmtitle=Category)
    skip category (HTTP 429 rate limited: https://en.wikipedia.org/w/api.php?format=json&action=query&list=categorymembers&cmtitle=Category)
    skip category (HTTP 429 rate limited: https://en.wikipedia.org/w/api.php?format=json&action=query&list=categorymembers&cmtitle=Category)
    skip category (HTTP 429 rate limited: https://en.wikipedia.org/w/api.php?format=json&action=query&list=categorymembers&cmtitle=Category)
    skip category (HTTP 429 rate limited: https://en.wikipedia.org/w/api.php?format=json&action=query&list=categorymembers&cmtitle=Category)
    skip category (HTTP 429 rate limited: https://en.wikipedia.org/w/api.php?format=json&action=query&list=categorymembers&cmtitle=Category)
    skip category (HTTP 429 rate limited: https://en.wikipedia.org/w/api.php?format=json&action=query&list=categorymembers&cmtitle=Category)
    skip category (HTTP 429 rate limited: https://en.wikipedia.org/w/api.php?format=json&action=query&list=categorymembers&cmtitle=Category)
    skip category (HTTP 429 rate limited: https://en.wikipedia.org/w/api.php?format=json&action=query&list=categorymembers&cmtitle=Category)
    skip category (HTTP 429 rate limited: https://en.wikipedia.org/w/api.php?format=json&action=query&list=categorymembers&cmtitle=Category)
    skip category (HTTP 429 rate limited: https://en.wikipedia.org/w/api.php?format=json&action=query&list=categorymembers&cmtitle=Category)
    skip category (HTTP 429 rate limited: https://en.wikipedia.org/w/api.php?format=json&action=query&list=categorymembers&cmtitle=Category)
    skip category (HTTP 429 rate limited: https://en.wikipedia.org/w/api.php?format=json&action=query&list=categorymembers&cmtitle=Category)
    skip category (HTTP 429 rate limited: https://en.wikipedia.org/w/api.php?format=json&action=query&list=categorymembers&cmtitle=Category)
    skip category (HTTP 429 rate limited: https://en.wikipedia.org/w/api.php?format=json&action=query&list=categorymembers&cmtitle=Category)
    skip category (HTTP 429 rate limited: https://en.wikipedia.org/w/api.php?format=json&action=query&list=categorymembers&cmtitle=Category)
    skip category (HTTP 429 rate limited: https://en.wikipedia.org/w/api.php?format=json&action=query&list=categorymembers&cmtitle=Category)
    skip category (HTTP 429 rate limited: https://en.wikipedia.org/w/api.php?format=json&action=query&list=categorymembers&cmtitle=Category)
    skip category (HTTP 429 rate limited: https://en.wikipedia.org/w/api.php?format=json&action=query&list=categorymembers&cmtitle=Category)
    skip category (HTTP 429 rate limited: https://en.wikipedia.org/w/api.php?format=json&action=query&list=categorymembers&cmtitle=Category)
    skip category (HTTP 429 rate limited: https://en.wikipedia.org/w/api.php?format=json&action=query&list=categorymembers&cmtitle=Category)
    skip category (HTTP 429 rate limited: https://en.wikipedia.org/w/api.php?format=json&action=query&list=categorymembers&cmtitle=Category)
    skip category (HTTP 429 rate limited: https://en.wikipedia.org/w/api.php?format=json&action=query&list=categorymembers&cmtitle=Category)
    skip category (HTTP 429 rate limited: https://en.wikipedia.org/w/api.php?format=json&action=query&list=categorymembers&cmtitle=Category)
    skip category (HTTP 429 rate limited: https://en.wikipedia.org/w/api.php?format=json&action=query&list=categorymembers&cmtitle=Category)
    skip category (HTTP 429 rate limited: https://en.wikipedia.org/w/api.php?format=json&action=query&list=categorymembers&cmtitle=Category)
    skip category (HTTP 429 rate limited: https://en.wikipedia.org/w/api.php?format=json&action=query&list=categorymembers&cmtitle=Category)
    skip category (HTTP 429 rate limited: https://en.wikipedia.org/w/api.php?format=json&action=query&list=categorymembers&cmtitle=Category)
    skip category (HTTP 429 rate limited: https://en.wikipedia.org/w/api.php?format=json&action=query&list=categorymembers&cmtitle=Category)
    skip category (HTTP 429 rate limited: https://en.wikipedia.org/w/api.php?format=json&action=query&list=categorymembers&cmtitle=Category)
    skip category (HTTP 429 rate limited: https://en.wikipedia.org/w/api.php?format=json&action=query&list=categorymembers&cmtitle=Category)
    skip category (HTTP 429 rate limited: https://en.wikipedia.org/w/api.php?format=json&action=query&list=categorymembers&cmtitle=Category)
    skip category (HTTP 429 rate limited: https://en.wikipedia.org/w/api.php?format=json&action=query&list=categorymembers&cmtitle=Category)
    skip category (HTTP 429 rate limited: https://en.wikipedia.org/w/api.php?format=json&action=query&list=categorymembers&cmtitle=Category)
    skip category (HTTP 429 rate limited: https://en.wikipedia.org/w/api.php?format=json&action=query&list=categorymembers&cmtitle=Category)
    skip category (HTTP 429 rate limited: https://en.wikipedia.org/w/api.php?format=json&action=query&list=categorymembers&cmtitle=Category)
    skip category (HTTP 429 rate limited: https://en.wikipedia.org/w/api.php?format=json&action=query&list=categorymembers&cmtitle=Category)
    skip category (HTTP 429 rate limited: https://en.wikipedia.org/w/api.php?format=json&action=query&list=categorymembers&cmtitle=Category)
    skip category (HTTP 429 rate limited: https://en.wikipedia.org/w/api.php?format=json&action=query&list=categorymembers&cmtitle=Category)
    skip category (HTTP 429 rate limited: https://en.wikipedia.org/w/api.php?format=json&action=query&list=categorymembers&cmtitle=Category)
    skip category (HTTP 429 rate limited: https://en.wikipedia.org/w/api.php?format=json&action=query&list=categorymembers&cmtitle=Category)
    skip category (HTTP 429 rate limited: https://en.wikipedia.org/w/api.php?format=json&action=query&list=categorymembers&cmtitle=Category)
    skip category (HTTP 429 rate limited: https://en.wikipedia.org/w/api.php?format=json&action=query&list=categorymembers&cmtitle=Category)
    skip category (HTTP 429 rate limited: https://en.wikipedia.org/w/api.php?format=json&action=query&list=categorymembers&cmtitle=Category)
    skip category (HTTP 429 rate limited: https://en.wikipedia.org/w/api.php?format=json&action=query&list=categorymembers&cmtitle=Category)
    skip category (HTTP 429 rate limited: https://en.wikipedia.org/w/api.php?format=json&action=query&list=categorymembers&cmtitle=Category)
    skip category (HTTP 429 rate limited: https://en.wikipedia.org/w/api.php?format=json&action=query&list=categorymembers&cmtitle=Category)
    skip category (HTTP 429 rate limited: https://en.wikipedia.org/w/api.php?format=json&action=query&list=categorymembers&cmtitle=Category)
    skip category (HTTP 429 rate limited: https://en.wikipedia.org/w/api.php?format=json&action=query&list=categorymembers&cmtitle=Category)
    skip category (HTTP 429 rate limited: https://en.wikipedia.org/w/api.php?format=json&action=query&list=categorymembers&cmtitle=Category)
    skip category (HTTP 429 rate limited: https://en.wikipedia.org/w/api.php?format=json&action=query&list=categorymembers&cmtitle=Category)
    skip category (HTTP 429 rate limited: https://en.wikipedia.org/w/api.php?format=json&action=query&list=categorymembers&cmtitle=Category)
    skip category (HTTP 429 rate limited: https://en.wikipedia.org/w/api.php?format=json&action=query&list=categorymembers&cmtitle=Category)
    skip category (HTTP 429 rate limited: https://en.wikipedia.org/w/api.php?format=json&action=query&list=categorymembers&cmtitle=Category)
    skip category (HTTP 429 rate limited: https://en.wikipedia.org/w/api.php?format=json&action=query&list=categorymembers&cmtitle=Category)
    skip category (HTTP 429 rate limited: https://en.wikipedia.org/w/api.php?format=json&action=query&list=categorymembers&cmtitle=Category)
    skip category (HTTP 429 rate limited: https://en.wikipedia.org/w/api.php?format=json&action=query&list=categorymembers&cmtitle=Category)
    skip category (HTTP 429 rate limited: https://en.wikipedia.org/w/api.php?format=json&action=query&list=categorymembers&cmtitle=Category)
    skip category (HTTP 429 rate limited: https://en.wikipedia.org/w/api.php?format=json&action=query&list=categorymembers&cmtitle=Category)
    skip category (HTTP 429 rate limited: https://en.wikipedia.org/w/api.php?format=json&action=query&list=categorymembers&cmtitle=Category)
    skip category (HTTP 429 rate limited: https://en.wikipedia.org/w/api.php?format=json&action=query&list=categorymembers&cmtitle=Category)
    skip category (HTTP 429 rate limited: https://en.wikipedia.org/w/api.php?format=json&action=query&list=categorymembers&cmtitle=Category)
    skip category (HTTP 429 rate limited: https://en.wikipedia.org/w/api.php?format=json&action=query&list=categorymembers&cmtitle=Category)
    skip category (HTTP 429 rate limited: https://en.wikipedia.org/w/api.php?format=json&action=query&list=categorymembers&cmtitle=Category)
    skip category (HTTP 429 rate limited: https://en.wikipedia.org/w/api.php?format=json&action=query&list=categorymembers&cmtitle=Category)
    skip category (HTTP 429 rate limited: https://en.wikipedia.org/w/api.php?format=json&action=query&list=categorymembers&cmtitle=Category)
    skip category (HTTP 429 rate limited: https://en.wikipedia.org/w/api.php?format=json&action=query&list=categorymembers&cmtitle=Category)
    skip category (HTTP 429 rate limited: https://en.wikipedia.org/w/api.php?format=json&action=query&list=categorymembers&cmtitle=Category)
    skip category (HTTP 429 rate limited: https://en.wikipedia.org/w/api.php?format=json&action=query&list=categorymembers&cmtitle=Category)
    skip category (HTTP 429 rate limited: https://en.wikipedia.org/w/api.php?format=json&action=query&list=categorymembers&cmtitle=Category)
    skip category (HTTP 429 rate limited: https://en.wikipedia.org/w/api.php?format=json&action=query&list=categorymembers&cmtitle=Category)
    skip category (HTTP 429 rate limited: https://en.wikipedia.org/w/api.php?format=json&action=query&list=categorymembers&cmtitle=Category)
    skip category (HTTP 429 rate limited: https://en.wikipedia.org/w/api.php?format=json&action=query&list=categorymembers&cmtitle=Category)
    skip category (HTTP 429 rate limited: https://en.wikipedia.org/w/api.php?format=json&action=query&list=categorymembers&cmtitle=Category)
  identity batch failed: HTTP 429 rate limited: https://en.wikipedia.org/w/api.php?format=json&action=query&titles=Butterball+Cenobite&redirects=1&prop=pageimages%7Cinfo&piprop=thumbnail%7Cname&pithumbsize=180&inprop=url
  intro batch failed: HTTP 429 rate limited: https://en.wikipedia.org/w/api.php?format=json&action=query&titles=Butterball+Cenobite&redirects=1&prop=revisions&rvprop=content&rvslots=main
  [rich] Fandom batch failed: HTTP 429 rate limited: https://en.wikipedia.org/w/api.php?format=json&action=query&titles=Hellraiser%7CButterball+Cenobite&redirects=1&prop=revisions&rvprop=content&rvslots=main
  [rich] Wikipedia batch failed: HTTP 429 for https://en.wikipedia.org/w/api.php?action=query&format=json&origin=*&titles=Hellraiser%7CButterball+Cenobite&redirects=1&prop=extracts&explaintext=1&exintro=1&exlimit=max: You are making too many requests to the API.
Please follow the best practices at <https://www.mediawiki.org/wiki/Wikimedia_APIs/Rate_limits>.
If you are unsure how to get the access you need, contact 
  [rich] Wikipedia batch failed: HTTP 429 for https://en.wikipedia.org/w/api.php?action=query&format=json&origin=*&titles=Hellraiser%7CButterball+Cenobite&redirects=1&prop=extracts&explaintext=1&exintro=1&exlimit=max: You are making too many requests to the API.
Please follow the best practices at <https://www.mediawiki.org/wiki/Wikimedia_APIs/Rate_limits>.
If you are unsure how to get the access you need, contact 
  [rich] Wikipedia batch failed: HTTP 429 for https://en.wikipedia.org/w/api.php?action=query&format=json&origin=*&titles=Hellraiser%7CButterball+Cenobite&redirects=1&prop=extracts&explaintext=1&exintro=1&exlimit=max: You are making too many requests to the API.
Please follow the best practices at <https://www.mediawiki.org/wiki/Wikimedia_APIs/Rate_limits>.
If you are unsure how to get the access you need, contact 
    skip category (HTTP 429 rate limited: https://en.wikipedia.org/w/api.php?format=json&action=query&list=categorymembers&cmtitle=Category)
    skip category (HTTP 429 rate limited: https://en.wikipedia.org/w/api.php?format=json&action=query&list=categorymembers&cmtitle=Category)
    skip category (HTTP 429 rate limited: https://en.wikipedia.org/w/api.php?format=json&action=query&list=categorymembers&cmtitle=Category)
    skip category (HTTP 429 rate limited: https://en.wikipedia.org/w/api.php?format=json&action=query&list=categorymembers&cmtitle=Category)
    skip category (HTTP 429 rate limited: https://en.wikipedia.org/w/api.php?format=json&action=query&list=categorymembers&cmtitle=Category)
    skip category (HTTP 429 rate limited: https://en.wikipedia.org/w/api.php?format=json&action=query&list=categorymembers&cmtitle=Category)
    skip category (HTTP 429 rate limited: https://en.wikipedia.org/w/api.php?format=json&action=query&list=categorymembers&cmtitle=Category)
    skip category (HTTP 429 rate limited: https://en.wikipedia.org/w/api.php?format=json&action=query&list=categorymembers&cmtitle=Category)
    skip category (HTTP 429 rate limited: https://en.wikipedia.org/w/api.php?format=json&action=query&list=categorymembers&cmtitle=Category)
    skip category (HTTP 429 rate limited: https://en.wikipedia.org/w/api.php?format=json&action=query&list=categorymembers&cmtitle=Category)
    skip category (HTTP 429 rate limited: https://en.wikipedia.org/w/api.php?format=json&action=query&list=categorymembers&cmtitle=Category)
    skip category (HTTP 429 rate limited: https://en.wikipedia.org/w/api.php?format=json&action=query&list=categorymembers&cmtitle=Category)
    skip category (HTTP 429 rate limited: https://en.wikipedia.org/w/api.php?format=json&action=query&list=categorymembers&cmtitle=Category)
    skip category (HTTP 429 rate limited: https://en.wikipedia.org/w/api.php?format=json&action=query&list=categorymembers&cmtitle=Category)
    skip category (HTTP 429 rate limited: https://en.wikipedia.org/w/api.php?format=json&action=query&list=categorymembers&cmtitle=Category)
    skip category (HTTP 429 rate limited: https://en.wikipedia.org/w/api.php?format=json&action=query&list=categorymembers&cmtitle=Category)
    skip category (HTTP 429 rate limited: https://en.wikipedia.org/w/api.php?format=json&action=query&list=categorymembers&cmtitle=Category)
    skip category (HTTP 429 rate limited: https://en.wikipedia.org/w/api.php?format=json&action=query&list=categorymembers&cmtitle=Category)
    skip category (HTTP 429 rate limited: https://en.wikipedia.org/w/api.php?format=json&action=query&list=categorymembers&cmtitle=Category)
    skip category (HTTP 429 rate limited: https://en.wikipedia.org/w/api.php?format=json&action=query&list=categorymembers&cmtitle=Category)
    skip category (HTTP 429 rate limited: https://en.wikipedia.org/w/api.php?format=json&action=query&list=categorymembers&cmtitle=Category)
    skip category (HTTP 429 rate limited: https://en.wikipedia.org/w/api.php?format=json&action=query&list=categorymembers&cmtitle=Category)
    skip category (HTTP 429 rate limited: https://en.wikipedia.org/w/api.php?format=json&action=query&list=categorymembers&cmtitle=Category)
    skip category (HTTP 429 rate limited: https://en.wikipedia.org/w/api.php?format=json&action=query&list=categorymembers&cmtitle=Category)
    skip category (HTTP 429 rate limited: https://en.wikipedia.org/w/api.php?format=json&action=query&list=categorymembers&cmtitle=Category)
    skip category (HTTP 429 rate limited: https://en.wikipedia.org/w/api.php?format=json&action=query&list=categorymembers&cmtitle=Category)
    skip category (HTTP 429 rate limited: https://en.wikipedia.org/w/api.php?format=json&action=query&list=categorymembers&cmtitle=Category)
    skip category (HTTP 429 rate limited: https://en.wikipedia.org/w/api.php?format=json&action=query&list=categorymembers&cmtitle=Category)
    skip category (HTTP 429 rate limited: https://en.wikipedia.org/w/api.php?format=json&action=query&list=categorymembers&cmtitle=Category)
    skip category (HTTP 429 rate limited: https://en.wikipedia.org/w/api.php?format=json&action=query&list=categorymembers&cmtitle=Category)
    skip category (HTTP 429 rate limited: https://en.wikipedia.org/w/api.php?format=json&action=query&list=categorymembers&cmtitle=Category)
    skip category (HTTP 429 rate limited: https://en.wikipedia.org/w/api.php?format=json&action=query&list=categorymembers&cmtitle=Category)
    skip category (HTTP 429 rate limited: https://en.wikipedia.org/w/api.php?format=json&action=query&list=categorymembers&cmtitle=Category)
    skip category (HTTP 429 rate limited: https://en.wikipedia.org/w/api.php?format=json&action=query&list=categorymembers&cmtitle=Category)
    skip category (HTTP 429 rate limited: https://en.wikipedia.org/w/api.php?format=json&action=query&list=categorymembers&cmtitle=Category)
    skip category (HTTP 429 rate limited: https://en.wikipedia.org/w/api.php?format=json&action=query&list=categorymembers&cmtitle=Category)
    skip category (HTTP 429 rate limited: https://en.wikipedia.org/w/api.php?format=json&action=query&list=categorymembers&cmtitle=Category)
    skip category (HTTP 429 rate limited: https://en.wikipedia.org/w/api.php?format=json&action=query&list=categorymembers&cmtitle=Category)
  [rich] Wikipedia batch failed: HTTP 429 for https://en.wikipedia.org/w/api.php?action=query&format=json&origin=*&titles=Nosferatu+geography%7CNosferatu+legacy%7CNosferatu+practices%7CNosferatu+entry+1%7CNosferatu+entry+2%7CNosferatu+entry+3%7CNosferatu+entry+4%7CNosferatu+entry+5%7CNosferatu+entry+6%7CNosferatu+entry+7%7CNosferatu+entry+8%7CNosferatu+entry+9&redirects=1&prop=extracts&explaintext=1&exintro=1&exlimit=max: You are making too many requests to the API.
Please follow the best practices at <https://www.mediawiki.org/wiki/Wikimedia_APIs/Rate_limits>.
If you are unsure how to get the access you need, contact 
  [rich] Wikipedia batch failed: HTTP 429 for https://en.wikipedia.org/w/api.php?action=query&format=json&origin=*&titles=Nosferatu+geography%7CNosferatu+legacy%7CNosferatu+practices%7CNosferatu+entry+1%7CNosferatu+entry+2%7CNosferatu+entry+3%7CNosferatu+entry+4%7CNosferatu+entry+5%7CNosferatu+entry+6%7CNosferatu+entry+7%7CNosferatu+entry+8%7CNosferatu+entry+9&redirects=1&prop=extracts&explaintext=1&exintro=1&exlimit=max: You are making too many requests to the API.
Please follow the best practices at <https://www.mediawiki.org/wiki/Wikimedia_APIs/Rate_limits>.
If you are unsure how to get the access you need, contact 
  [rich] Wikipedia batch failed: HTTP 429 for https://en.wikipedia.org/w/api.php?action=query&format=json&origin=*&titles=Nosferatu+geography%7CNosferatu+legacy%7CNosferatu+practices%7CNosferatu+entry+1%7CNosferatu+entry+2%7CNosferatu+entry+3%7CNosferatu+entry+4%7CNosferatu+entry+5%7CNosferatu+entry+6%7CNosferatu+entry+7%7CNosferatu+entry+8%7CNosferatu+entry+9&redirects=1&prop=extracts&explaintext=1&exintro=1&exlimit=max: You are making too many requests to the API.
Please follow the best practices at <https://www.mediawiki.org/wiki/Wikimedia_APIs/Rate_limits>.
If you are unsure how to get the access you need, contact 
  [rich] Wikipedia batch failed: HTTP 429 for https://en.wikipedia.org/w/api.php?action=query&format=json&origin=*&titles=Nosferatu+geography%7CNosferatu+legacy%7CNosferatu+practices%7CNosferatu+entry+1%7CNosferatu+entry+2%7CNosferatu+entry+3%7CNosferatu+entry+4%7CNosferatu+entry+5%7CNosferatu+entry+6%7CNosferatu+entry+7%7CNosferatu+entry+8%7CNosferatu+entry+9&redirects=1&prop=extracts&explaintext=1&exintro=1&exlimit=max: You are making too many requests to the API.
Please follow the best practices at <https://www.mediawiki.org/wiki/Wikimedia_APIs/Rate_limits>.
If you are unsure how to get the access you need, contact 
  [rich] Wikipedia batch failed: HTTP 429 for https://en.wikipedia.org/w/api.php?action=query&format=json&origin=*&titles=Nosferatu+entry+10%7CNosferatu+entry+11%7CNosferatu+entry+12%7CNosferatu+entry+13%7CNosferatu+entry+14%7CNosferatu+entry+15%7CNosferatu+entry+16%7CNosferatu+entry+17%7CNosferatu+entry+18%7CNosferatu+entry+19%7CNosferatu+entry+20%7CNosferatu+entry+21&redirects=1&prop=extracts&explaintext=1&exintro=1&exlimit=max: You are making too many requests to the API.
Please follow the best practices at <https://www.mediawiki.org/wiki/Wikimedia_APIs/Rate_limits>.
If you are unsure how to get the access you need, contact 
  [rich] Wikipedia batch failed: HTTP 429 for https://en.wikipedia.org/w/api.php?action=query&format=json&origin=*&titles=Nosferatu+entry+10%7CNosferatu+entry+11%7CNosferatu+entry+12%7CNosferatu+entry+13%7CNosferatu+entry+14%7CNosferatu+entry+15%7CNosferatu+entry+16%7CNosferatu+entry+17%7CNosferatu+entry+18%7CNosferatu+entry+19%7CNosferatu+entry+20%7CNosferatu+entry+21&redirects=1&prop=extracts&explaintext=1&exintro=1&exlimit=max: You are making too many requests to the API.
Please follow the best practices at <https://www.mediawiki.org/wiki/Wikimedia_APIs/Rate_limits>.
If you are unsure how to get the access you need, contact 
  [rich] Wikipedia batch failed: HTTP 429 for https://en.wikipedia.org/w/api.php?action=query&format=json&origin=*&titles=Nosferatu+entry+10%7CNosferatu+entry+11%7CNosferatu+entry+12%7CNosferatu+entry+13%7CNosferatu+entry+14%7CNosferatu+entry+15%7CNosferatu+entry+16%7CNosferatu+entry+17%7CNosferatu+entry+18%7CNosferatu+entry+19%7CNosferatu+entry+20%7CNosferatu+entry+21&redirects=1&prop=extracts&explaintext=1&exintro=1&exlimit=max: <!DOCTYPE html>
<html lang="en">
<meta charset="utf-8">
<title>Wikimedia Error</title>
<style>
* { margin: 0; padding: 0; }
body { background: #fff; font: 15px/1.6 sans-serif; color: #333; }
.content 
  [rich] Wikipedia batch failed: HTTP 429 for https://en.wikipedia.org/w/api.php?action=query&format=json&origin=*&titles=Nosferatu+entry+10%7CNosferatu+entry+11%7CNosferatu+entry+12%7CNosferatu+entry+13%7CNosferatu+entry+14%7CNosferatu+entry+15%7CNosferatu+entry+16%7CNosferatu+entry+17%7CNosferatu+entry+18%7CNosferatu+entry+19%7CNosferatu+entry+20%7CNosferatu+entry+21&redirects=1&prop=extracts&explaintext=1&exintro=1&exlimit=max: You are making too many requests to the API.
Please follow the best practices at <https://www.mediawiki.org/wiki/Wikimedia_APIs/Rate_limits>.
If you are unsure how to get the access you need, contact 
    skip category (HTTP 429 rate limited: https://en.wikipedia.org/w/api.php?format=json&action=query&list=categorymembers&cmtitle=Category)
    skip category (HTTP 429 rate limited: https://en.wikipedia.org/w/api.php?format=json&action=query&list=categorymembers&cmtitle=Category)
    skip category (HTTP 429 rate limited: https://en.wikipedia.org/w/api.php?format=json&action=query&list=categorymembers&cmtitle=Category)
    skip category (HTTP 429 rate limited: https://en.wikipedia.org/w/api.php?format=json&action=query&list=categorymembers&cmtitle=Category)
    skip category (HTTP 429 rate limited: https://en.wikipedia.org/w/api.php?format=json&action=query&list=categorymembers&cmtitle=Category)
    skip category (HTTP 429 rate limited: https://en.wikipedia.org/w/api.php?format=json&action=query&list=categorymembers&cmtitle=Category)
    skip category (HTTP 429 rate limited: https://en.wikipedia.org/w/api.php?format=json&action=query&list=categorymembers&cmtitle=Category)
    skip category (HTTP 429 rate limited: https://en.wikipedia.org/w/api.php?format=json&action=query&list=categorymembers&cmtitle=Category)
    skip category (HTTP 429 rate limited: https://en.wikipedia.org/w/api.php?format=json&action=query&list=categorymembers&cmtitle=Category)
    skip category (HTTP 429 rate limited: https://en.wikipedia.org/w/api.php?format=json&action=query&list=categorymembers&cmtitle=Category)
    skip category (HTTP 429 rate limited: https://en.wikipedia.org/w/api.php?format=json&action=query&list=categorymembers&cmtitle=Category)
    skip category (HTTP 429 rate limited: https://en.wikipedia.org/w/api.php?format=json&action=query&list=categorymembers&cmtitle=Category)
    skip category (HTTP 429 rate limited: https://en.wikipedia.org/w/api.php?format=json&action=query&list=categorymembers&cmtitle=Category)
    skip category (HTTP 429 rate limited: https://en.wikipedia.org/w/api.php?format=json&action=query&list=categorymembers&cmtitle=Category)
    skip category (HTTP 429 rate limited: https://en.wikipedia.org/w/api.php?format=json&action=query&list=categorymembers&cmtitle=Category)
    skip category (HTTP 429 rate limited: https://en.wikipedia.org/w/api.php?format=json&action=query&list=categorymembers&cmtitle=Category)
    skip category (HTTP 429 rate limited: https://en.wikipedia.org/w/api.php?format=json&action=query&list=categorymembers&cmtitle=Category)
    skip category (HTTP 429 rate limited: https://en.wikipedia.org/w/api.php?format=json&action=query&list=categorymembers&cmtitle=Category)
    skip category (HTTP 429 rate limited: https://en.wikipedia.org/w/api.php?format=json&action=query&list=categorymembers&cmtitle=Category)
    skip category (HTTP 429 rate limited: https://en.wikipedia.org/w/api.php?format=json&action=query&list=categorymembers&cmtitle=Category)
    skip category (HTTP 429 rate limited: https://en.wikipedia.org/w/api.php?format=json&action=query&list=categorymembers&cmtitle=Category)
    skip category (HTTP 429 rate limited: https://en.wikipedia.org/w/api.php?format=json&action=query&list=categorymembers&cmtitle=Category)
    skip category (HTTP 429 rate limited: https://en.wikipedia.org/w/api.php?format=json&action=query&list=categorymembers&cmtitle=Category)
    skip category (HTTP 429 rate limited: https://en.wikipedia.org/w/api.php?format=json&action=query&list=categorymembers&cmtitle=Category)
    skip category (HTTP 429 rate limited: https://en.wikipedia.org/w/api.php?format=json&action=query&list=categorymembers&cmtitle=Category)
    skip category (HTTP 429 rate limited: https://en.wikipedia.org/w/api.php?format=json&action=query&list=categorymembers&cmtitle=Category)
    skip category (HTTP 429 rate limited: https://en.wikipedia.org/w/api.php?format=json&action=query&list=categorymembers&cmtitle=Category)
    skip category (HTTP 429 rate limited: https://en.wikipedia.org/w/api.php?format=json&action=query&list=categorymembers&cmtitle=Category)
    skip category (HTTP 429 rate limited: https://en.wikipedia.org/w/api.php?format=json&action=query&list=categorymembers&cmtitle=Category)
  [rich] Wikipedia batch failed: HTTP 429 for https://en.wikipedia.org/w/api.php?action=query&format=json&origin=*&titles=Teen+Titans+Go%21+figures%7CTeen+Titans+Go%21+world+%26+context%7CTeen+Titans+Go%21+places%7CTeen+Titans+Go%21+events%7CTeen+Titans+Go%21+objects+%26+artifacts%7CTeen+Titans+Go%21+factions+%26+groups%7CTeen+Titans+Go%21+concepts%7CTeen+Titans+Go%21+eras%7CTeen+Titans+Go%21+works+%26+media%7CTeen+Titans+Go%21+symbols%7CTeen+Titans+Go%21+controversies%7CTeen+Titans+Go%21+sources&redirects=1&prop=extracts&explaintext=1&exintro=1&exlimit=max: You are making too many requests to the API.
Please follow the best practices at <https://www.mediawiki.org/wiki/Wikimedia_APIs/Rate_limits>.
If you are unsure how to get the access you need, contact 
  [rich] Wikipedia batch failed: HTTP 429 for https://en.wikipedia.org/w/api.php?action=query&format=json&origin=*&titles=Teen+Titans+Go%21+figures%7CTeen+Titans+Go%21+world+%26+context%7CTeen+Titans+Go%21+places%7CTeen+Titans+Go%21+events%7CTeen+Titans+Go%21+objects+%26+artifacts%7CTeen+Titans+Go%21+factions+%26+groups%7CTeen+Titans+Go%21+concepts%7CTeen+Titans+Go%21+eras%7CTeen+Titans+Go%21+works+%26+media%7CTeen+Titans+Go%21+symbols%7CTeen+Titans+Go%21+controversies%7CTeen+Titans+Go%21+sources&redirects=1&prop=extracts&explaintext=1&exintro=1&exlimit=max: You are making too many requests to the API.
Please follow the best practices at <https://www.mediawiki.org/wiki/Wikimedia_APIs/Rate_limits>.
If you are unsure how to get the access you need, contact 
  [rich] Wikipedia batch failed: HTTP 429 for https://en.wikipedia.org/w/api.php?action=query&format=json&origin=*&titles=Teen+Titans+Go%21+figures%7CTeen+Titans+Go%21+world+%26+context%7CTeen+Titans+Go%21+places%7CTeen+Titans+Go%21+events%7CTeen+Titans+Go%21+objects+%26+artifacts%7CTeen+Titans+Go%21+factions+%26+groups%7CTeen+Titans+Go%21+concepts%7CTeen+Titans+Go%21+eras%7CTeen+Titans+Go%21+works+%26+media%7CTeen+Titans+Go%21+symbols%7CTeen+Titans+Go%21+controversies%7CTeen+Titans+Go%21+sources&redirects=1&prop=extracts&explaintext=1&exintro=1&exlimit=max: You are making too many requests to the API.
Please follow the best practices at <https://www.mediawiki.org/wiki/Wikimedia_APIs/Rate_limits>.
If you are unsure how to get the access you need, contact 
  [rich] Wikipedia batch failed: HTTP 429 for https://en.wikipedia.org/w/api.php?action=query&format=json&origin=*&titles=Teen+Titans+Go%21+figures%7CTeen+Titans+Go%21+world+%26+context%7CTeen+Titans+Go%21+places%7CTeen+Titans+Go%21+events%7CTeen+Titans+Go%21+objects+%26+artifacts%7CTeen+Titans+Go%21+factions+%26+groups%7CTeen+Titans+Go%21+concepts%7CTeen+Titans+Go%21+eras%7CTeen+Titans+Go%21+works+%26+media%7CTeen+Titans+Go%21+symbols%7CTeen+Titans+Go%21+controversies%7CTeen+Titans+Go%21+sources&redirects=1&prop=extracts&explaintext=1&exintro=1&exlimit=max: You are making too many requests to the API.
Please follow the best practices at <https://www.mediawiki.org/wiki/Wikimedia_APIs/Rate_limits>.
If you are unsure how to get the access you need, contact 
  [rich] Wikipedia batch failed: HTTP 429 for https://en.wikipedia.org/w/api.php?action=query&format=json&origin=*&titles=Teen+Titans+Go%21+geography%7CTeen+Titans+Go%21+legacy%7CTeen+Titans+Go%21+practices%7CTeen+Titans+Go%21+entry+1%7CTeen+Titans+Go%21+entry+2%7CTeen+Titans+Go%21+entry+3%7CTeen+Titans+Go%21+entry+4%7CTeen+Titans+Go%21+entry+5%7CTeen+Titans+Go%21+entry+6%7CTeen+Titans+Go%21+entry+7%7CTeen+Titans+Go%21+entry+8%7CTeen+Titans+Go%21+entry+9&redirects=1&prop=extracts&explaintext=1&exintro=1&exlimit=max: You are making too many requests to the API.
Please follow the best practices at <https://www.mediawiki.org/wiki/Wikimedia_APIs/Rate_limits>.
If you are unsure how to get the access you need, contact 
  [rich] Wikipedia batch failed: HTTP 429 for https://en.wikipedia.org/w/api.php?action=query&format=json&origin=*&titles=Teen+Titans+Go%21+geography%7CTeen+Titans+Go%21+legacy%7CTeen+Titans+Go%21+practices%7CTeen+Titans+Go%21+entry+1%7CTeen+Titans+Go%21+entry+2%7CTeen+Titans+Go%21+entry+3%7CTeen+Titans+Go%21+entry+4%7CTeen+Titans+Go%21+entry+5%7CTeen+Titans+Go%21+entry+6%7CTeen+Titans+Go%21+entry+7%7CTeen+Titans+Go%21+entry+8%7CTeen+Titans+Go%21+entry+9&redirects=1&prop=extracts&explaintext=1&exintro=1&exlimit=max: You are making too many requests to the API.
Please follow the best practices at <https://www.mediawiki.org/wiki/Wikimedia_APIs/Rate_limits>.
If you are unsure how to get the access you need, contact 
  [rich] Wikipedia batch failed: HTTP 429 for https://en.wikipedia.org/w/api.php?action=query&format=json&origin=*&titles=Teen+Titans+Go%21+geography%7CTeen+Titans+Go%21+legacy%7CTeen+Titans+Go%21+practices%7CTeen+Titans+Go%21+entry+1%7CTeen+Titans+Go%21+entry+2%7CTeen+Titans+Go%21+entry+3%7CTeen+Titans+Go%21+entry+4%7CTeen+Titans+Go%21+entry+5%7CTeen+Titans+Go%21+entry+6%7CTeen+Titans+Go%21+entry+7%7CTeen+Titans+Go%21+entry+8%7CTeen+Titans+Go%21+entry+9&redirects=1&prop=extracts&explaintext=1&exintro=1&exlimit=max: You are making too many requests to the API.
Please follow the best practices at <https://www.mediawiki.org/wiki/Wikimedia_APIs/Rate_limits>.
If you are unsure how to get the access you need, contact 
  [rich] Wikipedia batch failed: HTTP 429 for https://en.wikipedia.org/w/api.php?action=query&format=json&origin=*&titles=Teen+Titans+Go%21+geography%7CTeen+Titans+Go%21+legacy%7CTeen+Titans+Go%21+practices%7CTeen+Titans+Go%21+entry+1%7CTeen+Titans+Go%21+entry+2%7CTeen+Titans+Go%21+entry+3%7CTeen+Titans+Go%21+entry+4%7CTeen+Titans+Go%21+entry+5%7CTeen+Titans+Go%21+entry+6%7CTeen+Titans+Go%21+entry+7%7CTeen+Titans+Go%21+entry+8%7CTeen+Titans+Go%21+entry+9&redirects=1&prop=extracts&explaintext=1&exintro=1&exlimit=max: You are making too many requests to the API.
Please follow the best practices at <https://www.mediawiki.org/wiki/Wikimedia_APIs/Rate_limits>.
If you are unsure how to get the access you need, contact 
  [rich] Wikipedia batch failed: HTTP 429 for https://en.wikipedia.org/w/api.php?action=query&format=json&origin=*&titles=Teen+Titans+Go%21+entry+10%7CTeen+Titans+Go%21+entry+11%7CTeen+Titans+Go%21+entry+12%7CTeen+Titans+Go%21+entry+13%7CTeen+Titans+Go%21+entry+14%7CTeen+Titans+Go%21+entry+15%7CTeen+Titans+Go%21+entry+16%7CTeen+Titans+Go%21+entry+17%7CTeen+Titans+Go%21+entry+18%7CTeen+Titans+Go%21+entry+19%7CTeen+Titans+Go%21+entry+20%7CTeen+Titans+Go%21+entry+21&redirects=1&prop=extracts&explaintext=1&exintro=1&exlimit=max: You are making too many requests to the API.
Please follow the best practices at <https://www.mediawiki.org/wiki/Wikimedia_APIs/Rate_limits>.
If you are unsure how to get the access you need, contact 
  [rich] Wikipedia batch failed: HTTP 429 for https://en.wikipedia.org/w/api.php?action=query&format=json&origin=*&titles=Teen+Titans+Go%21+entry+10%7CTeen+Titans+Go%21+entry+11%7CTeen+Titans+Go%21+entry+12%7CTeen+Titans+Go%21+entry+13%7CTeen+Titans+Go%21+entry+14%7CTeen+Titans+Go%21+entry+15%7CTeen+Titans+Go%21+entry+16%7CTeen+Titans+Go%21+entry+17%7CTeen+Titans+Go%21+entry+18%7CTeen+Titans+Go%21+entry+19%7CTeen+Titans+Go%21+entry+20%7CTeen+Titans+Go%21+entry+21&redirects=1&prop=extracts&explaintext=1&exintro=1&exlimit=max: You are making too many requests to the API.
Please follow the best practices at <https://www.mediawiki.org/wiki/Wikimedia_APIs/Rate_limits>.
If you are unsure how to get the access you need, contact 
  [rich] Wikipedia batch failed: HTTP 429 for https://en.wikipedia.org/w/api.php?action=query&format=json&origin=*&titles=Teen+Titans+Go%21+entry+10%7CTeen+Titans+Go%21+entry+11%7CTeen+Titans+Go%21+entry+12%7CTeen+Titans+Go%21+entry+13%7CTeen+Titans+Go%21+entry+14%7CTeen+Titans+Go%21+entry+15%7CTeen+Titans+Go%21+entry+16%7CTeen+Titans+Go%21+entry+17%7CTeen+Titans+Go%21+entry+18%7CTeen+Titans+Go%21+entry+19%7CTeen+Titans+Go%21+entry+20%7CTeen+Titans+Go%21+entry+21&redirects=1&prop=extracts&explaintext=1&exintro=1&exlimit=max: You are making too many requests to the API.
Please follow the best practices at <https://www.mediawiki.org/wiki/Wikimedia_APIs/Rate_limits>.
If you are unsure how to get the access you need, contact 
  [rich] Wikipedia batch failed: HTTP 429 for https://en.wikipedia.org/w/api.php?action=query&format=json&origin=*&titles=Teen+Titans+Go%21+entry+10%7CTeen+Titans+Go%21+entry+11%7CTeen+Titans+Go%21+entry+12%7CTeen+Titans+Go%21+entry+13%7CTeen+Titans+Go%21+entry+14%7CTeen+Titans+Go%21+entry+15%7CTeen+Titans+Go%21+entry+16%7CTeen+Titans+Go%21+entry+17%7CTeen+Titans+Go%21+entry+18%7CTeen+Titans+Go%21+entry+19%7CTeen+Titans+Go%21+entry+20%7CTeen+Titans+Go%21+entry+21&redirects=1&prop=extracts&explaintext=1&exintro=1&exlimit=max: You are making too many requests to the API.
Please follow the best practices at <https://www.mediawiki.org/wiki/Wikimedia_APIs/Rate_limits>.
If you are unsure how to get the access you need, contact 
  [rich] Wikipedia batch failed: HTTP 429 for https://en.wikipedia.org/w/api.php?action=query&format=json&origin=*&titles=Teen+Titans+Go%21+entry+22%7CTeen+Titans+Go%21+entry+23%7CTeen+Titans+Go%21+entry+24&redirects=1&prop=extracts&explaintext=1&exintro=1&exlimit=max: You are making too many requests to the API.
Please follow the best practices at <https://www.mediawiki.org/wiki/Wikimedia_APIs/Rate_limits>.
If you are unsure how to get the access you need, contact 
  [rich] Wikipedia batch failed: HTTP 429 for https://en.wikipedia.org/w/api.php?action=query&format=json&origin=*&titles=Teen+Titans+Go%21+entry+22%7CTeen+Titans+Go%21+entry+23%7CTeen+Titans+Go%21+entry+24&redirects=1&prop=extracts&explaintext=1&exintro=1&exlimit=max: You are making too many requests to the API.
Please follow the best practices at <https://www.mediawiki.org/wiki/Wikimedia_APIs/Rate_limits>.
If you are unsure how to get the access you need, contact 
  [rich] Wikipedia batch failed: HTTP 429 for https://en.wikipedia.org/w/api.php?action=query&format=json&origin=*&titles=Teen+Titans+Go%21+entry+22%7CTeen+Titans+Go%21+entry+23%7CTeen+Titans+Go%21+entry+24&redirects=1&prop=extracts&explaintext=1&exintro=1&exlimit=max: You are making too many requests to the API.
Please follow the best practices at <https://www.mediawiki.org/wiki/Wikimedia_APIs/Rate_limits>.
If you are unsure how to get the access you need, contact 
  [rich] Wikipedia batch failed: HTTP 429 for https://en.wikipedia.org/w/api.php?action=query&format=json&origin=*&titles=Teen+Titans+Go%21+entry+22%7CTeen+Titans+Go%21+entry+23%7CTeen+Titans+Go%21+entry+24&redirects=1&prop=extracts&explaintext=1&exintro=1&exlimit=max: You are making too many requests to the API.
Please follow the best practices at <https://www.mediawiki.org/wiki/Wikimedia_APIs/Rate_limits>.
If you are unsure how to get the access you need, contact 
    skip category (HTTP 429 rate limited: https://en.wikipedia.org/w/api.php?format=json&action=query&list=categorymembers&cmtitle=Category)
    skip category (HTTP 429 rate limited: https://en.wikipedia.org/w/api.php?format=json&action=query&list=categorymembers&cmtitle=Category)
    skip category (HTTP 429 rate limited: https://en.wikipedia.org/w/api.php?format=json&action=query&list=categorymembers&cmtitle=Category)
    skip category (HTTP 429 rate limited: https://en.wikipedia.org/w/api.php?format=json&action=query&list=categorymembers&cmtitle=Category)
    skip category (HTTP 429 rate limited: https://en.wikipedia.org/w/api.php?format=json&action=query&list=categorymembers&cmtitle=Category)
    skip category (HTTP 429 rate limited: https://en.wikipedia.org/w/api.php?format=json&action=query&list=categorymembers&cmtitle=Category)
    skip category (HTTP 429 rate limited: https://en.wikipedia.org/w/api.php?format=json&action=query&list=categorymembers&cmtitle=Category)
    skip category (HTTP 429 rate limited: https://en.wikipedia.org/w/api.php?format=json&action=query&list=categorymembers&cmtitle=Category)
    skip category (HTTP 429 rate limited: https://en.wikipedia.org/w/api.php?format=json&action=query&list=categorymembers&cmtitle=Category)
    skip category (HTTP 429 rate limited: https://en.wikipedia.org/w/api.php?format=json&action=query&list=categorymembers&cmtitle=Category)
    skip category (HTTP 429 rate limited: https://en.wikipedia.org/w/api.php?format=json&action=query&list=categorymembers&cmtitle=Category)
    skip category (HTTP 429 rate limited: https://en.wikipedia.org/w/api.php?format=json&action=query&list=categorymembers&cmtitle=Category)
    skip category (HTTP 429 rate limited: https://en.wikipedia.org/w/api.php?format=json&action=query&list=categorymembers&cmtitle=Category)
    skip category (HTTP 429 rate limited: https://en.wikipedia.org/w/api.php?format=json&action=query&list=categorymembers&cmtitle=Category)
    skip category (HTTP 429 rate limited: https://en.wikipedia.org/w/api.php?format=json&action=query&list=categorymembers&cmtitle=Category)
    skip category (HTTP 429 rate limited: https://en.wikipedia.org/w/api.php?format=json&action=query&list=categorymembers&cmtitle=Category)
    skip category (HTTP 429 rate limited: https://en.wikipedia.org/w/api.php?format=json&action=query&list=categorymembers&cmtitle=Category)
    skip category (HTTP 429 rate limited: https://en.wikipedia.org/w/api.php?format=json&action=query&list=categorymembers&cmtitle=Category)
    skip category (HTTP 429 rate limited: https://en.wikipedia.org/w/api.php?format=json&action=query&list=categorymembers&cmtitle=Category)
    skip category (HTTP 429 rate limited: https://en.wikipedia.org/w/api.php?format=json&action=query&list=categorymembers&cmtitle=Category)
    skip category (HTTP 429 rate limited: https://en.wikipedia.org/w/api.php?format=json&action=query&list=categorymembers&cmtitle=Category)
    skip category (HTTP 429 rate limited: https://en.wikipedia.org/w/api.php?format=json&action=query&list=categorymembers&cmtitle=Category)
    skip category (HTTP 429 rate limited: https://en.wikipedia.org/w/api.php?format=json&action=query&list=categorymembers&cmtitle=Category)
    skip category (HTTP 429 rate limited: https://en.wikipedia.org/w/api.php?format=json&action=query&list=categorymembers&cmtitle=Category)
    skip category (HTTP 429 rate limited: https://en.wikipedia.org/w/api.php?format=json&action=query&list=categorymembers&cmtitle=Category)
    skip category (HTTP 429 rate limited: https://en.wikipedia.org/w/api.php?format=json&action=query&list=categorymembers&cmtitle=Category)
    skip category (HTTP 429 rate limited: https://en.wikipedia.org/w/api.php?format=json&action=query&list=categorymembers&cmtitle=Category)
    skip category (HTTP 429 rate limited: https://en.wikipedia.org/w/api.php?format=json&action=query&list=categorymembers&cmtitle=Category)
    skip category (HTTP 429 rate limited: https://en.wikipedia.org/w/api.php?format=json&action=query&list=categorymembers&cmtitle=Category)
    skip category (HTTP 429 rate limited: https://en.wikipedia.org/w/api.php?format=json&action=query&list=categorymembers&cmtitle=Category)
    skip category (HTTP 429 rate limited: https://en.wikipedia.org/w/api.php?format=json&action=query&list=categorymembers&cmtitle=Category)
    skip category (HTTP 429 rate limited: https://en.wikipedia.org/w/api.php?format=json&action=query&list=categorymembers&cmtitle=Category)
    skip category (HTTP 429 rate limited: https://en.wikipedia.org/w/api.php?format=json&action=query&list=categorymembers&cmtitle=Category)
    skip category (HTTP 429 rate limited: https://en.wikipedia.org/w/api.php?format=json&action=query&list=categorymembers&cmtitle=Category)
    skip category (HTTP 429 rate limited: https://en.wikipedia.org/w/api.php?format=json&action=query&list=categorymembers&cmtitle=Category)
    skip category (HTTP 429 rate limited: https://en.wikipedia.org/w/api.php?format=json&action=query&list=categorymembers&cmtitle=Category)
    skip category (HTTP 429 rate limited: https://en.wikipedia.org/w/api.php?format=json&action=query&list=categorymembers&cmtitle=Category)
    skip category (HTTP 429 rate limited: https://en.wikipedia.org/w/api.php?format=json&action=query&list=categorymembers&cmtitle=Category)
    skip category (HTTP 429 rate limited: https://en.wikipedia.org/w/api.php?format=json&action=query&list=categorymembers&cmtitle=Category)
    skip category (HTTP 429 rate limited: https://en.wikipedia.org/w/api.php?format=json&action=query&list=categorymembers&cmtitle=Category)
    skip category (HTTP 429 rate limited: https://en.wikipedia.org/w/api.php?format=json&action=query&list=categorymembers&cmtitle=Category)
    skip category (HTTP 429 rate limited: https://en.wikipedia.org/w/api.php?format=json&action=query&list=categorymembers&cmtitle=Category)
    skip category (HTTP 429 rate limited: https://en.wikipedia.org/w/api.php?format=json&action=query&list=categorymembers&cmtitle=Category)
    skip category (HTTP 429 rate limited: https://en.wikipedia.org/w/api.php?format=json&action=query&list=categorymembers&cmtitle=Category)
    skip category (HTTP 429 rate limited: https://en.wikipedia.org/w/api.php?format=json&action=query&list=categorymembers&cmtitle=Category)
    skip category (HTTP 429 rate limited: https://en.wikipedia.org/w/api.php?format=json&action=query&list=categorymembers&cmtitle=Category)
    skip category (HTTP 429 rate limited: https://en.wikipedia.org/w/api.php?format=json&action=query&list=categorymembers&cmtitle=Category)
    skip category (HTTP 429 rate limited: https://en.wikipedia.org/w/api.php?format=json&action=query&list=categorymembers&cmtitle=Category)
    skip category (HTTP 429 rate limited: https://en.wikipedia.org/w/api.php?format=json&action=query&list=categorymembers&cmtitle=Category)
    skip category (HTTP 429 rate limited: https://en.wikipedia.org/w/api.php?format=json&action=query&list=categorymembers&cmtitle=Category)
  [rich] Wikipedia batch failed: HTTP 429 for https://en.wikipedia.org/w/api.php?action=query&format=json&origin=*&titles=American+Girl+entry+10%7CAmerican+Girl+entry+11%7CAmerican+Girl+entry+12%7CAmerican+Girl+entry+13%7CAmerican+Girl+entry+14%7CAmerican+Girl+entry+15%7CAmerican+Girl+entry+16%7CAmerican+Girl+entry+17%7CAmerican+Girl+entry+18%7CAmerican+Girl+entry+19%7CAmerican+Girl+entry+20%7CAmerican+Girl+entry+21&redirects=1&prop=extracts&explaintext=1&exintro=1&exlimit=max: You are making too many requests to the API.
Please follow the best practices at <https://www.mediawiki.org/wiki/Wikimedia_APIs/Rate_limits>.
If you are unsure how to get the access you need, contact 
  [rich] Wikipedia batch failed: HTTP 429 for https://en.wikipedia.org/w/api.php?action=query&format=json&origin=*&titles=American+Girl+entry+10%7CAmerican+Girl+entry+11%7CAmerican+Girl+entry+12%7CAmerican+Girl+entry+13%7CAmerican+Girl+entry+14%7CAmerican+Girl+entry+15%7CAmerican+Girl+entry+16%7CAmerican+Girl+entry+17%7CAmerican+Girl+entry+18%7CAmerican+Girl+entry+19%7CAmerican+Girl+entry+20%7CAmerican+Girl+entry+21&redirects=1&prop=extracts&explaintext=1&exintro=1&exlimit=max: You are making too many requests to the API.
Please follow the best practices at <https://www.mediawiki.org/wiki/Wikimedia_APIs/Rate_limits>.
If you are unsure how to get the access you need, contact 
  [rich] Wikipedia batch failed: HTTP 429 for https://en.wikipedia.org/w/api.php?action=query&format=json&origin=*&titles=American+Girl+entry+10%7CAmerican+Girl+entry+11%7CAmerican+Girl+entry+12%7CAmerican+Girl+entry+13%7CAmerican+Girl+entry+14%7CAmerican+Girl+entry+15%7CAmerican+Girl+entry+16%7CAmerican+Girl+entry+17%7CAmerican+Girl+entry+18%7CAmerican+Girl+entry+19%7CAmerican+Girl+entry+20%7CAmerican+Girl+entry+21&redirects=1&prop=extracts&explaintext=1&exintro=1&exlimit=max: You are making too many requests to the API.
Please follow the best practices at <https://www.mediawiki.org/wiki/Wikimedia_APIs/Rate_limits>.
If you are unsure how to get the access you need, contact 
  [rich] Wikipedia batch failed: HTTP 429 for https://en.wikipedia.org/w/api.php?action=query&format=json&origin=*&titles=American+Girl+entry+10%7CAmerican+Girl+entry+11%7CAmerican+Girl+entry+12%7CAmerican+Girl+entry+13%7CAmerican+Girl+entry+14%7CAmerican+Girl+entry+15%7CAmerican+Girl+entry+16%7CAmerican+Girl+entry+17%7CAmerican+Girl+entry+18%7CAmerican+Girl+entry+19%7CAmerican+Girl+entry+20%7CAmerican+Girl+entry+21&redirects=1&prop=extracts&explaintext=1&exintro=1&exlimit=max: You are making too many requests to the API.
Please follow the best practices at <https://www.mediawiki.org/wiki/Wikimedia_APIs/Rate_limits>.
If you are unsure how to get the access you need, contact 
  [rich] Wikipedia batch failed: HTTP 429 for https://en.wikipedia.org/w/api.php?action=query&format=json&origin=*&titles=American+Girl+entry+22%7CAmerican+Girl+entry+23%7CAmerican+Girl+entry+24&redirects=1&prop=extracts&explaintext=1&exintro=1&exlimit=max: You are making too many requests to the API.
Please follow the best practices at <https://www.mediawiki.org/wiki/Wikimedia_APIs/Rate_limits>.
If you are unsure how to get the access you need, contact 
  [rich] Wikipedia batch failed: HTTP 429 for https://en.wikipedia.org/w/api.php?action=query&format=json&origin=*&titles=American+Girl+entry+22%7CAmerican+Girl+entry+23%7CAmerican+Girl+entry+24&redirects=1&prop=extracts&explaintext=1&exintro=1&exlimit=max: You are making too many requests to the API.
Please follow the best practices at <https://www.mediawiki.org/wiki/Wikimedia_APIs/Rate_limits>.
If you are unsure how to get the access you need, contact 
  [rich] Wikipedia batch failed: HTTP 429 for https://en.wikipedia.org/w/api.php?action=query&format=json&origin=*&titles=American+Girl+entry+22%7CAmerican+Girl+entry+23%7CAmerican+Girl+entry+24&redirects=1&prop=extracts&explaintext=1&exintro=1&exlimit=max: You are making too many requests to the API.
Please follow the best practices at <https://www.mediawiki.org/wiki/Wikimedia_APIs/Rate_limits>.
If you are unsure how to get the access you need, contact 
  [rich] Wikipedia batch failed: HTTP 429 for https://en.wikipedia.org/w/api.php?action=query&format=json&origin=*&titles=American+Girl+entry+22%7CAmerican+Girl+entry+23%7CAmerican+Girl+entry+24&redirects=1&prop=extracts&explaintext=1&exintro=1&exlimit=max: You are making too many requests to the API.
Please follow the best practices at <https://www.mediawiki.org/wiki/Wikimedia_APIs/Rate_limits>.
If you are unsure how to get the access you need, contact 
    skip category (HTTP 429 rate limited: https://en.wikipedia.org/w/api.php?format=json&action=query&list=categorymembers&cmtitle=Category)
    skip category (HTTP 429 rate limited: https://en.wikipedia.org/w/api.php?format=json&action=query&list=categorymembers&cmtitle=Category)
    skip category (HTTP 429 rate limited: https://en.wikipedia.org/w/api.php?format=json&action=query&list=categorymembers&cmtitle=Category)
    skip category (HTTP 429 rate limited: https://en.wikipedia.org/w/api.php?format=json&action=query&list=categorymembers&cmtitle=Category)
    skip category (HTTP 429 rate limited: https://en.wikipedia.org/w/api.php?format=json&action=query&list=categorymembers&cmtitle=Category)
    skip category (HTTP 429 rate limited: https://en.wikipedia.org/w/api.php?format=json&action=query&list=categorymembers&cmtitle=Category)
    skip category (HTTP 429 rate limited: https://en.wikipedia.org/w/api.php?format=json&action=query&list=categorymembers&cmtitle=Category)
    skip category (HTTP 429 rate limited: https://en.wikipedia.org/w/api.php?format=json&action=query&list=categorymembers&cmtitle=Category)
    skip category (HTTP 429 rate limited: https://en.wikipedia.org/w/api.php?format=json&action=query&list=categorymembers&cmtitle=Category)
    skip category (HTTP 429 rate limited: https://en.wikipedia.org/w/api.php?format=json&action=query&list=categorymembers&cmtitle=Category)
    skip category (HTTP 429 rate limited: https://en.wikipedia.org/w/api.php?format=json&action=query&list=categorymembers&cmtitle=Category)
    skip category (HTTP 429 rate limited: https://en.wikipedia.org/w/api.php?format=json&action=query&list=categorymembers&cmtitle=Category)
    skip category (HTTP 429 rate limited: https://en.wikipedia.org/w/api.php?format=json&action=query&list=categorymembers&cmtitle=Category)
    skip category (HTTP 429 rate limited: https://en.wikipedia.org/w/api.php?format=json&action=query&list=categorymembers&cmtitle=Category)
    skip category (HTTP 429 rate limited: https://en.wikipedia.org/w/api.php?format=json&action=query&list=categorymembers&cmtitle=Category)
    skip category (HTTP 429 rate limited: https://en.wikipedia.org/w/api.php?format=json&action=query&list=categorymembers&cmtitle=Category)
    skip category (HTTP 429 rate limited: https://en.wikipedia.org/w/api.php?format=json&action=query&list=categorymembers&cmtitle=Category)
    skip category (HTTP 429 rate limited: https://en.wikipedia.org/w/api.php?format=json&action=query&list=categorymembers&cmtitle=Category)
    skip category (HTTP 429 rate limited: https://en.wikipedia.org/w/api.php?format=json&action=query&list=categorymembers&cmtitle=Category)
    skip category (HTTP 429 rate limited: https://en.wikipedia.org/w/api.php?format=json&action=query&list=categorymembers&cmtitle=Category)
    skip category (HTTP 429 rate limited: https://en.wikipedia.org/w/api.php?format=json&action=query&list=categorymembers&cmtitle=Category)
    skip category (HTTP 429 rate limited: https://en.wikipedia.org/w/api.php?format=json&action=query&list=categorymembers&cmtitle=Category)
    skip category (HTTP 429 rate limited: https://en.wikipedia.org/w/api.php?format=json&action=query&list=categorymembers&cmtitle=Category)
    skip category (HTTP 429 rate limited: https://en.wikipedia.org/w/api.php?format=json&action=query&list=categorymembers&cmtitle=Category)
    skip category (HTTP 429 rate limited: https://en.wikipedia.org/w/api.php?format=json&action=query&list=categorymembers&cmtitle=Category)
    skip category (HTTP 429 rate limited: https://en.wikipedia.org/w/api.php?format=json&action=query&list=categorymembers&cmtitle=Category)
    skip category (HTTP 429 rate limited: https://en.wikipedia.org/w/api.php?format=json&action=query&list=categorymembers&cmtitle=Category)
    skip category (HTTP 429 rate limited: https://en.wikipedia.org/w/api.php?format=json&action=query&list=categorymembers&cmtitle=Category)
  [rich] Wikipedia batch failed: HTTP 429 for https://en.wikipedia.org/w/api.php?action=query&format=json&origin=*&titles=Playmobil+entry+22%7CPlaymobil+entry+23%7CPlaymobil+entry+24&redirects=1&prop=extracts&explaintext=1&exintro=1&exlimit=max: You are making too many requests to the API.
Please follow the best practices at <https://www.mediawiki.org/wiki/Wikimedia_APIs/Rate_limits>.
If you are unsure how to get the access you need, contact 
  [rich] Wikipedia batch failed: HTTP 429 for https://en.wikipedia.org/w/api.php?action=query&format=json&origin=*&titles=Playmobil+entry+22%7CPlaymobil+entry+23%7CPlaymobil+entry+24&redirects=1&prop=extracts&explaintext=1&exintro=1&exlimit=max: You are making too many requests to the API.
Please follow the best practices at <https://www.mediawiki.org/wiki/Wikimedia_APIs/Rate_limits>.
If you are unsure how to get the access you need, contact 
  [rich] Wikipedia batch failed: HTTP 429 for https://en.wikipedia.org/w/api.php?action=query&format=json&origin=*&titles=Playmobil+entry+22%7CPlaymobil+entry+23%7CPlaymobil+entry+24&redirects=1&prop=extracts&explaintext=1&exintro=1&exlimit=max: You are making too many requests to the API.
Please follow the best practices at <https://www.mediawiki.org/wiki/Wikimedia_APIs/Rate_limits>.
If you are unsure how to get the access you need, contact 
  [rich] Wikipedia batch failed: HTTP 429 for https://en.wikipedia.org/w/api.php?action=query&format=json&origin=*&titles=Playmobil+entry+22%7CPlaymobil+entry+23%7CPlaymobil+entry+24&redirects=1&prop=extracts&explaintext=1&exintro=1&exlimit=max: You are making too many requests to the API.
Please follow the best practices at <https://www.mediawiki.org/wiki/Wikimedia_APIs/Rate_limits>.
If you are unsure how to get the access you need, contact 
    skip category (HTTP 429 rate limited: https://en.wikipedia.org/w/api.php?format=json&action=query&list=categorymembers&cmtitle=Category)
    skip category (HTTP 429 rate limited: https://en.wikipedia.org/w/api.php?format=json&action=query&list=categorymembers&cmtitle=Category)
    skip category (HTTP 429 rate limited: https://en.wikipedia.org/w/api.php?format=json&action=query&list=categorymembers&cmtitle=Category)
    skip category (HTTP 429 rate limited: https://en.wikipedia.org/w/api.php?format=json&action=query&list=categorymembers&cmtitle=Category)
    skip category (HTTP 429 rate limited: https://en.wikipedia.org/w/api.php?format=json&action=query&list=categorymembers&cmtitle=Category)
    skip category (HTTP 429 rate limited: https://en.wikipedia.org/w/api.php?format=json&action=query&list=categorymembers&cmtitle=Category)
    skip category (HTTP 429 rate limited: https://en.wikipedia.org/w/api.php?format=json&action=query&list=categorymembers&cmtitle=Category)
    skip category (HTTP 429 rate limited: https://en.wikipedia.org/w/api.php?format=json&action=query&list=categorymembers&cmtitle=Category)
    skip category (HTTP 429 rate limited: https://en.wikipedia.org/w/api.php?format=json&action=query&list=categorymembers&cmtitle=Category)
    skip category (HTTP 429 rate limited: https://en.wikipedia.org/w/api.php?format=json&action=query&list=categorymembers&cmtitle=Category)
    skip category (HTTP 429 rate limited: https://en.wikipedia.org/w/api.php?format=json&action=query&list=categorymembers&cmtitle=Category)
    skip category (HTTP 429 rate limited: https://en.wikipedia.org/w/api.php?format=json&action=query&list=categorymembers&cmtitle=Category)
    skip category (HTTP 429 rate limited: https://en.wikipedia.org/w/api.php?format=json&action=query&list=categorymembers&cmtitle=Category)
    skip category (HTTP 429 rate limited: https://en.wikipedia.org/w/api.php?format=json&action=query&list=categorymembers&cmtitle=Category)
    skip category (HTTP 429 rate limited: https://en.wikipedia.org/w/api.php?format=json&action=query&list=categorymembers&cmtitle=Category)
    skip category (HTTP 429 rate limited: https://en.wikipedia.org/w/api.php?format=json&action=query&list=categorymembers&cmtitle=Category)
    skip category (HTTP 429 rate limited: https://en.wikipedia.org/w/api.php?format=json&action=query&list=categorymembers&cmtitle=Category)
    skip category (HTTP 429 rate limited: https://en.wikipedia.org/w/api.php?format=json&action=query&list=categorymembers&cmtitle=Category)
    skip category (HTTP 429 rate limited: https://en.wikipedia.org/w/api.php?format=json&action=query&list=categorymembers&cmtitle=Category)
    skip category (HTTP 429 rate limited: https://en.wikipedia.org/w/api.php?format=json&action=query&list=categorymembers&cmtitle=Category)
    skip category (HTTP 429 rate limited: https://en.wikipedia.org/w/api.php?format=json&action=query&list=categorymembers&cmtitle=Category)
    skip category (HTTP 429 rate limited: https://en.wikipedia.org/w/api.php?format=json&action=query&list=categorymembers&cmtitle=Category)
    skip category (HTTP 429 rate limited: https://en.wikipedia.org/w/api.php?format=json&action=query&list=categorymembers&cmtitle=Category)
    skip category (HTTP 429 rate limited: https://en.wikipedia.org/w/api.php?format=json&action=query&list=categorymembers&cmtitle=Category)
    skip category (HTTP 429 rate limited: https://en.wikipedia.org/w/api.php?format=json&action=query&list=categorymembers&cmtitle=Category)
    skip category (HTTP 429 rate limited: https://en.wikipedia.org/w/api.php?format=json&action=query&list=categorymembers&cmtitle=Category)
    skip category (HTTP 429 rate limited: https://en.wikipedia.org/w/api.php?format=json&action=query&list=categorymembers&cmtitle=Category)
    skip category (HTTP 429 rate limited: https://en.wikipedia.org/w/api.php?format=json&action=query&list=categorymembers&cmtitle=Category)
    skip category (HTTP 429 rate limited: https://en.wikipedia.org/w/api.php?format=json&action=query&list=categorymembers&cmtitle=Category)
    skip category (HTTP 429 rate limited: https://en.wikipedia.org/w/api.php?format=json&action=query&list=categorymembers&cmtitle=Category)
    skip category (HTTP 429 rate limited: https://en.wikipedia.org/w/api.php?format=json&action=query&list=categorymembers&cmtitle=Category)
    skip category (HTTP 429 rate limited: https://en.wikipedia.org/w/api.php?format=json&action=query&list=categorymembers&cmtitle=Category)
    skip category (HTTP 429 rate limited: https://en.wikipedia.org/w/api.php?format=json&action=query&list=categorymembers&cmtitle=Category)
    skip category (HTTP 429 rate limited: https://en.wikipedia.org/w/api.php?format=json&action=query&list=categorymembers&cmtitle=Category)
    skip category (HTTP 429 rate limited: https://en.wikipedia.org/w/api.php?format=json&action=query&list=categorymembers&cmtitle=Category)
  [rich] Wikipedia batch failed: HTTP 429 for https://en.wikipedia.org/w/api.php?action=query&format=json&origin=*&titles=Starrcade+entry+22%7CStarrcade+entry+23%7CStarrcade+entry+24&redirects=1&prop=extracts&explaintext=1&exintro=1&exlimit=max: You are making too many requests to the API.
Please follow the best practices at <https://www.mediawiki.org/wiki/Wikimedia_APIs/Rate_limits>.
If you are unsure how to get the access you need, contact 
  [rich] Wikipedia batch failed: HTTP 429 for https://en.wikipedia.org/w/api.php?action=query&format=json&origin=*&titles=Starrcade+entry+22%7CStarrcade+entry+23%7CStarrcade+entry+24&redirects=1&prop=extracts&explaintext=1&exintro=1&exlimit=max: You are making too many requests to the API.
Please follow the best practices at <https://www.mediawiki.org/wiki/Wikimedia_APIs/Rate_limits>.
If you are unsure how to get the access you need, contact 
  [rich] Wikipedia batch failed: HTTP 429 for https://en.wikipedia.org/w/api.php?action=query&format=json&origin=*&titles=Starrcade+entry+22%7CStarrcade+entry+23%7CStarrcade+entry+24&redirects=1&prop=extracts&explaintext=1&exintro=1&exlimit=max: You are making too many requests to the API.
Please follow the best practices at <https://www.mediawiki.org/wiki/Wikimedia_APIs/Rate_limits>.
If you are unsure how to get the access you need, contact 
  [rich] Wikipedia batch failed: HTTP 429 for https://en.wikipedia.org/w/api.php?action=query&format=json&origin=*&titles=Starrcade+entry+22%7CStarrcade+entry+23%7CStarrcade+entry+24&redirects=1&prop=extracts&explaintext=1&exintro=1&exlimit=max: You are making too many requests to the API.
Please follow the best practices at <https://www.mediawiki.org/wiki/Wikimedia_APIs/Rate_limits>.
If you are unsure how to get the access you need, contact 
    skip category (HTTP 429 rate limited: https://en.wikipedia.org/w/api.php?format=json&action=query&list=categorymembers&cmtitle=Category)
    skip category (HTTP 429 rate limited: https://en.wikipedia.org/w/api.php?format=json&action=query&list=categorymembers&cmtitle=Category)
    skip category (HTTP 429 rate limited: https://en.wikipedia.org/w/api.php?format=json&action=query&list=categorymembers&cmtitle=Category)
    skip category (HTTP 429 rate limited: https://en.wikipedia.org/w/api.php?format=json&action=query&list=categorymembers&cmtitle=Category)
    skip category (HTTP 429 rate limited: https://en.wikipedia.org/w/api.php?format=json&action=query&list=categorymembers&cmtitle=Category)
    skip category (HTTP 429 rate limited: https://en.wikipedia.org/w/api.php?format=json&action=query&list=categorymembers&cmtitle=Category)
    skip category (HTTP 429 rate limited: https://en.wikipedia.org/w/api.php?format=json&action=query&list=categorymembers&cmtitle=Category)
    skip category (HTTP 429 rate limited: https://en.wikipedia.org/w/api.php?format=json&action=query&list=categorymembers&cmtitle=Category)
    skip category (HTTP 429 rate limited: https://en.wikipedia.org/w/api.php?format=json&action=query&list=categorymembers&cmtitle=Category)
    skip category (HTTP 429 rate limited: https://en.wikipedia.org/w/api.php?format=json&action=query&list=categorymembers&cmtitle=Category)
    skip category (HTTP 429 rate limited: https://en.wikipedia.org/w/api.php?format=json&action=query&list=categorymembers&cmtitle=Category)
    skip category (HTTP 429 rate limited: https://en.wikipedia.org/w/api.php?format=json&action=query&list=categorymembers&cmtitle=Category)
    skip category (HTTP 429 rate limited: https://en.wikipedia.org/w/api.php?format=json&action=query&list=categorymembers&cmtitle=Category)
    skip category (HTTP 429 rate limited: https://en.wikipedia.org/w/api.php?format=json&action=query&list=categorymembers&cmtitle=Category)
    skip category (HTTP 429 rate limited: https://en.wikipedia.org/w/api.php?format=json&action=query&list=categorymembers&cmtitle=Category)
    skip category (HTTP 429 rate limited: https://en.wikipedia.org/w/api.php?format=json&action=query&list=categorymembers&cmtitle=Category)
    skip category (HTTP 429 rate limited: https://en.wikipedia.org/w/api.php?format=json&action=query&list=categorymembers&cmtitle=Category)
    skip category (HTTP 429 rate limited: https://en.wikipedia.org/w/api.php?format=json&action=query&list=categorymembers&cmtitle=Category)
    skip category (HTTP 429 rate limited: https://en.wikipedia.org/w/api.php?format=json&action=query&list=categorymembers&cmtitle=Category)
    skip category (HTTP 429 rate limited: https://en.wikipedia.org/w/api.php?format=json&action=query&list=categorymembers&cmtitle=Category)
    skip category (HTTP 429 rate limited: https://en.wikipedia.org/w/api.php?format=json&action=query&list=categorymembers&cmtitle=Category)
    skip category (HTTP 429 rate limited: https://en.wikipedia.org/w/api.php?format=json&action=query&list=categorymembers&cmtitle=Category)
    skip category (HTTP 429 rate limited: https://en.wikipedia.org/w/api.php?format=json&action=query&list=categorymembers&cmtitle=Category)
    skip category (HTTP 429 rate limited: https://en.wikipedia.org/w/api.php?format=json&action=query&list=categorymembers&cmtitle=Category)
    skip category (HTTP 429 rate limited: https://en.wikipedia.org/w/api.php?format=json&action=query&list=categorymembers&cmtitle=Category)
    skip category (HTTP 429 rate limited: https://en.wikipedia.org/w/api.php?format=json&action=query&list=categorymembers&cmtitle=Category)
    skip category (HTTP 429 rate limited: https://en.wikipedia.org/w/api.php?format=json&action=query&list=categorymembers&cmtitle=Category)
    skip category (HTTP 429 rate limited: https://en.wikipedia.org/w/api.php?format=json&action=query&list=categorymembers&cmtitle=Category)
    skip category (HTTP 429 rate limited: https://en.wikipedia.org/w/api.php?format=json&action=query&list=categorymembers&cmtitle=Category)
    skip category (HTTP 429 rate limited: https://en.wikipedia.org/w/api.php?format=json&action=query&list=categorymembers&cmtitle=Category)
    skip category (HTTP 429 rate limited: https://en.wikipedia.org/w/api.php?format=json&action=query&list=categorymembers&cmtitle=Category)
    skip category (HTTP 429 rate limited: https://en.wikipedia.org/w/api.php?format=json&action=query&list=categorymembers&cmtitle=Category)
    skip category (HTTP 429 rate limited: https://en.wikipedia.org/w/api.php?format=json&action=query&list=categorymembers&cmtitle=Category)
    skip category (HTTP 429 rate limited: https://en.wikipedia.org/w/api.php?format=json&action=query&list=categorymembers&cmtitle=Category)
    skip category (HTTP 429 rate limited: https://en.wikipedia.org/w/api.php?format=json&action=query&list=categorymembers&cmtitle=Category)
    skip category (HTTP 429 rate limited: https://en.wikipedia.org/w/api.php?format=json&action=query&list=categorymembers&cmtitle=Category)
    skip category (HTTP 429 rate limited: https://en.wikipedia.org/w/api.php?format=json&action=query&list=categorymembers&cmtitle=Category)
    skip category (HTTP 429 rate limited: https://en.wikipedia.org/w/api.php?format=json&action=query&list=categorymembers&cmtitle=Category)
    skip category (HTTP 429 rate limited: https://en.wikipedia.org/w/api.php?format=json&action=query&list=categorymembers&cmtitle=Category)
    skip category (HTTP 429 rate limited: https://en.wikipedia.org/w/api.php?format=json&action=query&list=categorymembers&cmtitle=Category)
    skip category (HTTP 429 rate limited: https://en.wikipedia.org/w/api.php?format=json&action=query&list=categorymembers&cmtitle=Category)
    skip category (HTTP 429 rate limited: https://en.wikipedia.org/w/api.php?format=json&action=query&list=categorymembers&cmtitle=Category)
    skip category (HTTP 429 rate limited: https://en.wikipedia.org/w/api.php?format=json&action=query&list=categorymembers&cmtitle=Category)
    skip category (HTTP 429 rate limited: https://en.wikipedia.org/w/api.php?format=json&action=query&list=categorymembers&cmtitle=Category)
    skip category (HTTP 429 rate limited: https://en.wikipedia.org/w/api.php?format=json&action=query&list=categorymembers&cmtitle=Category)
    skip category (HTTP 429 rate limited: https://en.wikipedia.org/w/api.php?format=json&action=query&list=categorymembers&cmtitle=Category)
    skip category (HTTP 429 rate limited: https://en.wikipedia.org/w/api.php?format=json&action=query&list=categorymembers&cmtitle=Category)
    skip category (HTTP 429 rate limited: https://en.wikipedia.org/w/api.php?format=json&action=query&list=categorymembers&cmtitle=Category)
    skip category (HTTP 429 rate limited: https://en.wikipedia.org/w/api.php?format=json&action=query&list=categorymembers&cmtitle=Category)
    skip category (HTTP 429 rate limited: https://en.wikipedia.org/w/api.php?format=json&action=query&list=categorymembers&cmtitle=Category)
    skip category (HTTP 429 rate limited: https://en.wikipedia.org/w/api.php?format=json&action=query&list=categorymembers&cmtitle=Category)
    skip category (HTTP 429 rate limited: https://en.wikipedia.org/w/api.php?format=json&action=query&list=categorymembers&cmtitle=Category)
    skip category (HTTP 429 rate limited: https://en.wikipedia.org/w/api.php?format=json&action=query&list=categorymembers&cmtitle=Category)
    skip category (HTTP 429 rate limited: https://en.wikipedia.org/w/api.php?format=json&action=query&list=categorymembers&cmtitle=Category)
    skip category (HTTP 429 rate limited: https://en.wikipedia.org/w/api.php?format=json&action=query&list=categorymembers&cmtitle=Category)
    skip category (HTTP 429 rate limited: https://en.wikipedia.org/w/api.php?format=json&action=query&list=categorymembers&cmtitle=Category)
    skip category (HTTP 429 rate limited: https://en.wikipedia.org/w/api.php?format=json&action=query&list=categorymembers&cmtitle=Category)
    skip category (HTTP 429 rate limited: https://en.wikipedia.org/w/api.php?format=json&action=query&list=categorymembers&cmtitle=Category)
    skip category (HTTP 429 rate limited: https://en.wikipedia.org/w/api.php?format=json&action=query&list=categorymembers&cmtitle=Category)
    skip category (HTTP 429 rate limited: https://en.wikipedia.org/w/api.php?format=json&action=query&list=categorymembers&cmtitle=Category)
    skip category (HTTP 429 rate limited: https://en.wikipedia.org/w/api.php?format=json&action=query&list=categorymembers&cmtitle=Category)
    skip category (HTTP 429 rate limited: https://en.wikipedia.org/w/api.php?format=json&action=query&list=categorymembers&cmtitle=Category)
    skip category (HTTP 429 rate limited: https://en.wikipedia.org/w/api.php?format=json&action=query&list=categorymembers&cmtitle=Category)
    skip category (HTTP 429 rate limited: https://en.wikipedia.org/w/api.php?format=json&action=query&list=categorymembers&cmtitle=Category)
    skip category (HTTP 429 rate limited: https://en.wikipedia.org/w/api.php?format=json&action=query&list=categorymembers&cmtitle=Category)
    skip category (HTTP 429 rate limited: https://en.wikipedia.org/w/api.php?format=json&action=query&list=categorymembers&cmtitle=Category)
    skip category (HTTP 429 rate limited: https://en.wikipedia.org/w/api.php?format=json&action=query&list=categorymembers&cmtitle=Category)
    skip category (HTTP 429 rate limited: https://en.wikipedia.org/w/api.php?format=json&action=query&list=categorymembers&cmtitle=Category)
    skip category (HTTP 429 rate limited: https://en.wikipedia.org/w/api.php?format=json&action=query&list=categorymembers&cmtitle=Category)
    skip category (HTTP 429 rate limited: https://en.wikipedia.org/w/api.php?format=json&action=query&list=categorymembers&cmtitle=Category)
    skip category (HTTP 429 rate limited: https://en.wikipedia.org/w/api.php?format=json&action=query&list=categorymembers&cmtitle=Category)
    skip category (HTTP 429 rate limited: https://en.wikipedia.org/w/api.php?format=json&action=query&list=categorymembers&cmtitle=Category)
    skip category (HTTP 429 rate limited: https://en.wikipedia.org/w/api.php?format=json&action=query&list=categorymembers&cmtitle=Category)
    skip category (HTTP 429 rate limited: https://en.wikipedia.org/w/api.php?format=json&action=query&list=categorymembers&cmtitle=Category)
    skip category (HTTP 429 rate limited: https://en.wikipedia.org/w/api.php?format=json&action=query&list=categorymembers&cmtitle=Category)
    skip category (HTTP 429 rate limited: https://en.wikipedia.org/w/api.php?format=json&action=query&list=categorymembers&cmtitle=Category)
    skip category (HTTP 429 rate limited: https://en.wikipedia.org/w/api.php?format=json&action=query&list=categorymembers&cmtitle=Category)
    skip category (HTTP 429 rate limited: https://en.wikipedia.org/w/api.php?format=json&action=query&list=categorymembers&cmtitle=Category)
    skip category (HTTP 429 rate limited: https://en.wikipedia.org/w/api.php?format=json&action=query&list=categorymembers&cmtitle=Category)
    skip category (HTTP 429 rate limited: https://en.wikipedia.org/w/api.php?format=json&action=query&list=categorymembers&cmtitle=Category)
    skip category (HTTP 429 rate limited: https://en.wikipedia.org/w/api.php?format=json&action=query&list=categorymembers&cmtitle=Category)
    skip category (HTTP 429 rate limited: https://en.wikipedia.org/w/api.php?format=json&action=query&list=categorymembers&cmtitle=Category)
    skip category (HTTP 429 rate limited: https://en.wikipedia.org/w/api.php?format=json&action=query&list=categorymembers&cmtitle=Category)
    skip category (HTTP 429 rate limited: https://en.wikipedia.org/w/api.php?format=json&action=query&list=categorymembers&cmtitle=Category)
    skip category (HTTP 429 rate limited: https://en.wikipedia.org/w/api.php?format=json&action=query&list=categorymembers&cmtitle=Category)
    skip category (HTTP 429 rate limited: https://en.wikipedia.org/w/api.php?format=json&action=query&list=categorymembers&cmtitle=Category)
    skip category (HTTP 429 rate limited: https://en.wikipedia.org/w/api.php?format=json&action=query&list=categorymembers&cmtitle=Category)
    skip category (HTTP 429 rate limited: https://en.wikipedia.org/w/api.php?format=json&action=query&list=categorymembers&cmtitle=Category)
    skip category (HTTP 429 rate limited: https://en.wikipedia.org/w/api.php?format=json&action=query&list=categorymembers&cmtitle=Category)
    skip category (HTTP 429 rate limited: https://en.wikipedia.org/w/api.php?format=json&action=query&list=categorymembers&cmtitle=Category)
    skip category (HTTP 429 rate limited: https://en.wikipedia.org/w/api.php?format=json&action=query&list=categorymembers&cmtitle=Category)
    skip category (HTTP 429 rate limited: https://en.wikipedia.org/w/api.php?format=json&action=query&list=categorymembers&cmtitle=Category)
    skip category (HTTP 429 rate limited: https://en.wikipedia.org/w/api.php?format=json&action=query&list=categorymembers&cmtitle=Category)
    skip category (HTTP 429 rate limited: https://en.wikipedia.org/w/api.php?format=json&action=query&list=categorymembers&cmtitle=Category)
    skip category (HTTP 429 rate limited: https://en.wikipedia.org/w/api.php?format=json&action=query&list=categorymembers&cmtitle=Category)
    skip category (HTTP 429 rate limited: https://en.wikipedia.org/w/api.php?format=json&action=query&list=categorymembers&cmtitle=Category)
    skip category (HTTP 429 rate limited: https://en.wikipedia.org/w/api.php?format=json&action=query&list=categorymembers&cmtitle=Category)
    skip category (HTTP 429 rate limited: https://en.wikipedia.org/w/api.php?format=json&action=query&list=categorymembers&cmtitle=Category)
    skip category (HTTP 429 rate limited: https://en.wikipedia.org/w/api.php?format=json&action=query&list=categorymembers&cmtitle=Category)
    skip category (HTTP 429 rate limited: https://en.wikipedia.org/w/api.php?format=json&action=query&list=categorymembers&cmtitle=Category)
    skip category (HTTP 429 rate limited: https://en.wikipedia.org/w/api.php?format=json&action=query&list=categorymembers&cmtitle=Category)
    skip category (HTTP 429 rate limited: https://en.wikipedia.org/w/api.php?format=json&action=query&list=categorymembers&cmtitle=Category)
    skip category (HTTP 429 rate limited: https://en.wikipedia.org/w/api.php?format=json&action=query&list=categorymembers&cmtitle=Category)
    skip category (HTTP 429 rate limited: https://en.wikipedia.org/w/api.php?format=json&action=query&list=categorymembers&cmtitle=Category)
    skip category (HTTP 429 rate limited: https://en.wikipedia.org/w/api.php?format=json&action=query&list=categorymembers&cmtitle=Category)
    skip category (HTTP 429 rate limited: https://en.wikipedia.org/w/api.php?format=json&action=query&list=categorymembers&cmtitle=Category)
    skip category (HTTP 429 rate limited: https://en.wikipedia.org/w/api.php?format=json&action=query&list=categorymembers&cmtitle=Category)
    skip category (HTTP 429 rate limited: https://en.wikipedia.org/w/api.php?format=json&action=query&list=categorymembers&cmtitle=Category)
    skip category (HTTP 429 rate limited: https://en.wikipedia.org/w/api.php?format=json&action=query&list=categorymembers&cmtitle=Category)
    skip category (HTTP 429 rate limited: https://en.wikipedia.org/w/api.php?format=json&action=query&list=categorymembers&cmtitle=Category)
    skip category (HTTP 429 rate limited: https://en.wikipedia.org/w/api.php?format=json&action=query&list=categorymembers&cmtitle=Category)
    skip category (HTTP 429 rate limited: https://en.wikipedia.org/w/api.php?format=json&action=query&list=categorymembers&cmtitle=Category)
    skip category (HTTP 429 rate limited: https://en.wikipedia.org/w/api.php?format=json&action=query&list=categorymembers&cmtitle=Category)
    skip category (HTTP 429 rate limited: https://en.wikipedia.org/w/api.php?format=json&action=query&list=categorymembers&cmtitle=Category)
    skip category (HTTP 429 rate limited: https://en.wikipedia.org/w/api.php?format=json&action=query&list=categorymembers&cmtitle=Category)
    skip category (HTTP 429 rate limited: https://en.wikipedia.org/w/api.php?format=json&action=query&list=categorymembers&cmtitle=Category)
    skip category (HTTP 429 rate limited: https://en.wikipedia.org/w/api.php?format=json&action=query&list=categorymembers&cmtitle=Category)
    skip category (HTTP 429 rate limited: https://en.wikipedia.org/w/api.php?format=json&action=query&list=categorymembers&cmtitle=Category)
    skip category (HTTP 429 rate limited: https://en.wikipedia.org/w/api.php?format=json&action=query&list=categorymembers&cmtitle=Category)
    skip category (HTTP 429 rate limited: https://en.wikipedia.org/w/api.php?format=json&action=query&list=categorymembers&cmtitle=Category)
    skip category (HTTP 429 rate limited: https://en.wikipedia.org/w/api.php?format=json&action=query&list=categorymembers&cmtitle=Category)
    skip category (HTTP 429 rate limited: https://en.wikipedia.org/w/api.php?format=json&action=query&list=categorymembers&cmtitle=Category)
    skip category (HTTP 429 rate limited: https://en.wikipedia.org/w/api.php?format=json&action=query&list=categorymembers&cmtitle=Category)
    skip category (HTTP 429 rate limited: https://en.wikipedia.org/w/api.php?format=json&action=query&list=categorymembers&cmtitle=Category)
    skip category (HTTP 429 rate limited: https://en.wikipedia.org/w/api.php?format=json&action=query&list=categorymembers&cmtitle=Category)
    skip category (HTTP 429 rate limited: https://en.wikipedia.org/w/api.php?format=json&action=query&list=categorymembers&cmtitle=Category)
    skip category (HTTP 429 rate limited: https://en.wikipedia.org/w/api.php?format=json&action=query&list=categorymembers&cmtitle=Category)
    skip category (HTTP 429 rate limited: https://en.wikipedia.org/w/api.php?format=json&action=query&list=categorymembers&cmtitle=Category)
    skip category (HTTP 429 rate limited: https://en.wikipedia.org/w/api.php?format=json&action=query&list=categorymembers&cmtitle=Category)
    skip category (HTTP 429 rate limited: https://en.wikipedia.org/w/api.php?format=json&action=query&list=categorymembers&cmtitle=Category)
    skip category (HTTP 429 rate limited: https://en.wikipedia.org/w/api.php?format=json&action=query&list=categorymembers&cmtitle=Category)
    skip category (HTTP 429 rate limited: https://en.wikipedia.org/w/api.php?format=json&action=query&list=categorymembers&cmtitle=Category)
    skip category (HTTP 429 rate limited: https://en.wikipedia.org/w/api.php?format=json&action=query&list=categorymembers&cmtitle=Category)
    skip category (HTTP 429 rate limited: https://en.wikipedia.org/w/api.php?format=json&action=query&list=categorymembers&cmtitle=Category)
    skip category (HTTP 429 rate limited: https://en.wikipedia.org/w/api.php?format=json&action=query&list=categorymembers&cmtitle=Category)
    skip category (HTTP 429 rate limited: https://en.wikipedia.org/w/api.php?format=json&action=query&list=categorymembers&cmtitle=Category)
    skip category (HTTP 429 rate limited: https://en.wikipedia.org/w/api.php?format=json&action=query&list=categorymembers&cmtitle=Category)
    skip category (HTTP 429 rate limited: https://en.wikipedia.org/w/api.php?format=json&action=query&list=categorymembers&cmtitle=Category)
    skip category (HTTP 429 rate limited: https://en.wikipedia.org/w/api.php?format=json&action=query&list=categorymembers&cmtitle=Category)
    skip category (HTTP 429 rate limited: https://en.wikipedia.org/w/api.php?format=json&action=query&list=categorymembers&cmtitle=Category)
  intro batch failed: HTTP 429 rate limited: https://en.wikipedia.org/w/api.php?format=json&action=query&titles=Neopets&redirects=1&prop=revisions&rvprop=content&rvslots=main
  [rich] Fandom batch failed: HTTP 429 rate limited: https://en.wikipedia.org/w/api.php?format=json&action=query&titles=Neopets%7CNeopets+figures%7CNeopets+world+%26+context%7CNeopets+places%7CNeopets+events%7CNeopets+objects+%26+artifacts%7CNeopets+factions+%26+groups%7CNeopets+concepts%7CNeopets+eras%7CNeopets+works+%26+media%7CNeopets+symbols%7CNeopets+controversies&redirects=1&prop=revisions&rvprop=content&rvslots=main
  [rich] Fandom batch failed: HTTP 429 rate limited: https://en.wikipedia.org/w/api.php?format=json&action=query&titles=Neopets+sources%7CNeopets+geography%7CNeopets+legacy%7CNeopets+practices%7CNeopets+entry+1%7CNeopets+entry+2%7CNeopets+entry+3%7CNeopets+entry+4%7CNeopets+entry+5%7CNeopets+entry+6%7CNeopets+entry+7%7CNeopets+entry+8&redirects=1&prop=revisions&rvprop=content&rvslots=main
  [rich] Fandom batch failed: HTTP 429 rate limited: https://en.wikipedia.org/w/api.php?format=json&action=query&titles=Neopets+entry+9%7CNeopets+entry+10%7CNeopets+entry+11%7CNeopets+entry+12%7CNeopets+entry+13%7CNeopets+entry+14%7CNeopets+entry+15%7CNeopets+entry+16%7CNeopets+entry+17%7CNeopets+entry+18%7CNeopets+entry+19%7CNeopets+entry+20&redirects=1&prop=revisions&rvprop=content&rvslots=main
  [rich] Fandom batch failed: HTTP 429 rate limited: https://en.wikipedia.org/w/api.php?format=json&action=query&titles=Neopets+entry+21%7CNeopets+entry+22%7CNeopets+entry+23%7CNeopets+entry+24&redirects=1&prop=revisions&rvprop=content&rvslots=main
  [rich] Wikipedia batch failed: HTTP 429 for https://en.wikipedia.org/w/api.php?action=query&format=json&origin=*&titles=Neopets+entry+9%7CNeopets+entry+10%7CNeopets+entry+11%7CNeopets+entry+12%7CNeopets+entry+13%7CNeopets+entry+14%7CNeopets+entry+15%7CNeopets+entry+16%7CNeopets+entry+17%7CNeopets+entry+18%7CNeopets+entry+19%7CNeopets+entry+20&redirects=1&prop=extracts&explaintext=1&exintro=1&exlimit=max: You are making too many requests to the API.
Please follow the best practices at <https://www.mediawiki.org/wiki/Wikimedia_APIs/Rate_limits>.
If you are unsure how to get the access you need, contact 
  [rich] Wikipedia batch failed: HTTP 429 for https://en.wikipedia.org/w/api.php?action=query&format=json&origin=*&titles=Neopets+entry+9%7CNeopets+entry+10%7CNeopets+entry+11%7CNeopets+entry+12%7CNeopets+entry+13%7CNeopets+entry+14%7CNeopets+entry+15%7CNeopets+entry+16%7CNeopets+entry+17%7CNeopets+entry+18%7CNeopets+entry+19%7CNeopets+entry+20&redirects=1&prop=extracts&explaintext=1&exintro=1&exlimit=max: You are making too many requests to the API.
Please follow the best practices at <https://www.mediawiki.org/wiki/Wikimedia_APIs/Rate_limits>.
If you are unsure how to get the access you need, contact 
  [rich] Wikipedia batch failed: HTTP 429 for https://en.wikipedia.org/w/api.php?action=query&format=json&origin=*&titles=Neopets+entry+9%7CNeopets+entry+10%7CNeopets+entry+11%7CNeopets+entry+12%7CNeopets+entry+13%7CNeopets+entry+14%7CNeopets+entry+15%7CNeopets+entry+16%7CNeopets+entry+17%7CNeopets+entry+18%7CNeopets+entry+19%7CNeopets+entry+20&redirects=1&prop=extracts&explaintext=1&exintro=1&exlimit=max: You are making too many requests to the API.
Please follow the best practices at <https://www.mediawiki.org/wiki/Wikimedia_APIs/Rate_limits>.
If you are unsure how to get the access you need, contact 
  [rich] Wikipedia batch failed: HTTP 429 for https://en.wikipedia.org/w/api.php?action=query&format=json&origin=*&titles=Neopets+entry+9%7CNeopets+entry+10%7CNeopets+entry+11%7CNeopets+entry+12%7CNeopets+entry+13%7CNeopets+entry+14%7CNeopets+entry+15%7CNeopets+entry+16%7CNeopets+entry+17%7CNeopets+entry+18%7CNeopets+entry+19%7CNeopets+entry+20&redirects=1&prop=extracts&explaintext=1&exintro=1&exlimit=max: You are making too many requests to the API.
Please follow the best practices at <https://www.mediawiki.org/wiki/Wikimedia_APIs/Rate_limits>.
If you are unsure how to get the access you need, contact 
  [rich] Wikipedia batch failed: HTTP 429 for https://en.wikipedia.org/w/api.php?action=query&format=json&origin=*&titles=Neopets+entry+21%7CNeopets+entry+22%7CNeopets+entry+23%7CNeopets+entry+24&redirects=1&prop=extracts&explaintext=1&exintro=1&exlimit=max: You are making too many requests to the API.
Please follow the best practices at <https://www.mediawiki.org/wiki/Wikimedia_APIs/Rate_limits>.
If you are unsure how to get the access you need, contact 
  [rich] Wikipedia batch failed: HTTP 429 for https://en.wikipedia.org/w/api.php?action=query&format=json&origin=*&titles=Neopets+entry+21%7CNeopets+entry+22%7CNeopets+entry+23%7CNeopets+entry+24&redirects=1&prop=extracts&explaintext=1&exintro=1&exlimit=max: You are making too many requests to the API.
Please follow the best practices at <https://www.mediawiki.org/wiki/Wikimedia_APIs/Rate_limits>.
If you are unsure how to get the access you need, contact 
  [rich] Wikipedia batch failed: HTTP 429 for https://en.wikipedia.org/w/api.php?action=query&format=json&origin=*&titles=Neopets+entry+21%7CNeopets+entry+22%7CNeopets+entry+23%7CNeopets+entry+24&redirects=1&prop=extracts&explaintext=1&exintro=1&exlimit=max: You are making too many requests to the API.
Please follow the best practices at <https://www.mediawiki.org/wiki/Wikimedia_APIs/Rate_limits>.
If you are unsure how to get the access you need, contact 
    skip category (HTTP 429 rate limited: https://en.wikipedia.org/w/api.php?format=json&action=query&list=categorymembers&cmtitle=Category)
    skip category (HTTP 429 rate limited: https://en.wikipedia.org/w/api.php?format=json&action=query&list=categorymembers&cmtitle=Category)
    skip category (HTTP 429 rate limited: https://en.wikipedia.org/w/api.php?format=json&action=query&list=categorymembers&cmtitle=Category)
    skip category (HTTP 429 rate limited: https://en.wikipedia.org/w/api.php?format=json&action=query&list=categorymembers&cmtitle=Category)
    skip category (HTTP 429 rate limited: https://en.wikipedia.org/w/api.php?format=json&action=query&list=categorymembers&cmtitle=Category)
    skip category (HTTP 429 rate limited: https://en.wikipedia.org/w/api.php?format=json&action=query&list=categorymembers&cmtitle=Category)
    skip category (HTTP 429 rate limited: https://en.wikipedia.org/w/api.php?format=json&action=query&list=categorymembers&cmtitle=Category)
    skip category (HTTP 429 rate limited: https://en.wikipedia.org/w/api.php?format=json&action=query&list=categorymembers&cmtitle=Category)
    skip category (HTTP 429 rate limited: https://en.wikipedia.org/w/api.php?format=json&action=query&list=categorymembers&cmtitle=Category)
    skip category (HTTP 429 rate limited: https://en.wikipedia.org/w/api.php?format=json&action=query&list=categorymembers&cmtitle=Category)
    skip category (HTTP 429 rate limited: https://en.wikipedia.org/w/api.php?format=json&action=query&list=categorymembers&cmtitle=Category)
    skip category (HTTP 429 rate limited: https://en.wikipedia.org/w/api.php?format=json&action=query&list=categorymembers&cmtitle=Category)
    skip category (HTTP 429 rate limited: https://en.wikipedia.org/w/api.php?format=json&action=query&list=categorymembers&cmtitle=Category)
    skip category (HTTP 429 rate limited: https://en.wikipedia.org/w/api.php?format=json&action=query&list=categorymembers&cmtitle=Category)
    skip category (HTTP 429 rate limited: https://en.wikipedia.org/w/api.php?format=json&action=query&list=categorymembers&cmtitle=Category)
    skip category (HTTP 429 rate limited: https://en.wikipedia.org/w/api.php?format=json&action=query&list=categorymembers&cmtitle=Category)
    skip category (HTTP 429 rate limited: https://en.wikipedia.org/w/api.php?format=json&action=query&list=categorymembers&cmtitle=Category)
    skip category (HTTP 429 rate limited: https://en.wikipedia.org/w/api.php?format=json&action=query&list=categorymembers&cmtitle=Category)
    skip category (HTTP 429 rate limited: https://en.wikipedia.org/w/api.php?format=json&action=query&list=categorymembers&cmtitle=Category)
    skip category (HTTP 429 rate limited: https://en.wikipedia.org/w/api.php?format=json&action=query&list=categorymembers&cmtitle=Category)
    skip category (HTTP 429 rate limited: https://en.wikipedia.org/w/api.php?format=json&action=query&list=categorymembers&cmtitle=Category)
    skip category (HTTP 429 rate limited: https://en.wikipedia.org/w/api.php?format=json&action=query&list=categorymembers&cmtitle=Category)
    skip category (HTTP 429 rate limited: https://en.wikipedia.org/w/api.php?format=json&action=query&list=categorymembers&cmtitle=Category)
    skip category (HTTP 429 rate limited: https://en.wikipedia.org/w/api.php?format=json&action=query&list=categorymembers&cmtitle=Category)
    skip category (HTTP 429 rate limited: https://en.wikipedia.org/w/api.php?format=json&action=query&list=categorymembers&cmtitle=Category)
    skip category (HTTP 429 rate limited: https://en.wikipedia.org/w/api.php?format=json&action=query&list=categorymembers&cmtitle=Category)
    skip category (HTTP 429 rate limited: https://en.wikipedia.org/w/api.php?format=json&action=query&list=categorymembers&cmtitle=Category)
    skip category (HTTP 429 rate limited: https://en.wikipedia.org/w/api.php?format=json&action=query&list=categorymembers&cmtitle=Category)
    skip category (HTTP 429 rate limited: https://en.wikipedia.org/w/api.php?format=json&action=query&list=categorymembers&cmtitle=Category)
    skip category (HTTP 429 rate limited: https://en.wikipedia.org/w/api.php?format=json&action=query&list=categorymembers&cmtitle=Category)
    skip category (HTTP 429 rate limited: https://en.wikipedia.org/w/api.php?format=json&action=query&list=categorymembers&cmtitle=Category)
    skip category (HTTP 429 rate limited: https://en.wikipedia.org/w/api.php?format=json&action=query&list=categorymembers&cmtitle=Category)
    skip category (HTTP 429 rate limited: https://en.wikipedia.org/w/api.php?format=json&action=query&list=categorymembers&cmtitle=Category)
    skip category (HTTP 429 rate limited: https://en.wikipedia.org/w/api.php?format=json&action=query&list=categorymembers&cmtitle=Category)
    skip category (HTTP 429 rate limited: https://en.wikipedia.org/w/api.php?format=json&action=query&list=categorymembers&cmtitle=Category)
    skip category (HTTP 429 rate limited: https://en.wikipedia.org/w/api.php?format=json&action=query&list=categorymembers&cmtitle=Category)
    skip category (HTTP 429 rate limited: https://en.wikipedia.org/w/api.php?format=json&action=query&list=categorymembers&cmtitle=Category)
    skip category (HTTP 429 rate limited: https://en.wikipedia.org/w/api.php?format=json&action=query&list=categorymembers&cmtitle=Category)
    skip category (HTTP 429 rate limited: https://en.wikipedia.org/w/api.php?format=json&action=query&list=categorymembers&cmtitle=Category)
    skip category (HTTP 429 rate limited: https://en.wikipedia.org/w/api.php?format=json&action=query&list=categorymembers&cmtitle=Category)
    skip category (HTTP 429 rate limited: https://en.wikipedia.org/w/api.php?format=json&action=query&list=categorymembers&cmtitle=Category)
    skip category (HTTP 429 rate limited: https://en.wikipedia.org/w/api.php?format=json&action=query&list=categorymembers&cmtitle=Category)
    skip category (HTTP 429 rate limited: https://en.wikipedia.org/w/api.php?format=json&action=query&list=categorymembers&cmtitle=Category)
    skip category (HTTP 429 rate limited: https://en.wikipedia.org/w/api.php?format=json&action=query&list=categorymembers&cmtitle=Category)
    skip category (HTTP 429 rate limited: https://en.wikipedia.org/w/api.php?format=json&action=query&list=categorymembers&cmtitle=Category)
    skip category (HTTP 429 rate limited: https://en.wikipedia.org/w/api.php?format=json&action=query&list=categorymembers&cmtitle=Category)
    skip category (HTTP 429 rate limited: https://en.wikipedia.org/w/api.php?format=json&action=query&list=categorymembers&cmtitle=Category)
    skip category (HTTP 429 rate limited: https://en.wikipedia.org/w/api.php?format=json&action=query&list=categorymembers&cmtitle=Category)
    skip category (HTTP 429 rate limited: https://en.wikipedia.org/w/api.php?format=json&action=query&list=categorymembers&cmtitle=Category)
    skip category (HTTP 429 rate limited: https://en.wikipedia.org/w/api.php?format=json&action=query&list=categorymembers&cmtitle=Category)
    skip category (HTTP 429 rate limited: https://en.wikipedia.org/w/api.php?format=json&action=query&list=categorymembers&cmtitle=Category)
    skip category (HTTP 429 rate limited: https://en.wikipedia.org/w/api.php?format=json&action=query&list=categorymembers&cmtitle=Category)
    skip category (HTTP 429 rate limited: https://en.wikipedia.org/w/api.php?format=json&action=query&list=categorymembers&cmtitle=Category)
    skip category (HTTP 429 rate limited: https://en.wikipedia.org/w/api.php?format=json&action=query&list=categorymembers&cmtitle=Category)
    skip category (HTTP 429 rate limited: https://en.wikipedia.org/w/api.php?format=json&action=query&list=categorymembers&cmtitle=Category)
    skip category (HTTP 429 rate limited: https://en.wikipedia.org/w/api.php?format=json&action=query&list=categorymembers&cmtitle=Category)
    skip category (HTTP 429 rate limited: https://en.wikipedia.org/w/api.php?format=json&action=query&list=categorymembers&cmtitle=Category)
    skip category (HTTP 429 rate limited: https://en.wikipedia.org/w/api.php?format=json&action=query&list=categorymembers&cmtitle=Category)
    skip category (HTTP 429 rate limited: https://en.wikipedia.org/w/api.php?format=json&action=query&list=categorymembers&cmtitle=Category)
    skip category (HTTP 429 rate limited: https://en.wikipedia.org/w/api.php?format=json&action=query&list=categorymembers&cmtitle=Category)
    skip category (HTTP 429 rate limited: https://en.wikipedia.org/w/api.php?format=json&action=query&list=categorymembers&cmtitle=Category)
    skip category (HTTP 429 rate limited: https://en.wikipedia.org/w/api.php?format=json&action=query&list=categorymembers&cmtitle=Category)
    skip category (HTTP 429 rate limited: https://en.wikipedia.org/w/api.php?format=json&action=query&list=categorymembers&cmtitle=Category)
    skip category (HTTP 429 rate limited: https://en.wikipedia.org/w/api.php?format=json&action=query&list=categorymembers&cmtitle=Category)
    skip category (HTTP 429 rate limited: https://en.wikipedia.org/w/api.php?format=json&action=query&list=categorymembers&cmtitle=Category)
    skip category (HTTP 429 rate limited: https://en.wikipedia.org/w/api.php?format=json&action=query&list=categorymembers&cmtitle=Category)
    skip category (HTTP 429 rate limited: https://en.wikipedia.org/w/api.php?format=json&action=query&list=categorymembers&cmtitle=Category)
    skip category (HTTP 429 rate limited: https://en.wikipedia.org/w/api.php?format=json&action=query&list=categorymembers&cmtitle=Category)
    skip category (HTTP 429 rate limited: https://en.wikipedia.org/w/api.php?format=json&action=query&list=categorymembers&cmtitle=Category)
    skip category (HTTP 429 rate limited: https://en.wikipedia.org/w/api.php?format=json&action=query&list=categorymembers&cmtitle=Category)
    skip category (HTTP 429 rate limited: https://en.wikipedia.org/w/api.php?format=json&action=query&list=categorymembers&cmtitle=Category)
    skip category (HTTP 429 rate limited: https://en.wikipedia.org/w/api.php?format=json&action=query&list=categorymembers&cmtitle=Category)
    skip category (HTTP 429 rate limited: https://en.wikipedia.org/w/api.php?format=json&action=query&list=categorymembers&cmtitle=Category)
    skip category (HTTP 429 rate limited: https://en.wikipedia.org/w/api.php?format=json&action=query&list=categorymembers&cmtitle=Category)
    skip category (HTTP 429 rate limited: https://en.wikipedia.org/w/api.php?format=json&action=query&list=categorymembers&cmtitle=Category)
    skip category (HTTP 429 rate limited: https://en.wikipedia.org/w/api.php?format=json&action=query&list=categorymembers&cmtitle=Category)
    skip category (HTTP 429 rate limited: https://en.wikipedia.org/w/api.php?format=json&action=query&list=categorymembers&cmtitle=Category)
    skip category (HTTP 429 rate limited: https://en.wikipedia.org/w/api.php?format=json&action=query&list=categorymembers&cmtitle=Category)
    skip category (HTTP 429 rate limited: https://en.wikipedia.org/w/api.php?format=json&action=query&list=categorymembers&cmtitle=Category)
    skip category (HTTP 429 rate limited: https://en.wikipedia.org/w/api.php?format=json&action=query&list=categorymembers&cmtitle=Category)
    skip category (HTTP 429 rate limited: https://en.wikipedia.org/w/api.php?format=json&action=query&list=categorymembers&cmtitle=Category)
    skip category (HTTP 429 rate limited: https://en.wikipedia.org/w/api.php?format=json&action=query&list=categorymembers&cmtitle=Category)
    skip category (HTTP 429 rate limited: https://en.wikipedia.org/w/api.php?format=json&action=query&list=categorymembers&cmtitle=Category)
    skip category (HTTP 429 rate limited: https://en.wikipedia.org/w/api.php?format=json&action=query&list=categorymembers&cmtitle=Category)
    skip category (HTTP 429 rate limited: https://en.wikipedia.org/w/api.php?format=json&action=query&list=categorymembers&cmtitle=Category)
    skip category (HTTP 429 rate limited: https://en.wikipedia.org/w/api.php?format=json&action=query&list=categorymembers&cmtitle=Category)
    skip category (HTTP 429 rate limited: https://en.wikipedia.org/w/api.php?format=json&action=query&list=categorymembers&cmtitle=Category)
    skip category (HTTP 429 rate limited: https://en.wikipedia.org/w/api.php?format=json&action=query&list=categorymembers&cmtitle=Category)
    skip category (HTTP 429 rate limited: https://en.wikipedia.org/w/api.php?format=json&action=query&list=categorymembers&cmtitle=Category)
    skip category (HTTP 429 rate limited: https://en.wikipedia.org/w/api.php?format=json&action=query&list=categorymembers&cmtitle=Category)
    skip category (HTTP 429 rate limited: https://en.wikipedia.org/w/api.php?format=json&action=query&list=categorymembers&cmtitle=Category)
    skip category (HTTP 429 rate limited: https://en.wikipedia.org/w/api.php?format=json&action=query&list=categorymembers&cmtitle=Category)
    skip category (HTTP 429 rate limited: https://en.wikipedia.org/w/api.php?format=json&action=query&list=categorymembers&cmtitle=Category)
    skip category (HTTP 429 rate limited: https://en.wikipedia.org/w/api.php?format=json&action=query&list=categorymembers&cmtitle=Category)
    skip category (HTTP 429 rate limited: https://en.wikipedia.org/w/api.php?format=json&action=query&list=categorymembers&cmtitle=Category)
    skip category (HTTP 429 rate limited: https://en.wikipedia.org/w/api.php?format=json&action=query&list=categorymembers&cmtitle=Category)
    skip category (HTTP 429 rate limited: https://en.wikipedia.org/w/api.php?format=json&action=query&list=categorymembers&cmtitle=Category)
    skip category (HTTP 429 rate limited: https://en.wikipedia.org/w/api.php?format=json&action=query&list=categorymembers&cmtitle=Category)
    skip category (HTTP 429 rate limited: https://en.wikipedia.org/w/api.php?format=json&action=query&list=categorymembers&cmtitle=Category)
    skip category (HTTP 429 rate limited: https://en.wikipedia.org/w/api.php?format=json&action=query&list=categorymembers&cmtitle=Category)
    skip category (HTTP 429 rate limited: https://en.wikipedia.org/w/api.php?format=json&action=query&list=categorymembers&cmtitle=Category)
    skip category (HTTP 429 rate limited: https://en.wikipedia.org/w/api.php?format=json&action=query&list=categorymembers&cmtitle=Category)
    skip category (HTTP 429 rate limited: https://en.wikipedia.org/w/api.php?format=json&action=query&list=categorymembers&cmtitle=Category)
    skip category (HTTP 429 rate limited: https://en.wikipedia.org/w/api.php?format=json&action=query&list=categorymembers&cmtitle=Category)
    skip category (HTTP 429 rate limited: https://en.wikipedia.org/w/api.php?format=json&action=query&list=categorymembers&cmtitle=Category)
    skip category (HTTP 429 rate limited: https://en.wikipedia.org/w/api.php?format=json&action=query&list=categorymembers&cmtitle=Category)
    skip category (HTTP 429 rate limited: https://en.wikipedia.org/w/api.php?format=json&action=query&list=categorymembers&cmtitle=Category)
    skip category (HTTP 429 rate limited: https://en.wikipedia.org/w/api.php?format=json&action=query&list=categorymembers&cmtitle=Category)
    skip category (HTTP 429 rate limited: https://en.wikipedia.org/w/api.php?format=json&action=query&list=categorymembers&cmtitle=Category)
    skip category (HTTP 429 rate limited: https://en.wikipedia.org/w/api.php?format=json&action=query&list=categorymembers&cmtitle=Category)
    skip category (HTTP 429 rate limited: https://en.wikipedia.org/w/api.php?format=json&action=query&list=categorymembers&cmtitle=Category)
    skip category (HTTP 429 rate limited: https://en.wikipedia.org/w/api.php?format=json&action=query&list=categorymembers&cmtitle=Category)
    skip category (HTTP 429 rate limited: https://en.wikipedia.org/w/api.php?format=json&action=query&list=categorymembers&cmtitle=Category)
    skip category (HTTP 429 rate limited: https://en.wikipedia.org/w/api.php?format=json&action=query&list=categorymembers&cmtitle=Category)
    skip category (HTTP 429 rate limited: https://en.wikipedia.org/w/api.php?format=json&action=query&list=categorymembers&cmtitle=Category)
    skip category (HTTP 429 rate limited: https://en.wikipedia.org/w/api.php?format=json&action=query&list=categorymembers&cmtitle=Category)
    skip category (HTTP 429 rate limited: https://en.wikipedia.org/w/api.php?format=json&action=query&list=categorymembers&cmtitle=Category)
    skip category (HTTP 429 rate limited: https://en.wikipedia.org/w/api.php?format=json&action=query&list=categorymembers&cmtitle=Category)
    skip category (HTTP 429 rate limited: https://en.wikipedia.org/w/api.php?format=json&action=query&list=categorymembers&cmtitle=Category)
    skip category (HTTP 429 rate limited: https://en.wikipedia.org/w/api.php?format=json&action=query&list=categorymembers&cmtitle=Category)
    skip category (HTTP 429 rate limited: https://en.wikipedia.org/w/api.php?format=json&action=query&list=categorymembers&cmtitle=Category)
    skip category (HTTP 429 rate limited: https://en.wikipedia.org/w/api.php?format=json&action=query&list=categorymembers&cmtitle=Category)
    skip category (HTTP 429 rate limited: https://en.wikipedia.org/w/api.php?format=json&action=query&list=categorymembers&cmtitle=Category)
    skip category (HTTP 429 rate limited: https://en.wikipedia.org/w/api.php?format=json&action=query&list=categorymembers&cmtitle=Category)
    skip category (HTTP 429 rate limited: https://en.wikipedia.org/w/api.php?format=json&action=query&list=categorymembers&cmtitle=Category)
    skip category (HTTP 429 rate limited: https://en.wikipedia.org/w/api.php?format=json&action=query&list=categorymembers&cmtitle=Category)
    skip category (HTTP 429 rate limited: https://en.wikipedia.org/w/api.php?format=json&action=query&list=categorymembers&cmtitle=Category)
  identity batch failed: HTTP 429 rate limited: https://en.wikipedia.org/w/api.php?format=json&action=query&titles=Fatal+Fury&redirects=1&prop=pageimages%7Cinfo&piprop=thumbnail%7Cname&pithumbsize=180&inprop=url
  [rich] Fandom batch failed: HTTP 429 rate limited: https://en.wikipedia.org/w/api.php?format=json&action=query&titles=Fatal+Fury+geography%7CFatal+Fury+legacy%7CFatal+Fury+practices%7CFatal+Fury+entry+1%7CFatal+Fury+entry+2%7CFatal+Fury+entry+3%7CFatal+Fury+entry+4%7CFatal+Fury+entry+5%7CFatal+Fury+entry+6%7CFatal+Fury+entry+7%7CFatal+Fury+entry+8%7CFatal+Fury+entry+9&redirects=1&prop=revisions&rvprop=content&rvslots=main
  [rich] Fandom batch failed: HTTP 429 rate limited: https://en.wikipedia.org/w/api.php?format=json&action=query&titles=Fatal+Fury+entry+10%7CFatal+Fury+entry+11%7CFatal+Fury+entry+12%7CFatal+Fury+entry+13%7CFatal+Fury+entry+14%7CFatal+Fury+entry+15%7CFatal+Fury+entry+16%7CFatal+Fury+entry+17%7CFatal+Fury+entry+18%7CFatal+Fury+entry+19%7CFatal+Fury+entry+20%7CFatal+Fury+entry+21&redirects=1&prop=revisions&rvprop=content&rvslots=main
  [rich] Fandom batch failed: HTTP 429 rate limited: https://en.wikipedia.org/w/api.php?format=json&action=query&titles=Fatal+Fury+entry+22%7CFatal+Fury+entry+23%7CFatal+Fury+entry+24&redirects=1&prop=revisions&rvprop=content&rvslots=main
  [rich] Wikipedia batch failed: HTTP 429 for https://en.wikipedia.org/w/api.php?action=query&format=json&origin=*&titles=Fatal+Fury+figures%7CFatal+Fury+world+%26+context%7CFatal+Fury+places%7CFatal+Fury+events%7CFatal+Fury+objects+%26+artifacts%7CFatal+Fury+factions+%26+groups%7CFatal+Fury+concepts%7CFatal+Fury+eras%7CFatal+Fury+works+%26+media%7CFatal+Fury+symbols%7CFatal+Fury+controversies%7CFatal+Fury+sources&redirects=1&prop=extracts&explaintext=1&exintro=1&exlimit=max: You are making too many requests to the API.
Please follow the best practices at <https://www.mediawiki.org/wiki/Wikimedia_APIs/Rate_limits>.
If you are unsure how to get the access you need, contact 
  [rich] Wikipedia batch failed: HTTP 429 for https://en.wikipedia.org/w/api.php?action=query&format=json&origin=*&titles=Fatal+Fury+figures%7CFatal+Fury+world+%26+context%7CFatal+Fury+places%7CFatal+Fury+events%7CFatal+Fury+objects+%26+artifacts%7CFatal+Fury+factions+%26+groups%7CFatal+Fury+concepts%7CFatal+Fury+eras%7CFatal+Fury+works+%26+media%7CFatal+Fury+symbols%7CFatal+Fury+controversies%7CFatal+Fury+sources&redirects=1&prop=extracts&explaintext=1&exintro=1&exlimit=max: You are making too many requests to the API.
Please follow the best practices at <https://www.mediawiki.org/wiki/Wikimedia_APIs/Rate_limits>.
If you are unsure how to get the access you need, contact 
  [rich] Wikipedia batch failed: HTTP 429 for https://en.wikipedia.org/w/api.php?action=query&format=json&origin=*&titles=Fatal+Fury+figures%7CFatal+Fury+world+%26+context%7CFatal+Fury+places%7CFatal+Fury+events%7CFatal+Fury+objects+%26+artifacts%7CFatal+Fury+factions+%26+groups%7CFatal+Fury+concepts%7CFatal+Fury+eras%7CFatal+Fury+works+%26+media%7CFatal+Fury+symbols%7CFatal+Fury+controversies%7CFatal+Fury+sources&redirects=1&prop=extracts&explaintext=1&exintro=1&exlimit=max: You are making too many requests to the API.
Please follow the best practices at <https://www.mediawiki.org/wiki/Wikimedia_APIs/Rate_limits>.
If you are unsure how to get the access you need, contact 
  [rich] Wikipedia batch failed: HTTP 429 for https://en.wikipedia.org/w/api.php?action=query&format=json&origin=*&titles=Fatal+Fury+geography%7CFatal+Fury+legacy%7CFatal+Fury+practices%7CFatal+Fury+entry+1%7CFatal+Fury+entry+2%7CFatal+Fury+entry+3%7CFatal+Fury+entry+4%7CFatal+Fury+entry+5%7CFatal+Fury+entry+6%7CFatal+Fury+entry+7%7CFatal+Fury+entry+8%7CFatal+Fury+entry+9&redirects=1&prop=extracts&explaintext=1&exintro=1&exlimit=max: You are making too many requests to the API.
Please follow the best practices at <https://www.mediawiki.org/wiki/Wikimedia_APIs/Rate_limits>.
If you are unsure how to get the access you need, contact 
  [rich] Wikipedia batch failed: HTTP 429 for https://en.wikipedia.org/w/api.php?action=query&format=json&origin=*&titles=Fatal+Fury+geography%7CFatal+Fury+legacy%7CFatal+Fury+practices%7CFatal+Fury+entry+1%7CFatal+Fury+entry+2%7CFatal+Fury+entry+3%7CFatal+Fury+entry+4%7CFatal+Fury+entry+5%7CFatal+Fury+entry+6%7CFatal+Fury+entry+7%7CFatal+Fury+entry+8%7CFatal+Fury+entry+9&redirects=1&prop=extracts&explaintext=1&exintro=1&exlimit=max: You are making too many requests to the API.
Please follow the best practices at <https://www.mediawiki.org/wiki/Wikimedia_APIs/Rate_limits>.
If you are unsure how to get the access you need, contact 
    skip category (HTTP 429 rate limited: https://en.wikipedia.org/w/api.php?format=json&action=query&list=categorymembers&cmtitle=Category)
    skip category (HTTP 429 rate limited: https://en.wikipedia.org/w/api.php?format=json&action=query&list=categorymembers&cmtitle=Category)
    skip category (HTTP 429 rate limited: https://en.wikipedia.org/w/api.php?format=json&action=query&list=categorymembers&cmtitle=Category)
    skip category (HTTP 429 rate limited: https://en.wikipedia.org/w/api.php?format=json&action=query&list=categorymembers&cmtitle=Category)
    skip category (HTTP 429 rate limited: https://en.wikipedia.org/w/api.php?format=json&action=query&list=categorymembers&cmtitle=Category)
    skip category (HTTP 429 rate limited: https://en.wikipedia.org/w/api.php?format=json&action=query&list=categorymembers&cmtitle=Category)
    skip category (HTTP 429 rate limited: https://en.wikipedia.org/w/api.php?format=json&action=query&list=categorymembers&cmtitle=Category)
    skip category (HTTP 429 rate limited: https://en.wikipedia.org/w/api.php?format=json&action=query&list=categorymembers&cmtitle=Category)
    skip category (HTTP 429 rate limited: https://en.wikipedia.org/w/api.php?format=json&action=query&list=categorymembers&cmtitle=Category)
    skip category (HTTP 429 rate limited: https://en.wikipedia.org/w/api.php?format=json&action=query&list=categorymembers&cmtitle=Category)
    skip category (HTTP 429 rate limited: https://en.wikipedia.org/w/api.php?format=json&action=query&list=categorymembers&cmtitle=Category)
    skip category (HTTP 429 rate limited: https://en.wikipedia.org/w/api.php?format=json&action=query&list=categorymembers&cmtitle=Category)
    skip category (HTTP 429 rate limited: https://en.wikipedia.org/w/api.php?format=json&action=query&list=categorymembers&cmtitle=Category)
    skip category (HTTP 429 rate limited: https://en.wikipedia.org/w/api.php?format=json&action=query&list=categorymembers&cmtitle=Category)
    skip category (HTTP 429 rate limited: https://en.wikipedia.org/w/api.php?format=json&action=query&list=categorymembers&cmtitle=Category)
    skip category (HTTP 429 rate limited: https://en.wikipedia.org/w/api.php?format=json&action=query&list=categorymembers&cmtitle=Category)
    skip category (HTTP 429 rate limited: https://en.wikipedia.org/w/api.php?format=json&action=query&list=categorymembers&cmtitle=Category)
    skip category (HTTP 429 rate limited: https://en.wikipedia.org/w/api.php?format=json&action=query&list=categorymembers&cmtitle=Category)
    skip category (HTTP 429 rate limited: https://en.wikipedia.org/w/api.php?format=json&action=query&list=categorymembers&cmtitle=Category)
    skip category (HTTP 429 rate limited: https://en.wikipedia.org/w/api.php?format=json&action=query&list=categorymembers&cmtitle=Category)
    skip category (HTTP 429 rate limited: https://en.wikipedia.org/w/api.php?format=json&action=query&list=categorymembers&cmtitle=Category)
    skip category (HTTP 429 rate limited: https://en.wikipedia.org/w/api.php?format=json&action=query&list=categorymembers&cmtitle=Category)
    skip category (HTTP 429 rate limited: https://en.wikipedia.org/w/api.php?format=json&action=query&list=categorymembers&cmtitle=Category)
    skip category (HTTP 429 rate limited: https://en.wikipedia.org/w/api.php?format=json&action=query&list=categorymembers&cmtitle=Category)
    skip category (HTTP 429 rate limited: https://en.wikipedia.org/w/api.php?format=json&action=query&list=categorymembers&cmtitle=Category)
    skip category (HTTP 429 rate limited: https://en.wikipedia.org/w/api.php?format=json&action=query&list=categorymembers&cmtitle=Category)
    skip category (HTTP 429 rate limited: https://en.wikipedia.org/w/api.php?format=json&action=query&list=categorymembers&cmtitle=Category)
    skip category (HTTP 429 rate limited: https://en.wikipedia.org/w/api.php?format=json&action=query&list=categorymembers&cmtitle=Category)
    skip category (HTTP 429 rate limited: https://en.wikipedia.org/w/api.php?format=json&action=query&list=categorymembers&cmtitle=Category)
    skip category (HTTP 429 rate limited: https://en.wikipedia.org/w/api.php?format=json&action=query&list=categorymembers&cmtitle=Category)
  intro batch failed: HTTP 429 rate limited: https://en.wikipedia.org/w/api.php?format=json&action=query&titles=Carson+Beckett&redirects=1&prop=revisions&rvprop=content&rvslots=main
  [rich] Fandom batch failed: HTTP 429 rate limited: https://en.wikipedia.org/w/api.php?format=json&action=query&titles=Stargate%7CCarson+Beckett&redirects=1&prop=revisions&rvprop=content&rvslots=main
  [rich] Wikipedia batch failed: HTTP 429 for https://en.wikipedia.org/w/api.php?action=query&format=json&origin=*&titles=Stargate%7CCarson+Beckett&redirects=1&prop=extracts&explaintext=1&exintro=1&exlimit=max: You are making too many requests to the API.
Please follow the best practices at <https://www.mediawiki.org/wiki/Wikimedia_APIs/Rate_limits>.
If you are unsure how to get the access you need, contact 
  [rich] Wikipedia batch failed: HTTP 429 for https://en.wikipedia.org/w/api.php?action=query&format=json&origin=*&titles=Stargate%7CCarson+Beckett&redirects=1&prop=extracts&explaintext=1&exintro=1&exlimit=max: You are making too many requests to the API.
Please follow the best practices at <https://www.mediawiki.org/wiki/Wikimedia_APIs/Rate_limits>.
If you are unsure how to get the access you need, contact 
  [rich] Wikipedia batch failed: HTTP 429 for https://en.wikipedia.org/w/api.php?action=query&format=json&origin=*&titles=Stargate%7CCarson+Beckett&redirects=1&prop=extracts&explaintext=1&exintro=1&exlimit=max: You are making too many requests to the API.
Please follow the best practices at <https://www.mediawiki.org/wiki/Wikimedia_APIs/Rate_limits>.
If you are unsure how to get the access you need, contact 
    skip category (HTTP 429 rate limited: https://en.wikipedia.org/w/api.php?format=json&action=query&list=categorymembers&cmtitle=Category)
    skip category (HTTP 429 rate limited: https://en.wikipedia.org/w/api.php?format=json&action=query&list=categorymembers&cmtitle=Category)
    skip category (HTTP 429 rate limited: https://en.wikipedia.org/w/api.php?format=json&action=query&list=categorymembers&cmtitle=Category)
    skip category (HTTP 429 rate limited: https://en.wikipedia.org/w/api.php?format=json&action=query&list=categorymembers&cmtitle=Category)
    skip category (HTTP 429 rate limited: https://en.wikipedia.org/w/api.php?format=json&action=query&list=categorymembers&cmtitle=Category)
    skip category (HTTP 429 rate limited: https://en.wikipedia.org/w/api.php?format=json&action=query&list=categorymembers&cmtitle=Category)
    skip category (HTTP 429 rate limited: https://en.wikipedia.org/w/api.php?format=json&action=query&list=categorymembers&cmtitle=Category)
    skip category (HTTP 429 rate limited: https://en.wikipedia.org/w/api.php?format=json&action=query&list=categorymembers&cmtitle=Category)
    skip category (HTTP 429 rate limited: https://en.wikipedia.org/w/api.php?format=json&action=query&list=categorymembers&cmtitle=Category)
    skip category (HTTP 429 rate limited: https://en.wikipedia.org/w/api.php?format=json&action=query&list=categorymembers&cmtitle=Category)
    skip category (HTTP 429 rate limited: https://en.wikipedia.org/w/api.php?format=json&action=query&list=categorymembers&cmtitle=Category)
    skip category (HTTP 429 rate limited: https://en.wikipedia.org/w/api.php?format=json&action=query&list=categorymembers&cmtitle=Category)
    skip category (HTTP 429 rate limited: https://en.wikipedia.org/w/api.php?format=json&action=query&list=categorymembers&cmtitle=Category)
    skip category (HTTP 429 rate limited: https://en.wikipedia.org/w/api.php?format=json&action=query&list=categorymembers&cmtitle=Category)
    skip category (HTTP 429 rate limited: https://en.wikipedia.org/w/api.php?format=json&action=query&list=categorymembers&cmtitle=Category)
    skip category (HTTP 429 rate limited: https://en.wikipedia.org/w/api.php?format=json&action=query&list=categorymembers&cmtitle=Category)
    skip category (HTTP 429 rate limited: https://en.wikipedia.org/w/api.php?format=json&action=query&list=categorymembers&cmtitle=Category)
    skip category (HTTP 429 rate limited: https://en.wikipedia.org/w/api.php?format=json&action=query&list=categorymembers&cmtitle=Category)
    skip category (HTTP 429 rate limited: https://en.wikipedia.org/w/api.php?format=json&action=query&list=categorymembers&cmtitle=Category)
    skip category (HTTP 429 rate limited: https://en.wikipedia.org/w/api.php?format=json&action=query&list=categorymembers&cmtitle=Category)
    skip category (HTTP 429 rate limited: https://en.wikipedia.org/w/api.php?format=json&action=query&list=categorymembers&cmtitle=Category)
    skip category (HTTP 429 rate limited: https://en.wikipedia.org/w/api.php?format=json&action=query&list=categorymembers&cmtitle=Category)
    skip category (HTTP 429 rate limited: https://en.wikipedia.org/w/api.php?format=json&action=query&list=categorymembers&cmtitle=Category)
    skip category (HTTP 429 rate limited: https://en.wikipedia.org/w/api.php?format=json&action=query&list=categorymembers&cmtitle=Category)
    skip category (HTTP 429 rate limited: https://en.wikipedia.org/w/api.php?format=json&action=query&list=categorymembers&cmtitle=Category)
    skip category (HTTP 429 rate limited: https://en.wikipedia.org/w/api.php?format=json&action=query&list=categorymembers&cmtitle=Category)
    skip category (HTTP 429 rate limited: https://en.wikipedia.org/w/api.php?format=json&action=query&list=categorymembers&cmtitle=Category)
  identity batch failed: HTTP 429 rate limited: https://en.wikipedia.org/w/api.php?format=json&action=query&titles=Hyperion+Cantos&redirects=1&prop=pageimages%7Cinfo&piprop=thumbnail%7Cname&pithumbsize=180&inprop=url
  intro batch failed: HTTP 429 rate limited: https://en.wikipedia.org/w/api.php?format=json&action=query&titles=Hyperion+Cantos&redirects=1&prop=revisions&rvprop=content&rvslots=main
  [rich] Fandom batch failed: HTTP 429 rate limited: https://en.wikipedia.org/w/api.php?format=json&action=query&titles=Hyperion+Cantos%7CHyperion+Cantos+figures%7CHyperion+Cantos+world+%26+context%7CHyperion+Cantos+places%7CHyperion+Cantos+events%7CHyperion+Cantos+objects+%26+artifacts%7CHyperion+Cantos+factions+%26+groups%7CHyperion+Cantos+concepts%7CHyperion+Cantos+eras%7CHyperion+Cantos+works+%26+media%7CHyperion+Cantos+symbols%7CHyperion+Cantos+controversies&redirects=1&prop=revisions&rvprop=content&rvslots=main
  [rich] Fandom batch failed: HTTP 429 rate limited: https://en.wikipedia.org/w/api.php?format=json&action=query&titles=Hyperion+Cantos+sources%7CHyperion+Cantos+geography%7CHyperion+Cantos+legacy%7CHyperion+Cantos+practices%7CHyperion+Cantos+entry+1%7CHyperion+Cantos+entry+2%7CHyperion+Cantos+entry+3%7CHyperion+Cantos+entry+4%7CHyperion+Cantos+entry+5%7CHyperion+Cantos+entry+6%7CHyperion+Cantos+entry+7%7CHyperion+Cantos+entry+8&redirects=1&prop=revisions&rvprop=content&rvslots=main
  [rich] Fandom batch failed: HTTP 429 rate limited: https://en.wikipedia.org/w/api.php?format=json&action=query&titles=Hyperion+Cantos+entry+9%7CHyperion+Cantos+entry+10%7CHyperion+Cantos+entry+11%7CHyperion+Cantos+entry+12%7CHyperion+Cantos+entry+13%7CHyperion+Cantos+entry+14%7CHyperion+Cantos+entry+15%7CHyperion+Cantos+entry+16%7CHyperion+Cantos+entry+17%7CHyperion+Cantos+entry+18%7CHyperion+Cantos+entry+19%7CHyperion+Cantos+entry+20&redirects=1&prop=revisions&rvprop=content&rvslots=main
  [rich] Fandom batch failed: HTTP 429 rate limited: https://en.wikipedia.org/w/api.php?format=json&action=query&titles=Hyperion+Cantos+entry+21%7CHyperion+Cantos+entry+22%7CHyperion+Cantos+entry+23%7CHyperion+Cantos+entry+24&redirects=1&prop=revisions&rvprop=content&rvslots=main
    skip category (HTTP 429 rate limited: https://en.wikipedia.org/w/api.php?format=json&action=query&list=categorymembers&cmtitle=Category)
    skip category (HTTP 429 rate limited: https://en.wikipedia.org/w/api.php?format=json&action=query&list=categorymembers&cmtitle=Category)
    skip category (HTTP 429 rate limited: https://en.wikipedia.org/w/api.php?format=json&action=query&list=categorymembers&cmtitle=Category)
    skip category (HTTP 429 rate limited: https://en.wikipedia.org/w/api.php?format=json&action=query&list=categorymembers&cmtitle=Category)
    skip category (HTTP 429 rate limited: https://en.wikipedia.org/w/api.php?format=json&action=query&list=categorymembers&cmtitle=Category)
    skip category (HTTP 429 rate limited: https://en.wikipedia.org/w/api.php?format=json&action=query&list=categorymembers&cmtitle=Category)
    skip category (HTTP 429 rate limited: https://en.wikipedia.org/w/api.php?format=json&action=query&list=categorymembers&cmtitle=Category)
    skip category (HTTP 429 rate limited: https://en.wikipedia.org/w/api.php?format=json&action=query&list=categorymembers&cmtitle=Category)
    skip category (HTTP 429 rate limited: https://en.wikipedia.org/w/api.php?format=json&action=query&list=categorymembers&cmtitle=Category)
    skip category (HTTP 429 rate limited: https://en.wikipedia.org/w/api.php?format=json&action=query&list=categorymembers&cmtitle=Category)
    skip category (HTTP 429 rate limited: https://en.wikipedia.org/w/api.php?format=json&action=query&list=categorymembers&cmtitle=Category)
    skip category (HTTP 429 rate limited: https://en.wikipedia.org/w/api.php?format=json&action=query&list=categorymembers&cmtitle=Category)
    skip category (HTTP 429 rate limited: https://en.wikipedia.org/w/api.php?format=json&action=query&list=categorymembers&cmtitle=Category)
    skip category (HTTP 429 rate limited: https://en.wikipedia.org/w/api.php?format=json&action=query&list=categorymembers&cmtitle=Category)
    skip category (HTTP 429 rate limited: https://en.wikipedia.org/w/api.php?format=json&action=query&list=categorymembers&cmtitle=Category)
    skip category (HTTP 429 rate limited: https://en.wikipedia.org/w/api.php?format=json&action=query&list=categorymembers&cmtitle=Category)
    skip category (HTTP 429 rate limited: https://en.wikipedia.org/w/api.php?format=json&action=query&list=categorymembers&cmtitle=Category)
    skip category (HTTP 429 rate limited: https://en.wikipedia.org/w/api.php?format=json&action=query&list=categorymembers&cmtitle=Category)
    skip category (HTTP 429 rate limited: https://en.wikipedia.org/w/api.php?format=json&action=query&list=categorymembers&cmtitle=Category)
    skip category (HTTP 429 rate limited: https://en.wikipedia.org/w/api.php?format=json&action=query&list=categorymembers&cmtitle=Category)
    skip category (HTTP 429 rate limited: https://en.wikipedia.org/w/api.php?format=json&action=query&list=categorymembers&cmtitle=Category)
    skip category (HTTP 429 rate limited: https://en.wikipedia.org/w/api.php?format=json&action=query&list=categorymembers&cmtitle=Category)
    skip category (HTTP 429 rate limited: https://en.wikipedia.org/w/api.php?format=json&action=query&list=categorymembers&cmtitle=Category)
    skip category (HTTP 429 rate limited: https://en.wikipedia.org/w/api.php?format=json&action=query&list=categorymembers&cmtitle=Category)
    skip category (HTTP 429 rate limited: https://en.wikipedia.org/w/api.php?format=json&action=query&list=categorymembers&cmtitle=Category)
    skip category (HTTP 429 rate limited: https://en.wikipedia.org/w/api.php?format=json&action=query&list=categorymembers&cmtitle=Category)
    skip category (HTTP 429 rate limited: https://en.wikipedia.org/w/api.php?format=json&action=query&list=categorymembers&cmtitle=Category)
    skip category (HTTP 429 rate limited: https://en.wikipedia.org/w/api.php?format=json&action=query&list=categorymembers&cmtitle=Category)
    skip category (HTTP 429 rate limited: https://en.wikipedia.org/w/api.php?format=json&action=query&list=categorymembers&cmtitle=Category)
    skip category (HTTP 429 rate limited: https://en.wikipedia.org/w/api.php?format=json&action=query&list=categorymembers&cmtitle=Category)
    skip category (HTTP 429 rate limited: https://en.wikipedia.org/w/api.php?format=json&action=query&list=categorymembers&cmtitle=Category)
    skip category (HTTP 429 rate limited: https://en.wikipedia.org/w/api.php?format=json&action=query&list=categorymembers&cmtitle=Category)
    skip category (HTTP 429 rate limited: https://en.wikipedia.org/w/api.php?format=json&action=query&list=categorymembers&cmtitle=Category)
    skip category (HTTP 429 rate limited: https://en.wikipedia.org/w/api.php?format=json&action=query&list=categorymembers&cmtitle=Category)
    skip category (HTTP 429 rate limited: https://en.wikipedia.org/w/api.php?format=json&action=query&list=categorymembers&cmtitle=Category)
    skip category (HTTP 429 rate limited: https://en.wikipedia.org/w/api.php?format=json&action=query&list=categorymembers&cmtitle=Category)
    skip category (HTTP 429 rate limited: https://en.wikipedia.org/w/api.php?format=json&action=query&list=categorymembers&cmtitle=Category)
    skip category (HTTP 429 rate limited: https://en.wikipedia.org/w/api.php?format=json&action=query&list=categorymembers&cmtitle=Category)
    skip category (HTTP 429 rate limited: https://en.wikipedia.org/w/api.php?format=json&action=query&list=categorymembers&cmtitle=Category)
    skip category (HTTP 429 rate limited: https://en.wikipedia.org/w/api.php?format=json&action=query&list=categorymembers&cmtitle=Category)
    skip category (HTTP 429 rate limited: https://en.wikipedia.org/w/api.php?format=json&action=query&list=categorymembers&cmtitle=Category)
    skip category (HTTP 429 rate limited: https://en.wikipedia.org/w/api.php?format=json&action=query&list=categorymembers&cmtitle=Category)
    skip category (HTTP 429 rate limited: https://en.wikipedia.org/w/api.php?format=json&action=query&list=categorymembers&cmtitle=Category)
    skip category (HTTP 429 rate limited: https://en.wikipedia.org/w/api.php?format=json&action=query&list=categorymembers&cmtitle=Category)
    skip category (HTTP 429 rate limited: https://en.wikipedia.org/w/api.php?format=json&action=query&list=categorymembers&cmtitle=Category)
    skip category (HTTP 429 rate limited: https://en.wikipedia.org/w/api.php?format=json&action=query&list=categorymembers&cmtitle=Category)
    skip category (HTTP 429 rate limited: https://en.wikipedia.org/w/api.php?format=json&action=query&list=categorymembers&cmtitle=Category)
    skip category (HTTP 429 rate limited: https://en.wikipedia.org/w/api.php?format=json&action=query&list=categorymembers&cmtitle=Category)
    skip category (HTTP 429 rate limited: https://en.wikipedia.org/w/api.php?format=json&action=query&list=categorymembers&cmtitle=Category)
    skip category (HTTP 429 rate limited: https://en.wikipedia.org/w/api.php?format=json&action=query&list=categorymembers&cmtitle=Category)
    skip category (HTTP 429 rate limited: https://en.wikipedia.org/w/api.php?format=json&action=query&list=categorymembers&cmtitle=Category)
    skip category (HTTP 429 rate limited: https://en.wikipedia.org/w/api.php?format=json&action=query&list=categorymembers&cmtitle=Category)
    skip category (HTTP 429 rate limited: https://en.wikipedia.org/w/api.php?format=json&action=query&list=categorymembers&cmtitle=Category)
    skip category (HTTP 429 rate limited: https://en.wikipedia.org/w/api.php?format=json&action=query&list=categorymembers&cmtitle=Category)
    skip category (HTTP 429 rate limited: https://en.wikipedia.org/w/api.php?format=json&action=query&list=categorymembers&cmtitle=Category)
    skip category (HTTP 429 rate limited: https://en.wikipedia.org/w/api.php?format=json&action=query&list=categorymembers&cmtitle=Category)
    skip category (HTTP 429 rate limited: https://en.wikipedia.org/w/api.php?format=json&action=query&list=categorymembers&cmtitle=Category)
    skip category (HTTP 429 rate limited: https://en.wikipedia.org/w/api.php?format=json&action=query&list=categorymembers&cmtitle=Category)
    skip category (HTTP 429 rate limited: https://en.wikipedia.org/w/api.php?format=json&action=query&list=categorymembers&cmtitle=Category)
    skip category (HTTP 429 rate limited: https://en.wikipedia.org/w/api.php?format=json&action=query&list=categorymembers&cmtitle=Category)
    skip category (HTTP 429 rate limited: https://en.wikipedia.org/w/api.php?format=json&action=query&list=categorymembers&cmtitle=Category)
    skip category (HTTP 429 rate limited: https://en.wikipedia.org/w/api.php?format=json&action=query&list=categorymembers&cmtitle=Category)
    skip category (HTTP 429 rate limited: https://en.wikipedia.org/w/api.php?format=json&action=query&list=categorymembers&cmtitle=Category)
    skip category (HTTP 429 rate limited: https://en.wikipedia.org/w/api.php?format=json&action=query&list=categorymembers&cmtitle=Category)
    skip category (HTTP 429 rate limited: https://en.wikipedia.org/w/api.php?format=json&action=query&list=categorymembers&cmtitle=Category)
    skip category (HTTP 429 rate limited: https://en.wikipedia.org/w/api.php?format=json&action=query&list=categorymembers&cmtitle=Category)
    skip category (HTTP 429 rate limited: https://en.wikipedia.org/w/api.php?format=json&action=query&list=categorymembers&cmtitle=Category)
    skip category (HTTP 429 rate limited: https://en.wikipedia.org/w/api.php?format=json&action=query&list=categorymembers&cmtitle=Category)
    skip category (HTTP 429 rate limited: https://en.wikipedia.org/w/api.php?format=json&action=query&list=categorymembers&cmtitle=Category)
    skip category (HTTP 429 rate limited: https://en.wikipedia.org/w/api.php?format=json&action=query&list=categorymembers&cmtitle=Category)
    skip category (HTTP 429 rate limited: https://en.wikipedia.org/w/api.php?format=json&action=query&list=categorymembers&cmtitle=Category)
    skip category (HTTP 429 rate limited: https://en.wikipedia.org/w/api.php?format=json&action=query&list=categorymembers&cmtitle=Category)
    skip category (HTTP 429 rate limited: https://en.wikipedia.org/w/api.php?format=json&action=query&list=categorymembers&cmtitle=Category)
    skip category (HTTP 429 rate limited: https://en.wikipedia.org/w/api.php?format=json&action=query&list=categorymembers&cmtitle=Category)
    skip category (HTTP 429 rate limited: https://en.wikipedia.org/w/api.php?format=json&action=query&list=categorymembers&cmtitle=Category)
    skip category (HTTP 429 rate limited: https://en.wikipedia.org/w/api.php?format=json&action=query&list=categorymembers&cmtitle=Category)
    skip category (HTTP 429 rate limited: https://en.wikipedia.org/w/api.php?format=json&action=query&list=categorymembers&cmtitle=Category)
    skip category (HTTP 429 rate limited: https://en.wikipedia.org/w/api.php?format=json&action=query&list=categorymembers&cmtitle=Category)
    skip category (HTTP 429 rate limited: https://en.wikipedia.org/w/api.php?format=json&action=query&list=categorymembers&cmtitle=Category)
    skip category (HTTP 429 rate limited: https://en.wikipedia.org/w/api.php?format=json&action=query&list=categorymembers&cmtitle=Category)
    skip category (HTTP 429 rate limited: https://en.wikipedia.org/w/api.php?format=json&action=query&list=categorymembers&cmtitle=Category)
    skip category (HTTP 429 rate limited: https://en.wikipedia.org/w/api.php?format=json&action=query&list=categorymembers&cmtitle=Category)
    skip category (HTTP 429 rate limited: https://en.wikipedia.org/w/api.php?format=json&action=query&list=categorymembers&cmtitle=Category)
    skip category (HTTP 429 rate limited: https://en.wikipedia.org/w/api.php?format=json&action=query&list=categorymembers&cmtitle=Category)
    skip category (HTTP 429 rate limited: https://en.wikipedia.org/w/api.php?format=json&action=query&list=categorymembers&cmtitle=Category)
    skip category (HTTP 429 rate limited: https://en.wikipedia.org/w/api.php?format=json&action=query&list=categorymembers&cmtitle=Category)
    skip category (HTTP 429 rate limited: https://en.wikipedia.org/w/api.php?format=json&action=query&list=categorymembers&cmtitle=Category)
    skip category (HTTP 429 rate limited: https://en.wikipedia.org/w/api.php?format=json&action=query&list=categorymembers&cmtitle=Category)
    skip category (HTTP 429 rate limited: https://en.wikipedia.org/w/api.php?format=json&action=query&list=categorymembers&cmtitle=Category)
    skip category (HTTP 429 rate limited: https://en.wikipedia.org/w/api.php?format=json&action=query&list=categorymembers&cmtitle=Category)
    skip category (HTTP 429 rate limited: https://en.wikipedia.org/w/api.php?format=json&action=query&list=categorymembers&cmtitle=Category)
    skip category (HTTP 429 rate limited: https://en.wikipedia.org/w/api.php?format=json&action=query&list=categorymembers&cmtitle=Category)
    skip category (HTTP 429 rate limited: https://en.wikipedia.org/w/api.php?format=json&action=query&list=categorymembers&cmtitle=Category)
    skip category (HTTP 429 rate limited: https://en.wikipedia.org/w/api.php?format=json&action=query&list=categorymembers&cmtitle=Category)
    skip category (HTTP 429 rate limited: https://en.wikipedia.org/w/api.php?format=json&action=query&list=categorymembers&cmtitle=Category)
    skip category (HTTP 429 rate limited: https://en.wikipedia.org/w/api.php?format=json&action=query&list=categorymembers&cmtitle=Category)
    skip category (HTTP 429 rate limited: https://en.wikipedia.org/w/api.php?format=json&action=query&list=categorymembers&cmtitle=Category)
    skip category (HTTP 429 rate limited: https://en.wikipedia.org/w/api.php?format=json&action=query&list=categorymembers&cmtitle=Category)
    skip category (HTTP 429 rate limited: https://en.wikipedia.org/w/api.php?format=json&action=query&list=categorymembers&cmtitle=Category)
    skip category (HTTP 429 rate limited: https://en.wikipedia.org/w/api.php?format=json&action=query&list=categorymembers&cmtitle=Category)
    skip category (HTTP 429 rate limited: https://en.wikipedia.org/w/api.php?format=json&action=query&list=categorymembers&cmtitle=Category)
    skip category (HTTP 429 rate limited: https://en.wikipedia.org/w/api.php?format=json&action=query&list=categorymembers&cmtitle=Category)
    skip category (HTTP 429 rate limited: https://en.wikipedia.org/w/api.php?format=json&action=query&list=categorymembers&cmtitle=Category)
    skip category (HTTP 429 rate limited: https://en.wikipedia.org/w/api.php?format=json&action=query&list=categorymembers&cmtitle=Category)
    skip category (HTTP 429 rate limited: https://en.wikipedia.org/w/api.php?format=json&action=query&list=categorymembers&cmtitle=Category)
    skip category (HTTP 429 rate limited: https://en.wikipedia.org/w/api.php?format=json&action=query&list=categorymembers&cmtitle=Category)
    skip category (HTTP 429 rate limited: https://en.wikipedia.org/w/api.php?format=json&action=query&list=categorymembers&cmtitle=Category)
    skip category (HTTP 429 rate limited: https://en.wikipedia.org/w/api.php?format=json&action=query&list=categorymembers&cmtitle=Category)
    skip category (HTTP 429 rate limited: https://en.wikipedia.org/w/api.php?format=json&action=query&list=categorymembers&cmtitle=Category)
    skip category (HTTP 429 rate limited: https://en.wikipedia.org/w/api.php?format=json&action=query&list=categorymembers&cmtitle=Category)
    skip category (HTTP 429 rate limited: https://en.wikipedia.org/w/api.php?format=json&action=query&list=categorymembers&cmtitle=Category)
    skip category (HTTP 429 rate limited: https://en.wikipedia.org/w/api.php?format=json&action=query&list=categorymembers&cmtitle=Category)
    skip category (HTTP 429 rate limited: https://en.wikipedia.org/w/api.php?format=json&action=query&list=categorymembers&cmtitle=Category)
    skip category (HTTP 429 rate limited: https://en.wikipedia.org/w/api.php?format=json&action=query&list=categorymembers&cmtitle=Category)
    skip category (HTTP 429 rate limited: https://en.wikipedia.org/w/api.php?format=json&action=query&list=categorymembers&cmtitle=Category)
    skip category (HTTP 429 rate limited: https://en.wikipedia.org/w/api.php?format=json&action=query&list=categorymembers&cmtitle=Category)
    skip category (HTTP 429 rate limited: https://en.wikipedia.org/w/api.php?format=json&action=query&list=categorymembers&cmtitle=Category)
    skip category (HTTP 429 rate limited: https://en.wikipedia.org/w/api.php?format=json&action=query&list=categorymembers&cmtitle=Category)
    skip category (HTTP 429 rate limited: https://en.wikipedia.org/w/api.php?format=json&action=query&list=categorymembers&cmtitle=Category)
    skip category (HTTP 429 rate limited: https://en.wikipedia.org/w/api.php?format=json&action=query&list=categorymembers&cmtitle=Category)
    skip category (HTTP 429 rate limited: https://en.wikipedia.org/w/api.php?format=json&action=query&list=categorymembers&cmtitle=Category)
    skip category (HTTP 429 rate limited: https://en.wikipedia.org/w/api.php?format=json&action=query&list=categorymembers&cmtitle=Category)
    skip category (HTTP 429 rate limited: https://en.wikipedia.org/w/api.php?format=json&action=query&list=categorymembers&cmtitle=Category)
    skip category (HTTP 429 rate limited: https://en.wikipedia.org/w/api.php?format=json&action=query&list=categorymembers&cmtitle=Category)
    skip category (HTTP 429 rate limited: https://en.wikipedia.org/w/api.php?format=json&action=query&list=categorymembers&cmtitle=Category)
    skip category (HTTP 429 rate limited: https://en.wikipedia.org/w/api.php?format=json&action=query&list=categorymembers&cmtitle=Category)
    skip category (HTTP 429 rate limited: https://en.wikipedia.org/w/api.php?format=json&action=query&list=categorymembers&cmtitle=Category)
    skip category (HTTP 429 rate limited: https://en.wikipedia.org/w/api.php?format=json&action=query&list=categorymembers&cmtitle=Category)
    skip category (HTTP 429 rate limited: https://en.wikipedia.org/w/api.php?format=json&action=query&list=categorymembers&cmtitle=Category)
    skip category (HTTP 429 rate limited: https://en.wikipedia.org/w/api.php?format=json&action=query&list=categorymembers&cmtitle=Category)
    skip category (HTTP 429 rate limited: https://en.wikipedia.org/w/api.php?format=json&action=query&list=categorymembers&cmtitle=Category)
    skip category (HTTP 429 rate limited: https://en.wikipedia.org/w/api.php?format=json&action=query&list=categorymembers&cmtitle=Category)
    skip category (HTTP 429 rate limited: https://en.wikipedia.org/w/api.php?format=json&action=query&list=categorymembers&cmtitle=Category)
    skip category (HTTP 429 rate limited: https://en.wikipedia.org/w/api.php?format=json&action=query&list=categorymembers&cmtitle=Category)
    skip category (HTTP 429 rate limited: https://en.wikipedia.org/w/api.php?format=json&action=query&list=categorymembers&cmtitle=Category)
    skip category (HTTP 429 rate limited: https://en.wikipedia.org/w/api.php?format=json&action=query&list=categorymembers&cmtitle=Category)
    skip category (HTTP 429 rate limited: https://en.wikipedia.org/w/api.php?format=json&action=query&list=categorymembers&cmtitle=Category)
    skip category (HTTP 429 rate limited: https://en.wikipedia.org/w/api.php?format=json&action=query&list=categorymembers&cmtitle=Category)
    skip category (HTTP 429 rate limited: https://en.wikipedia.org/w/api.php?format=json&action=query&list=categorymembers&cmtitle=Category)
    skip category (HTTP 429 rate limited: https://en.wikipedia.org/w/api.php?format=json&action=query&list=categorymembers&cmtitle=Category)
    skip category (HTTP 429 rate limited: https://en.wikipedia.org/w/api.php?format=json&action=query&list=categorymembers&cmtitle=Category)
    skip category (HTTP 429 rate limited: https://en.wikipedia.org/w/api.php?format=json&action=query&list=categorymembers&cmtitle=Category)
    skip category (HTTP 429 rate limited: https://en.wikipedia.org/w/api.php?format=json&action=query&list=categorymembers&cmtitle=Category)
    skip category (HTTP 429 rate limited: https://en.wikipedia.org/w/api.php?format=json&action=query&list=categorymembers&cmtitle=Category)
    skip category (HTTP 429 rate limited: https://en.wikipedia.org/w/api.php?format=json&action=query&list=categorymembers&cmtitle=Category)
    skip category (HTTP 429 rate limited: https://en.wikipedia.org/w/api.php?format=json&action=query&list=categorymembers&cmtitle=Category)
    skip category (HTTP 429 rate limited: https://en.wikipedia.org/w/api.php?format=json&action=query&list=categorymembers&cmtitle=Category)
    skip category (HTTP 429 rate limited: https://en.wikipedia.org/w/api.php?format=json&action=query&list=categorymembers&cmtitle=Category)
    skip category (HTTP 429 rate limited: https://en.wikipedia.org/w/api.php?format=json&action=query&list=categorymembers&cmtitle=Category)
    skip category (HTTP 429 rate limited: https://en.wikipedia.org/w/api.php?format=json&action=query&list=categorymembers&cmtitle=Category)
    skip category (HTTP 429 rate limited: https://en.wikipedia.org/w/api.php?format=json&action=query&list=categorymembers&cmtitle=Category)
    skip category (HTTP 429 rate limited: https://en.wikipedia.org/w/api.php?format=json&action=query&list=categorymembers&cmtitle=Category)
    skip category (HTTP 429 rate limited: https://en.wikipedia.org/w/api.php?format=json&action=query&list=categorymembers&cmtitle=Category)
    skip category (HTTP 429 rate limited: https://en.wikipedia.org/w/api.php?format=json&action=query&list=categorymembers&cmtitle=Category)
    skip category (HTTP 429 rate limited: https://en.wikipedia.org/w/api.php?format=json&action=query&list=categorymembers&cmtitle=Category)
    skip category (HTTP 429 rate limited: https://en.wikipedia.org/w/api.php?format=json&action=query&list=categorymembers&cmtitle=Category)
    skip category (HTTP 429 rate limited: https://en.wikipedia.org/w/api.php?format=json&action=query&list=categorymembers&cmtitle=Category)
    skip category (HTTP 429 rate limited: https://en.wikipedia.org/w/api.php?format=json&action=query&list=categorymembers&cmtitle=Category)
    skip category (HTTP 429 rate limited: https://en.wikipedia.org/w/api.php?format=json&action=query&list=categorymembers&cmtitle=Category)
    skip category (HTTP 429 rate limited: https://en.wikipedia.org/w/api.php?format=json&action=query&list=categorymembers&cmtitle=Category)
    skip category (HTTP 429 rate limited: https://en.wikipedia.org/w/api.php?format=json&action=query&list=categorymembers&cmtitle=Category)
    skip category (HTTP 429 rate limited: https://en.wikipedia.org/w/api.php?format=json&action=query&list=categorymembers&cmtitle=Category)
    skip category (HTTP 429 rate limited: https://en.wikipedia.org/w/api.php?format=json&action=query&list=categorymembers&cmtitle=Category)
    skip category (HTTP 429 rate limited: https://en.wikipedia.org/w/api.php?format=json&action=query&list=categorymembers&cmtitle=Category)
    skip category (HTTP 429 rate limited: https://en.wikipedia.org/w/api.php?format=json&action=query&list=categorymembers&cmtitle=Category)
    skip category (HTTP 429 rate limited: https://en.wikipedia.org/w/api.php?format=json&action=query&list=categorymembers&cmtitle=Category)
    skip category (HTTP 429 rate limited: https://en.wikipedia.org/w/api.php?format=json&action=query&list=categorymembers&cmtitle=Category)
    skip category (HTTP 429 rate limited: https://en.wikipedia.org/w/api.php?format=json&action=query&list=categorymembers&cmtitle=Category)
    skip category (HTTP 429 rate limited: https://en.wikipedia.org/w/api.php?format=json&action=query&list=categorymembers&cmtitle=Category)
    skip category (HTTP 429 rate limited: https://en.wikipedia.org/w/api.php?format=json&action=query&list=categorymembers&cmtitle=Category)
    skip category (HTTP 429 rate limited: https://en.wikipedia.org/w/api.php?format=json&action=query&list=categorymembers&cmtitle=Category)
    skip category (HTTP 429 rate limited: https://en.wikipedia.org/w/api.php?format=json&action=query&list=categorymembers&cmtitle=Category)
    skip category (HTTP 429 rate limited: https://en.wikipedia.org/w/api.php?format=json&action=query&list=categorymembers&cmtitle=Category)
    skip category (HTTP 429 rate limited: https://en.wikipedia.org/w/api.php?format=json&action=query&list=categorymembers&cmtitle=Category)
    skip category (HTTP 429 rate limited: https://en.wikipedia.org/w/api.php?format=json&action=query&list=categorymembers&cmtitle=Category)
    skip category (HTTP 429 rate limited: https://en.wikipedia.org/w/api.php?format=json&action=query&list=categorymembers&cmtitle=Category)
    skip category (HTTP 429 rate limited: https://en.wikipedia.org/w/api.php?format=json&action=query&list=categorymembers&cmtitle=Category)
    skip category (HTTP 429 rate limited: https://en.wikipedia.org/w/api.php?format=json&action=query&list=categorymembers&cmtitle=Category)
    skip category (HTTP 429 rate limited: https://en.wikipedia.org/w/api.php?format=json&action=query&list=categorymembers&cmtitle=Category)
    skip category (HTTP 429 rate limited: https://en.wikipedia.org/w/api.php?format=json&action=query&list=categorymembers&cmtitle=Category)
    skip category (HTTP 429 rate limited: https://en.wikipedia.org/w/api.php?format=json&action=query&list=categorymembers&cmtitle=Category)
    skip category (HTTP 429 rate limited: https://en.wikipedia.org/w/api.php?format=json&action=query&list=categorymembers&cmtitle=Category)
    skip category (HTTP 429 rate limited: https://en.wikipedia.org/w/api.php?format=json&action=query&list=categorymembers&cmtitle=Category)
    skip category (HTTP 429 rate limited: https://en.wikipedia.org/w/api.php?format=json&action=query&list=categorymembers&cmtitle=Category)
    skip category (HTTP 429 rate limited: https://en.wikipedia.org/w/api.php?format=json&action=query&list=categorymembers&cmtitle=Category)
    skip category (HTTP 429 rate limited: https://en.wikipedia.org/w/api.php?format=json&action=query&list=categorymembers&cmtitle=Category)
    skip category (HTTP 429 rate limited: https://en.wikipedia.org/w/api.php?format=json&action=query&list=categorymembers&cmtitle=Category)
    skip category (HTTP 429 rate limited: https://en.wikipedia.org/w/api.php?format=json&action=query&list=categorymembers&cmtitle=Category)
    skip category (HTTP 429 rate limited: https://en.wikipedia.org/w/api.php?format=json&action=query&list=categorymembers&cmtitle=Category)
    skip category (HTTP 429 rate limited: https://en.wikipedia.org/w/api.php?format=json&action=query&list=categorymembers&cmtitle=Category)
    skip category (HTTP 429 rate limited: https://en.wikipedia.org/w/api.php?format=json&action=query&list=categorymembers&cmtitle=Category)
    skip category (HTTP 429 rate limited: https://en.wikipedia.org/w/api.php?format=json&action=query&list=categorymembers&cmtitle=Category)
    skip category (HTTP 429 rate limited: https://en.wikipedia.org/w/api.php?format=json&action=query&list=categorymembers&cmtitle=Category)
    skip category (HTTP 429 rate limited: https://en.wikipedia.org/w/api.php?format=json&action=query&list=categorymembers&cmtitle=Category)
    skip category (HTTP 429 rate limited: https://en.wikipedia.org/w/api.php?format=json&action=query&list=categorymembers&cmtitle=Category)
    skip category (HTTP 429 rate limited: https://en.wikipedia.org/w/api.php?format=json&action=query&list=categorymembers&cmtitle=Category)
    skip category (HTTP 429 rate limited: https://en.wikipedia.org/w/api.php?format=json&action=query&list=categorymembers&cmtitle=Category)
    skip category (HTTP 429 rate limited: https://en.wikipedia.org/w/api.php?format=json&action=query&list=categorymembers&cmtitle=Category)
    skip category (HTTP 429 rate limited: https://en.wikipedia.org/w/api.php?format=json&action=query&list=categorymembers&cmtitle=Category)
    skip category (HTTP 429 rate limited: https://en.wikipedia.org/w/api.php?format=json&action=query&list=categorymembers&cmtitle=Category)
    skip category (HTTP 429 rate limited: https://en.wikipedia.org/w/api.php?format=json&action=query&list=categorymembers&cmtitle=Category)
    skip category (HTTP 429 rate limited: https://en.wikipedia.org/w/api.php?format=json&action=query&list=categorymembers&cmtitle=Category)
    skip category (HTTP 429 rate limited: https://en.wikipedia.org/w/api.php?format=json&action=query&list=categorymembers&cmtitle=Category)
    skip category (HTTP 429 rate limited: https://en.wikipedia.org/w/api.php?format=json&action=query&list=categorymembers&cmtitle=Category)
    skip category (HTTP 429 rate limited: https://en.wikipedia.org/w/api.php?format=json&action=query&list=categorymembers&cmtitle=Category)
    skip category (HTTP 429 rate limited: https://en.wikipedia.org/w/api.php?format=json&action=query&list=categorymembers&cmtitle=Category)
    skip category (HTTP 429 rate limited: https://en.wikipedia.org/w/api.php?format=json&action=query&list=categorymembers&cmtitle=Category)
    skip category (HTTP 429 rate limited: https://en.wikipedia.org/w/api.php?format=json&action=query&list=categorymembers&cmtitle=Category)
    skip category (HTTP 429 rate limited: https://en.wikipedia.org/w/api.php?format=json&action=query&list=categorymembers&cmtitle=Category)
    skip category (HTTP 429 rate limited: https://en.wikipedia.org/w/api.php?format=json&action=query&list=categorymembers&cmtitle=Category)
    skip category (HTTP 429 rate limited: https://en.wikipedia.org/w/api.php?format=json&action=query&list=categorymembers&cmtitle=Category)
    skip category (HTTP 429 rate limited: https://en.wikipedia.org/w/api.php?format=json&action=query&list=categorymembers&cmtitle=Category)
    skip category (HTTP 429 rate limited: https://en.wikipedia.org/w/api.php?format=json&action=query&list=categorymembers&cmtitle=Category)
    skip category (HTTP 429 rate limited: https://en.wikipedia.org/w/api.php?format=json&action=query&list=categorymembers&cmtitle=Category)
    skip category (HTTP 429 rate limited: https://en.wikipedia.org/w/api.php?format=json&action=query&list=categorymembers&cmtitle=Category)
    skip category (HTTP 429 rate limited: https://en.wikipedia.org/w/api.php?format=json&action=query&list=categorymembers&cmtitle=Category)
    skip category (HTTP 429 rate limited: https://en.wikipedia.org/w/api.php?format=json&action=query&list=categorymembers&cmtitle=Category)
    skip category (HTTP 429 rate limited: https://en.wikipedia.org/w/api.php?format=json&action=query&list=categorymembers&cmtitle=Category)
    skip category (HTTP 429 rate limited: https://en.wikipedia.org/w/api.php?format=json&action=query&list=categorymembers&cmtitle=Category)
    skip category (HTTP 429 rate limited: https://en.wikipedia.org/w/api.php?format=json&action=query&list=categorymembers&cmtitle=Category)
    skip category (HTTP 429 rate limited: https://en.wikipedia.org/w/api.php?format=json&action=query&list=categorymembers&cmtitle=Category)
    skip category (HTTP 429 rate limited: https://en.wikipedia.org/w/api.php?format=json&action=query&list=categorymembers&cmtitle=Category)
    skip category (HTTP 429 rate limited: https://en.wikipedia.org/w/api.php?format=json&action=query&list=categorymembers&cmtitle=Category)
    skip category (HTTP 429 rate limited: https://en.wikipedia.org/w/api.php?format=json&action=query&list=categorymembers&cmtitle=Category)
    skip category (HTTP 429 rate limited: https://en.wikipedia.org/w/api.php?format=json&action=query&list=categorymembers&cmtitle=Category)
    skip category (HTTP 429 rate limited: https://en.wikipedia.org/w/api.php?format=json&action=query&list=categorymembers&cmtitle=Category)
    skip category (HTTP 429 rate limited: https://en.wikipedia.org/w/api.php?format=json&action=query&list=categorymembers&cmtitle=Category)
    skip category (HTTP 429 rate limited: https://en.wikipedia.org/w/api.php?format=json&action=query&list=categorymembers&cmtitle=Category)
    skip category (HTTP 429 rate limited: https://en.wikipedia.org/w/api.php?format=json&action=query&list=categorymembers&cmtitle=Category)
    skip category (HTTP 429 rate limited: https://en.wikipedia.org/w/api.php?format=json&action=query&list=categorymembers&cmtitle=Category)
    skip category (HTTP 429 rate limited: https://en.wikipedia.org/w/api.php?format=json&action=query&list=categorymembers&cmtitle=Category)
    skip category (HTTP 429 rate limited: https://en.wikipedia.org/w/api.php?format=json&action=query&list=categorymembers&cmtitle=Category)
    skip category (HTTP 429 rate limited: https://en.wikipedia.org/w/api.php?format=json&action=query&list=categorymembers&cmtitle=Category)
    skip category (HTTP 429 rate limited: https://en.wikipedia.org/w/api.php?format=json&action=query&list=categorymembers&cmtitle=Category)
    skip category (HTTP 429 rate limited: https://en.wikipedia.org/w/api.php?format=json&action=query&list=categorymembers&cmtitle=Category)
    skip category (HTTP 429 rate limited: https://en.wikipedia.org/w/api.php?format=json&action=query&list=categorymembers&cmtitle=Category)
    skip category (HTTP 429 rate limited: https://en.wikipedia.org/w/api.php?format=json&action=query&list=categorymembers&cmtitle=Category)
    skip category (HTTP 429 rate limited: https://en.wikipedia.org/w/api.php?format=json&action=query&list=categorymembers&cmtitle=Category)
    skip category (HTTP 429 rate limited: https://en.wikipedia.org/w/api.php?format=json&action=query&list=categorymembers&cmtitle=Category)
    skip category (HTTP 429 rate limited: https://en.wikipedia.org/w/api.php?format=json&action=query&list=categorymembers&cmtitle=Category)
    skip category (HTTP 429 rate limited: https://en.wikipedia.org/w/api.php?format=json&action=query&list=categorymembers&cmtitle=Category)
    skip category (HTTP 429 rate limited: https://en.wikipedia.org/w/api.php?format=json&action=query&list=categorymembers&cmtitle=Category)
    skip category (HTTP 429 rate limited: https://en.wikipedia.org/w/api.php?format=json&action=query&list=categorymembers&cmtitle=Category)
    skip category (HTTP 429 rate limited: https://en.wikipedia.org/w/api.php?format=json&action=query&list=categorymembers&cmtitle=Category)
    skip category (HTTP 429 rate limited: https://en.wikipedia.org/w/api.php?format=json&action=query&list=categorymembers&cmtitle=Category)
    skip category (HTTP 429 rate limited: https://en.wikipedia.org/w/api.php?format=json&action=query&list=categorymembers&cmtitle=Category)
    skip category (HTTP 429 rate limited: https://en.wikipedia.org/w/api.php?format=json&action=query&list=categorymembers&cmtitle=Category)
    skip category (HTTP 429 rate limited: https://en.wikipedia.org/w/api.php?format=json&action=query&list=categorymembers&cmtitle=Category)
    skip category (HTTP 429 rate limited: https://en.wikipedia.org/w/api.php?format=json&action=query&list=categorymembers&cmtitle=Category)
    skip category (HTTP 429 rate limited: https://en.wikipedia.org/w/api.php?format=json&action=query&list=categorymembers&cmtitle=Category)
    skip category (HTTP 429 rate limited: https://en.wikipedia.org/w/api.php?format=json&action=query&list=categorymembers&cmtitle=Category)
    skip category (HTTP 429 rate limited: https://en.wikipedia.org/w/api.php?format=json&action=query&list=categorymembers&cmtitle=Category)
    skip category (HTTP 429 rate limited: https://en.wikipedia.org/w/api.php?format=json&action=query&list=categorymembers&cmtitle=Category)
    skip category (HTTP 429 rate limited: https://en.wikipedia.org/w/api.php?format=json&action=query&list=categorymembers&cmtitle=Category)
    skip category (HTTP 429 rate limited: https://en.wikipedia.org/w/api.php?format=json&action=query&list=categorymembers&cmtitle=Category)
    skip category (HTTP 429 rate limited: https://en.wikipedia.org/w/api.php?format=json&action=query&list=categorymembers&cmtitle=Category)
    skip category (HTTP 429 rate limited: https://en.wikipedia.org/w/api.php?format=json&action=query&list=categorymembers&cmtitle=Category)
    skip category (HTTP 429 rate limited: https://en.wikipedia.org/w/api.php?format=json&action=query&list=categorymembers&cmtitle=Category)
    skip category (HTTP 429 rate limited: https://en.wikipedia.org/w/api.php?format=json&action=query&list=categorymembers&cmtitle=Category)
    skip category (HTTP 429 rate limited: https://en.wikipedia.org/w/api.php?format=json&action=query&list=categorymembers&cmtitle=Category)
    skip category (HTTP 429 rate limited: https://en.wikipedia.org/w/api.php?format=json&action=query&list=categorymembers&cmtitle=Category)
    skip category (HTTP 429 rate limited: https://en.wikipedia.org/w/api.php?format=json&action=query&list=categorymembers&cmtitle=Category)
    skip category (HTTP 429 rate limited: https://en.wikipedia.org/w/api.php?format=json&action=query&list=categorymembers&cmtitle=Category)
    skip category (HTTP 429 rate limited: https://en.wikipedia.org/w/api.php?format=json&action=query&list=categorymembers&cmtitle=Category)
    skip category (HTTP 429 rate limited: https://en.wikipedia.org/w/api.php?format=json&action=query&list=categorymembers&cmtitle=Category)
    skip category (HTTP 429 rate limited: https://en.wikipedia.org/w/api.php?format=json&action=query&list=categorymembers&cmtitle=Category)
    skip category (HTTP 429 rate limited: https://en.wikipedia.org/w/api.php?format=json&action=query&list=categorymembers&cmtitle=Category)
    skip category (HTTP 429 rate limited: https://en.wikipedia.org/w/api.php?format=json&action=query&list=categorymembers&cmtitle=Category)
    skip category (HTTP 429 rate limited: https://en.wikipedia.org/w/api.php?format=json&action=query&list=categorymembers&cmtitle=Category)
    skip category (HTTP 429 rate limited: https://en.wikipedia.org/w/api.php?format=json&action=query&list=categorymembers&cmtitle=Category)
    skip category (HTTP 429 rate limited: https://en.wikipedia.org/w/api.php?format=json&action=query&list=categorymembers&cmtitle=Category)
    skip category (HTTP 429 rate limited: https://en.wikipedia.org/w/api.php?format=json&action=query&list=categorymembers&cmtitle=Category)
    skip category (HTTP 429 rate limited: https://en.wikipedia.org/w/api.php?format=json&action=query&list=categorymembers&cmtitle=Category)
    skip category (HTTP 429 rate limited: https://en.wikipedia.org/w/api.php?format=json&action=query&list=categorymembers&cmtitle=Category)
    skip category (HTTP 429 rate limited: https://en.wikipedia.org/w/api.php?format=json&action=query&list=categorymembers&cmtitle=Category)
    skip category (HTTP 429 rate limited: https://en.wikipedia.org/w/api.php?format=json&action=query&list=categorymembers&cmtitle=Category)
    skip category (HTTP 429 rate limited: https://en.wikipedia.org/w/api.php?format=json&action=query&list=categorymembers&cmtitle=Category)
    skip category (HTTP 429 rate limited: https://en.wikipedia.org/w/api.php?format=json&action=query&list=categorymembers&cmtitle=Category)
    skip category (HTTP 429 rate limited: https://en.wikipedia.org/w/api.php?format=json&action=query&list=categorymembers&cmtitle=Category)
    skip category (HTTP 429 rate limited: https://en.wikipedia.org/w/api.php?format=json&action=query&list=categorymembers&cmtitle=Category)
    skip category (HTTP 429 rate limited: https://en.wikipedia.org/w/api.php?format=json&action=query&list=categorymembers&cmtitle=Category)
    skip category (HTTP 429 rate limited: https://en.wikipedia.org/w/api.php?format=json&action=query&list=categorymembers&cmtitle=Category)
    skip category (HTTP 429 rate limited: https://en.wikipedia.org/w/api.php?format=json&action=query&list=categorymembers&cmtitle=Category)
    skip category (HTTP 429 rate limited: https://en.wikipedia.org/w/api.php?format=json&action=query&list=categorymembers&cmtitle=Category)
    skip category (HTTP 429 rate limited: https://en.wikipedia.org/w/api.php?format=json&action=query&list=categorymembers&cmtitle=Category)
    skip category (HTTP 429 rate limited: https://en.wikipedia.org/w/api.php?format=json&action=query&list=categorymembers&cmtitle=Category)
    skip category (HTTP 429 rate limited: https://en.wikipedia.org/w/api.php?format=json&action=query&list=categorymembers&cmtitle=Category)
    skip category (HTTP 429 rate limited: https://en.wikipedia.org/w/api.php?format=json&action=query&list=categorymembers&cmtitle=Category)
    skip category (HTTP 429 rate limited: https://en.wikipedia.org/w/api.php?format=json&action=query&list=categorymembers&cmtitle=Category)
    skip category (HTTP 429 rate limited: https://en.wikipedia.org/w/api.php?format=json&action=query&list=categorymembers&cmtitle=Category)
    skip category (HTTP 429 rate limited: https://en.wikipedia.org/w/api.php?format=json&action=query&list=categorymembers&cmtitle=Category)
    skip category (HTTP 429 rate limited: https://en.wikipedia.org/w/api.php?format=json&action=query&list=categorymembers&cmtitle=Category)
    skip category (HTTP 429 rate limited: https://en.wikipedia.org/w/api.php?format=json&action=query&list=categorymembers&cmtitle=Category)
    skip category (HTTP 429 rate limited: https://en.wikipedia.org/w/api.php?format=json&action=query&list=categorymembers&cmtitle=Category)
    skip category (HTTP 429 rate limited: https://en.wikipedia.org/w/api.php?format=json&action=query&list=categorymembers&cmtitle=Category)
    skip category (HTTP 429 rate limited: https://en.wikipedia.org/w/api.php?format=json&action=query&list=categorymembers&cmtitle=Category)
    skip category (HTTP 429 rate limited: https://en.wikipedia.org/w/api.php?format=json&action=query&list=categorymembers&cmtitle=Category)
    skip category (HTTP 429 rate limited: https://en.wikipedia.org/w/api.php?format=json&action=query&list=categorymembers&cmtitle=Category)
    skip category (HTTP 429 rate limited: https://en.wikipedia.org/w/api.php?format=json&action=query&list=categorymembers&cmtitle=Category)
    skip category (HTTP 429 rate limited: https://en.wikipedia.org/w/api.php?format=json&action=query&list=categorymembers&cmtitle=Category)
    skip category (HTTP 429 rate limited: https://en.wikipedia.org/w/api.php?format=json&action=query&list=categorymembers&cmtitle=Category)
    skip category (HTTP 429 rate limited: https://en.wikipedia.org/w/api.php?format=json&action=query&list=categorymembers&cmtitle=Category)
    skip category (HTTP 429 rate limited: https://en.wikipedia.org/w/api.php?format=json&action=query&list=categorymembers&cmtitle=Category)
    skip category (HTTP 429 rate limited: https://en.wikipedia.org/w/api.php?format=json&action=query&list=categorymembers&cmtitle=Category)
    skip category (HTTP 429 rate limited: https://en.wikipedia.org/w/api.php?format=json&action=query&list=categorymembers&cmtitle=Category)
    skip category (HTTP 429 rate limited: https://en.wikipedia.org/w/api.php?format=json&action=query&list=categorymembers&cmtitle=Category)
    skip category (HTTP 429 rate limited: https://en.wikipedia.org/w/api.php?format=json&action=query&list=categorymembers&cmtitle=Category)
    skip category (HTTP 429 rate limited: https://en.wikipedia.org/w/api.php?format=json&action=query&list=categorymembers&cmtitle=Category)
    skip category (HTTP 429 rate limited: https://en.wikipedia.org/w/api.php?format=json&action=query&list=categorymembers&cmtitle=Category)
    skip category (HTTP 429 rate limited: https://en.wikipedia.org/w/api.php?format=json&action=query&list=categorymembers&cmtitle=Category)
    skip category (HTTP 429 rate limited: https://en.wikipedia.org/w/api.php?format=json&action=query&list=categorymembers&cmtitle=Category)
    skip category (HTTP 429 rate limited: https://en.wikipedia.org/w/api.php?format=json&action=query&list=categorymembers&cmtitle=Category)
    skip category (HTTP 429 rate limited: https://en.wikipedia.org/w/api.php?format=json&action=query&list=categorymembers&cmtitle=Category)
    skip category (HTTP 429 rate limited: https://en.wikipedia.org/w/api.php?format=json&action=query&list=categorymembers&cmtitle=Category)
    skip category (HTTP 429 rate limited: https://en.wikipedia.org/w/api.php?format=json&action=query&list=categorymembers&cmtitle=Category)
    skip category (HTTP 429 rate limited: https://en.wikipedia.org/w/api.php?format=json&action=query&list=categorymembers&cmtitle=Category)
    skip category (HTTP 429 rate limited: https://en.wikipedia.org/w/api.php?format=json&action=query&list=categorymembers&cmtitle=Category)
    skip category (HTTP 429 rate limited: https://en.wikipedia.org/w/api.php?format=json&action=query&list=categorymembers&cmtitle=Category)
    skip category (HTTP 429 rate limited: https://en.wikipedia.org/w/api.php?format=json&action=query&list=categorymembers&cmtitle=Category)
    skip category (HTTP 429 rate limited: https://en.wikipedia.org/w/api.php?format=json&action=query&list=categorymembers&cmtitle=Category)
    skip category (HTTP 429 rate limited: https://en.wikipedia.org/w/api.php?format=json&action=query&list=categorymembers&cmtitle=Category)
    skip category (HTTP 429 rate limited: https://en.wikipedia.org/w/api.php?format=json&action=query&list=categorymembers&cmtitle=Category)
    skip category (HTTP 429 rate limited: https://en.wikipedia.org/w/api.php?format=json&action=query&list=categorymembers&cmtitle=Category)
    skip category (HTTP 429 rate limited: https://en.wikipedia.org/w/api.php?format=json&action=query&list=categorymembers&cmtitle=Category)
    skip category (HTTP 429 rate limited: https://en.wikipedia.org/w/api.php?format=json&action=query&list=categorymembers&cmtitle=Category)
    skip category (HTTP 429 rate limited: https://en.wikipedia.org/w/api.php?format=json&action=query&list=categorymembers&cmtitle=Category)
    skip category (HTTP 429 rate limited: https://en.wikipedia.org/w/api.php?format=json&action=query&list=categorymembers&cmtitle=Category)
    skip category (HTTP 429 rate limited: https://en.wikipedia.org/w/api.php?format=json&action=query&list=categorymembers&cmtitle=Category)
    skip category (HTTP 429 rate limited: https://en.wikipedia.org/w/api.php?format=json&action=query&list=categorymembers&cmtitle=Category)
    skip category (HTTP 429 rate limited: https://en.wikipedia.org/w/api.php?format=json&action=query&list=categorymembers&cmtitle=Category)
    skip category (HTTP 429 rate limited: https://en.wikipedia.org/w/api.php?format=json&action=query&list=categorymembers&cmtitle=Category)
    skip category (HTTP 429 rate limited: https://en.wikipedia.org/w/api.php?format=json&action=query&list=categorymembers&cmtitle=Category)
    skip category (HTTP 429 rate limited: https://en.wikipedia.org/w/api.php?format=json&action=query&list=categorymembers&cmtitle=Category)
    skip category (HTTP 429 rate limited: https://en.wikipedia.org/w/api.php?format=json&action=query&list=categorymembers&cmtitle=Category)
    skip category (HTTP 429 rate limited: https://en.wikipedia.org/w/api.php?format=json&action=query&list=categorymembers&cmtitle=Category)
    skip category (HTTP 429 rate limited: https://en.wikipedia.org/w/api.php?format=json&action=query&list=categorymembers&cmtitle=Category)
    skip category (HTTP 429 rate limited: https://en.wikipedia.org/w/api.php?format=json&action=query&list=categorymembers&cmtitle=Category)
    skip category (HTTP 429 rate limited: https://en.wikipedia.org/w/api.php?format=json&action=query&list=categorymembers&cmtitle=Category)
    skip category (HTTP 429 rate limited: https://en.wikipedia.org/w/api.php?format=json&action=query&list=categorymembers&cmtitle=Category)
    skip category (HTTP 429 rate limited: https://en.wikipedia.org/w/api.php?format=json&action=query&list=categorymembers&cmtitle=Category)
    skip category (HTTP 429 rate limited: https://en.wikipedia.org/w/api.php?format=json&action=query&list=categorymembers&cmtitle=Category)
    skip category (HTTP 429 rate limited: https://en.wikipedia.org/w/api.php?format=json&action=query&list=categorymembers&cmtitle=Category)
    skip category (HTTP 429 rate limited: https://en.wikipedia.org/w/api.php?format=json&action=query&list=categorymembers&cmtitle=Category)
    skip category (HTTP 429 rate limited: https://en.wikipedia.org/w/api.php?format=json&action=query&list=categorymembers&cmtitle=Category)
    skip category (HTTP 429 rate limited: https://en.wikipedia.org/w/api.php?format=json&action=query&list=categorymembers&cmtitle=Category)
    skip category (HTTP 429 rate limited: https://en.wikipedia.org/w/api.php?format=json&action=query&list=categorymembers&cmtitle=Category)
    skip category (HTTP 429 rate limited: https://en.wikipedia.org/w/api.php?format=json&action=query&list=categorymembers&cmtitle=Category)
    skip category (HTTP 429 rate limited: https://en.wikipedia.org/w/api.php?format=json&action=query&list=categorymembers&cmtitle=Category)
    skip category (HTTP 429 rate limited: https://en.wikipedia.org/w/api.php?format=json&action=query&list=categorymembers&cmtitle=Category)
    skip category (HTTP 429 rate limited: https://en.wikipedia.org/w/api.php?format=json&action=query&list=categorymembers&cmtitle=Category)
    skip category (HTTP 429 rate limited: https://en.wikipedia.org/w/api.php?format=json&action=query&list=categorymembers&cmtitle=Category)
    skip category (HTTP 429 rate limited: https://en.wikipedia.org/w/api.php?format=json&action=query&list=categorymembers&cmtitle=Category)
    skip category (HTTP 429 rate limited: https://en.wikipedia.org/w/api.php?format=json&action=query&list=categorymembers&cmtitle=Category)
    skip category (HTTP 429 rate limited: https://en.wikipedia.org/w/api.php?format=json&action=query&list=categorymembers&cmtitle=Category)
    skip category (HTTP 429 rate limited: https://en.wikipedia.org/w/api.php?format=json&action=query&list=categorymembers&cmtitle=Category)
    skip category (HTTP 429 rate limited: https://en.wikipedia.org/w/api.php?format=json&action=query&list=categorymembers&cmtitle=Category)
    skip category (HTTP 429 rate limited: https://en.wikipedia.org/w/api.php?format=json&action=query&list=categorymembers&cmtitle=Category)
    skip category (HTTP 429 rate limited: https://en.wikipedia.org/w/api.php?format=json&action=query&list=categorymembers&cmtitle=Category)
    skip category (HTTP 429 rate limited: https://en.wikipedia.org/w/api.php?format=json&action=query&list=categorymembers&cmtitle=Category)
    skip category (HTTP 429 rate limited: https://en.wikipedia.org/w/api.php?format=json&action=query&list=categorymembers&cmtitle=Category)
    skip category (HTTP 429 rate limited: https://en.wikipedia.org/w/api.php?format=json&action=query&list=categorymembers&cmtitle=Category)
    skip category (HTTP 429 rate limited: https://en.wikipedia.org/w/api.php?format=json&action=query&list=categorymembers&cmtitle=Category)
    skip category (HTTP 429 rate limited: https://en.wikipedia.org/w/api.php?format=json&action=query&list=categorymembers&cmtitle=Category)
    skip category (HTTP 429 rate limited: https://en.wikipedia.org/w/api.php?format=json&action=query&list=categorymembers&cmtitle=Category)
    skip category (HTTP 429 rate limited: https://en.wikipedia.org/w/api.php?format=json&action=query&list=categorymembers&cmtitle=Category)
    skip category (HTTP 429 rate limited: https://en.wikipedia.org/w/api.php?format=json&action=query&list=categorymembers&cmtitle=Category)
    skip category (HTTP 429 rate limited: https://en.wikipedia.org/w/api.php?format=json&action=query&list=categorymembers&cmtitle=Category)
    skip category (HTTP 429 rate limited: https://en.wikipedia.org/w/api.php?format=json&action=query&list=categorymembers&cmtitle=Category)
    skip category (HTTP 429 rate limited: https://en.wikipedia.org/w/api.php?format=json&action=query&list=categorymembers&cmtitle=Category)
    skip category (HTTP 429 rate limited: https://en.wikipedia.org/w/api.php?format=json&action=query&list=categorymembers&cmtitle=Category)
    skip category (HTTP 429 rate limited: https://en.wikipedia.org/w/api.php?format=json&action=query&list=categorymembers&cmtitle=Category)
    skip category (HTTP 429 rate limited: https://en.wikipedia.org/w/api.php?format=json&action=query&list=categorymembers&cmtitle=Category)
    skip category (HTTP 429 rate limited: https://en.wikipedia.org/w/api.php?format=json&action=query&list=categorymembers&cmtitle=Category)
    skip category (HTTP 429 rate limited: https://en.wikipedia.org/w/api.php?format=json&action=query&list=categorymembers&cmtitle=Category)
    skip category (HTTP 429 rate limited: https://en.wikipedia.org/w/api.php?format=json&action=query&list=categorymembers&cmtitle=Category)
    skip category (HTTP 429 rate limited: https://en.wikipedia.org/w/api.php?format=json&action=query&list=categorymembers&cmtitle=Category)
    skip category (HTTP 429 rate limited: https://en.wikipedia.org/w/api.php?format=json&action=query&list=categorymembers&cmtitle=Category)
    skip category (HTTP 429 rate limited: https://en.wikipedia.org/w/api.php?format=json&action=query&list=categorymembers&cmtitle=Category)
    skip category (HTTP 429 rate limited: https://en.wikipedia.org/w/api.php?format=json&action=query&list=categorymembers&cmtitle=Category)
    skip category (HTTP 429 rate limited: https://en.wikipedia.org/w/api.php?format=json&action=query&list=categorymembers&cmtitle=Category)
    skip category (HTTP 429 rate limited: https://en.wikipedia.org/w/api.php?format=json&action=query&list=categorymembers&cmtitle=Category)
    skip category (HTTP 429 rate limited: https://en.wikipedia.org/w/api.php?format=json&action=query&list=categorymembers&cmtitle=Category)
    skip category (HTTP 429 rate limited: https://en.wikipedia.org/w/api.php?format=json&action=query&list=categorymembers&cmtitle=Category)
    skip category (HTTP 429 rate limited: https://en.wikipedia.org/w/api.php?format=json&action=query&list=categorymembers&cmtitle=Category)
    skip category (HTTP 429 rate limited: https://en.wikipedia.org/w/api.php?format=json&action=query&list=categorymembers&cmtitle=Category)
    skip category (HTTP 429 rate limited: https://en.wikipedia.org/w/api.php?format=json&action=query&list=categorymembers&cmtitle=Category)
    skip category (HTTP 429 rate limited: https://en.wikipedia.org/w/api.php?format=json&action=query&list=categorymembers&cmtitle=Category)
    skip category (HTTP 429 rate limited: https://en.wikipedia.org/w/api.php?format=json&action=query&list=categorymembers&cmtitle=Category)
    skip category (HTTP 429 rate limited: https://en.wikipedia.org/w/api.php?format=json&action=query&list=categorymembers&cmtitle=Category)
    skip category (HTTP 429 rate limited: https://en.wikipedia.org/w/api.php?format=json&action=query&list=categorymembers&cmtitle=Category)
    skip category (HTTP 429 rate limited: https://en.wikipedia.org/w/api.php?format=json&action=query&list=categorymembers&cmtitle=Category)
    skip category (HTTP 429 rate limited: https://en.wikipedia.org/w/api.php?format=json&action=query&list=categorymembers&cmtitle=Category)
    skip category (HTTP 429 rate limited: https://en.wikipedia.org/w/api.php?format=json&action=query&list=categorymembers&cmtitle=Category)
    skip category (HTTP 429 rate limited: https://en.wikipedia.org/w/api.php?format=json&action=query&list=categorymembers&cmtitle=Category)
    skip category (HTTP 429 rate limited: https://en.wikipedia.org/w/api.php?format=json&action=query&list=categorymembers&cmtitle=Category)
    skip category (HTTP 429 rate limited: https://en.wikipedia.org/w/api.php?format=json&action=query&list=categorymembers&cmtitle=Category)
    skip category (HTTP 429 rate limited: https://en.wikipedia.org/w/api.php?format=json&action=query&list=categorymembers&cmtitle=Category)
    skip category (HTTP 429 rate limited: https://en.wikipedia.org/w/api.php?format=json&action=query&list=categorymembers&cmtitle=Category)
    skip category (HTTP 429 rate limited: https://en.wikipedia.org/w/api.php?format=json&action=query&list=categorymembers&cmtitle=Category)
    skip category (HTTP 429 rate limited: https://en.wikipedia.org/w/api.php?format=json&action=query&list=categorymembers&cmtitle=Category)
    skip category (HTTP 429 rate limited: https://en.wikipedia.org/w/api.php?format=json&action=query&list=categorymembers&cmtitle=Category)
    skip category (HTTP 429 rate limited: https://en.wikipedia.org/w/api.php?format=json&action=query&list=categorymembers&cmtitle=Category)
    skip category (HTTP 429 rate limited: https://en.wikipedia.org/w/api.php?format=json&action=query&list=categorymembers&cmtitle=Category)
    skip category (HTTP 429 rate limited: https://en.wikipedia.org/w/api.php?format=json&action=query&list=categorymembers&cmtitle=Category)
    skip category (HTTP 429 rate limited: https://en.wikipedia.org/w/api.php?format=json&action=query&list=categorymembers&cmtitle=Category)
    skip category (HTTP 429 rate limited: https://en.wikipedia.org/w/api.php?format=json&action=query&list=categorymembers&cmtitle=Category)
    skip category (HTTP 429 rate limited: https://en.wikipedia.org/w/api.php?format=json&action=query&list=categorymembers&cmtitle=Category)
    skip category (HTTP 429 rate limited: https://en.wikipedia.org/w/api.php?format=json&action=query&list=categorymembers&cmtitle=Category)
    skip category (HTTP 429 rate limited: https://en.wikipedia.org/w/api.php?format=json&action=query&list=categorymembers&cmtitle=Category)
    skip category (HTTP 429 rate limited: https://en.wikipedia.org/w/api.php?format=json&action=query&list=categorymembers&cmtitle=Category)
    skip category (HTTP 429 rate limited: https://en.wikipedia.org/w/api.php?format=json&action=query&list=categorymembers&cmtitle=Category)
    skip category (HTTP 429 rate limited: https://en.wikipedia.org/w/api.php?format=json&action=query&list=categorymembers&cmtitle=Category)
    skip category (HTTP 429 rate limited: https://en.wikipedia.org/w/api.php?format=json&action=query&list=categorymembers&cmtitle=Category)
    skip category (HTTP 429 rate limited: https://en.wikipedia.org/w/api.php?format=json&action=query&list=categorymembers&cmtitle=Category)
    skip category (HTTP 429 rate limited: https://en.wikipedia.org/w/api.php?format=json&action=query&list=categorymembers&cmtitle=Category)
    skip category (HTTP 429 rate limited: https://en.wikipedia.org/w/api.php?format=json&action=query&list=categorymembers&cmtitle=Category)
    skip category (HTTP 429 rate limited: https://en.wikipedia.org/w/api.php?format=json&action=query&list=categorymembers&cmtitle=Category)
    skip category (HTTP 429 rate limited: https://en.wikipedia.org/w/api.php?format=json&action=query&list=categorymembers&cmtitle=Category)
    skip category (HTTP 429 rate limited: https://en.wikipedia.org/w/api.php?format=json&action=query&list=categorymembers&cmtitle=Category)
    skip category (HTTP 429 rate limited: https://en.wikipedia.org/w/api.php?format=json&action=query&list=categorymembers&cmtitle=Category)
    skip category (HTTP 429 rate limited: https://en.wikipedia.org/w/api.php?format=json&action=query&list=categorymembers&cmtitle=Category)
    skip category (HTTP 429 rate limited: https://en.wikipedia.org/w/api.php?format=json&action=query&list=categorymembers&cmtitle=Category)
    skip category (HTTP 429 rate limited: https://en.wikipedia.org/w/api.php?format=json&action=query&list=categorymembers&cmtitle=Category)
    skip category (HTTP 429 rate limited: https://en.wikipedia.org/w/api.php?format=json&action=query&list=categorymembers&cmtitle=Category)
    skip category (HTTP 429 rate limited: https://en.wikipedia.org/w/api.php?format=json&action=query&list=categorymembers&cmtitle=Category)
    skip category (HTTP 429 rate limited: https://en.wikipedia.org/w/api.php?format=json&action=query&list=categorymembers&cmtitle=Category)
    skip category (HTTP 429 rate limited: https://en.wikipedia.org/w/api.php?format=json&action=query&list=categorymembers&cmtitle=Category)
    skip category (HTTP 429 rate limited: https://en.wikipedia.org/w/api.php?format=json&action=query&list=categorymembers&cmtitle=Category)
    skip category (HTTP 429 rate limited: https://en.wikipedia.org/w/api.php?format=json&action=query&list=categorymembers&cmtitle=Category)
    skip category (HTTP 429 rate limited: https://en.wikipedia.org/w/api.php?format=json&action=query&list=categorymembers&cmtitle=Category)
    skip category (HTTP 429 rate limited: https://en.wikipedia.org/w/api.php?format=json&action=query&list=categorymembers&cmtitle=Category)
  [rich] Fandom batch failed: HTTP 429 rate limited: https://en.wikipedia.org/w/api.php?format=json&action=query&titles=1900+Galveston+hurricane+figures%7C1900+Galveston+hurricane+world+%26+context%7C1900+Galveston+hurricane+places%7C1900+Galveston+hurricane+events%7C1900+Galveston+hurricane+objects+%26+artifacts%7C1900+Galveston+hurricane+factions+%26+groups%7C1900+Galveston+hurricane+concepts%7C1900+Galveston+hurricane+eras%7C1900+Galveston+hurricane+works+%26+media%7C1900+Galveston+hurricane+symbols%7C1900+Galveston+hurricane+controversies%7C1900+Galveston+hurricane+sources&redirects=1&prop=revisions&rvprop=content&rvslots=main
  [rich] Fandom batch failed: HTTP 429 rate limited: https://en.wikipedia.org/w/api.php?format=json&action=query&titles=1900+Galveston+hurricane+geography%7C1900+Galveston+hurricane+legacy%7C1900+Galveston+hurricane+practices%7C1900+Galveston+hurricane+entry+1%7C1900+Galveston+hurricane+entry+2%7C1900+Galveston+hurricane+entry+3%7C1900+Galveston+hurricane+entry+4%7C1900+Galveston+hurricane+entry+5%7C1900+Galveston+hurricane+entry+6%7C1900+Galveston+hurricane+entry+7%7C1900+Galveston+hurricane+entry+8%7C1900+Galveston+hurricane+entry+9&redirects=1&prop=revisions&rvprop=content&rvslots=main
  [rich] Fandom batch failed: HTTP 429 rate limited: https://en.wikipedia.org/w/api.php?format=json&action=query&titles=1900+Galveston+hurricane+entry+10%7C1900+Galveston+hurricane+entry+11%7C1900+Galveston+hurricane+entry+12%7C1900+Galveston+hurricane+entry+13%7C1900+Galveston+hurricane+entry+14%7C1900+Galveston+hurricane+entry+15%7C1900+Galveston+hurricane+entry+16%7C1900+Galveston+hurricane+entry+17%7C1900+Galveston+hurricane+entry+18%7C1900+Galveston+hurricane+entry+19%7C1900+Galveston+hurricane+entry+20%7C1900+Galveston+hurricane+entry+21&redirects=1&prop=revisions&rvprop=content&rvslots=main
  [rich] Fandom batch failed: HTTP 429 rate limited: https://en.wikipedia.org/w/api.php?format=json&action=query&titles=1900+Galveston+hurricane+entry+22%7C1900+Galveston+hurricane+entry+23%7C1900+Galveston+hurricane+entry+24&redirects=1&prop=revisions&rvprop=content&rvslots=main
  [rich] Wikipedia batch failed: HTTP 429 for https://en.wikipedia.org/w/api.php?action=query&format=json&origin=*&titles=1900+Galveston+hurricane+figures%7C1900+Galveston+hurricane+world+%26+context%7C1900+Galveston+hurricane+places%7C1900+Galveston+hurricane+events%7C1900+Galveston+hurricane+objects+%26+artifacts%7C1900+Galveston+hurricane+factions+%26+groups%7C1900+Galveston+hurricane+concepts%7C1900+Galveston+hurricane+eras%7C1900+Galveston+hurricane+works+%26+media%7C1900+Galveston+hurricane+symbols%7C1900+Galveston+hurricane+controversies%7C1900+Galveston+hurricane+sources&redirects=1&prop=extracts&explaintext=1&exintro=1&exlimit=max: <!DOCTYPE html>
<html lang="en">
<meta charset="utf-8">
<title>Wikimedia Error</title>
<style>
* { margin: 0; padding: 0; }
body { background: #fff; font: 15px/1.6 sans-serif; color: #333; }
.content 
  [rich] Wikipedia batch failed: HTTP 429 for https://en.wikipedia.org/w/api.php?action=query&format=json&origin=*&titles=1900+Galveston+hurricane+figures%7C1900+Galveston+hurricane+world+%26+context%7C1900+Galveston+hurricane+places%7C1900+Galveston+hurricane+events%7C1900+Galveston+hurricane+objects+%26+artifacts%7C1900+Galveston+hurricane+factions+%26+groups%7C1900+Galveston+hurricane+concepts%7C1900+Galveston+hurricane+eras%7C1900+Galveston+hurricane+works+%26+media%7C1900+Galveston+hurricane+symbols%7C1900+Galveston+hurricane+controversies%7C1900+Galveston+hurricane+sources&redirects=1&prop=extracts&explaintext=1&exintro=1&exlimit=max: You are making too many requests to the API.
Please follow the best practices at <https://www.mediawiki.org/wiki/Wikimedia_APIs/Rate_limits>.
If you are unsure how to get the access you need, contact 
  [rich] Wikipedia batch failed: HTTP 429 for https://en.wikipedia.org/w/api.php?action=query&format=json&origin=*&titles=1900+Galveston+hurricane+figures%7C1900+Galveston+hurricane+world+%26+context%7C1900+Galveston+hurricane+places%7C1900+Galveston+hurricane+events%7C1900+Galveston+hurricane+objects+%26+artifacts%7C1900+Galveston+hurricane+factions+%26+groups%7C1900+Galveston+hurricane+concepts%7C1900+Galveston+hurricane+eras%7C1900+Galveston+hurricane+works+%26+media%7C1900+Galveston+hurricane+symbols%7C1900+Galveston+hurricane+controversies%7C1900+Galveston+hurricane+sources&redirects=1&prop=extracts&explaintext=1&exintro=1&exlimit=max: You are making too many requests to the API.
Please follow the best practices at <https://www.mediawiki.org/wiki/Wikimedia_APIs/Rate_limits>.
If you are unsure how to get the access you need, contact 
  [rich] Wikipedia batch failed: HTTP 429 for https://en.wikipedia.org/w/api.php?action=query&format=json&origin=*&titles=1900+Galveston+hurricane+figures%7C1900+Galveston+hurricane+world+%26+context%7C1900+Galveston+hurricane+places%7C1900+Galveston+hurricane+events%7C1900+Galveston+hurricane+objects+%26+artifacts%7C1900+Galveston+hurricane+factions+%26+groups%7C1900+Galveston+hurricane+concepts%7C1900+Galveston+hurricane+eras%7C1900+Galveston+hurricane+works+%26+media%7C1900+Galveston+hurricane+symbols%7C1900+Galveston+hurricane+controversies%7C1900+Galveston+hurricane+sources&redirects=1&prop=extracts&explaintext=1&exintro=1&exlimit=max: You are making too many requests to the API.
Please follow the best practices at <https://www.mediawiki.org/wiki/Wikimedia_APIs/Rate_limits>.
If you are unsure how to get the access you need, contact 
  [rich] Wikipedia batch failed: HTTP 429 for https://en.wikipedia.org/w/api.php?action=query&format=json&origin=*&titles=1900+Galveston+hurricane+geography%7C1900+Galveston+hurricane+legacy%7C1900+Galveston+hurricane+practices%7C1900+Galveston+hurricane+entry+1%7C1900+Galveston+hurricane+entry+2%7C1900+Galveston+hurricane+entry+3%7C1900+Galveston+hurricane+entry+4%7C1900+Galveston+hurricane+entry+5%7C1900+Galveston+hurricane+entry+6%7C1900+Galveston+hurricane+entry+7%7C1900+Galveston+hurricane+entry+8%7C1900+Galveston+hurricane+entry+9&redirects=1&prop=extracts&explaintext=1&exintro=1&exlimit=max: You are making too many requests to the API.
Please follow the best practices at <https://www.mediawiki.org/wiki/Wikimedia_APIs/Rate_limits>.
If you are unsure how to get the access you need, contact 
  [rich] Wikipedia batch failed: HTTP 429 for https://en.wikipedia.org/w/api.php?action=query&format=json&origin=*&titles=1900+Galveston+hurricane+geography%7C1900+Galveston+hurricane+legacy%7C1900+Galveston+hurricane+practices%7C1900+Galveston+hurricane+entry+1%7C1900+Galveston+hurricane+entry+2%7C1900+Galveston+hurricane+entry+3%7C1900+Galveston+hurricane+entry+4%7C1900+Galveston+hurricane+entry+5%7C1900+Galveston+hurricane+entry+6%7C1900+Galveston+hurricane+entry+7%7C1900+Galveston+hurricane+entry+8%7C1900+Galveston+hurricane+entry+9&redirects=1&prop=extracts&explaintext=1&exintro=1&exlimit=max: You are making too many requests to the API.
Please follow the best practices at <https://www.mediawiki.org/wiki/Wikimedia_APIs/Rate_limits>.
If you are unsure how to get the access you need, contact 
  [rich] Wikipedia batch failed: HTTP 429 for https://en.wikipedia.org/w/api.php?action=query&format=json&origin=*&titles=1900+Galveston+hurricane+geography%7C1900+Galveston+hurricane+legacy%7C1900+Galveston+hurricane+practices%7C1900+Galveston+hurricane+entry+1%7C1900+Galveston+hurricane+entry+2%7C1900+Galveston+hurricane+entry+3%7C1900+Galveston+hurricane+entry+4%7C1900+Galveston+hurricane+entry+5%7C1900+Galveston+hurricane+entry+6%7C1900+Galveston+hurricane+entry+7%7C1900+Galveston+hurricane+entry+8%7C1900+Galveston+hurricane+entry+9&redirects=1&prop=extracts&explaintext=1&exintro=1&exlimit=max: You are making too many requests to the API.
Please follow the best practices at <https://www.mediawiki.org/wiki/Wikimedia_APIs/Rate_limits>.
If you are unsure how to get the access you need, contact 
    skip category (HTTP 429 rate limited: https://en.wikipedia.org/w/api.php?format=json&action=query&list=categorymembers&cmtitle=Category)
    skip category (HTTP 429 rate limited: https://en.wikipedia.org/w/api.php?format=json&action=query&list=categorymembers&cmtitle=Category)
    skip category (HTTP 429 rate limited: https://en.wikipedia.org/w/api.php?format=json&action=query&list=categorymembers&cmtitle=Category)
    skip category (HTTP 429 rate limited: https://en.wikipedia.org/w/api.php?format=json&action=query&list=categorymembers&cmtitle=Category)
  [rich] Fandom batch failed: HTTP 429 rate limited: https://en.wikipedia.org/w/api.php?format=json&action=query&titles=Bhopal+disaster+geography%7CBhopal+disaster+legacy%7CBhopal+disaster+practices%7CBhopal+disaster+entry+1%7CBhopal+disaster+entry+2%7CBhopal+disaster+entry+3%7CBhopal+disaster+entry+4%7CBhopal+disaster+entry+5%7CBhopal+disaster+entry+6%7CBhopal+disaster+entry+7%7CBhopal+disaster+entry+8%7CBhopal+disaster+entry+9&redirects=1&prop=revisions&rvprop=content&rvslots=main
  [rich] Fandom batch failed: HTTP 429 rate limited: https://en.wikipedia.org/w/api.php?format=json&action=query&titles=Bhopal+disaster+entry+10%7CBhopal+disaster+entry+11%7CBhopal+disaster+entry+12%7CBhopal+disaster+entry+13%7CBhopal+disaster+entry+14%7CBhopal+disaster+entry+15%7CBhopal+disaster+entry+16%7CBhopal+disaster+entry+17%7CBhopal+disaster+entry+18%7CBhopal+disaster+entry+19%7CBhopal+disaster+entry+20%7CBhopal+disaster+entry+21&redirects=1&prop=revisions&rvprop=content&rvslots=main
  [rich] Fandom batch failed: HTTP 429 rate limited: https://en.wikipedia.org/w/api.php?format=json&action=query&titles=Bhopal+disaster+entry+22%7CBhopal+disaster+entry+23%7CBhopal+disaster+entry+24&redirects=1&prop=revisions&rvprop=content&rvslots=main
  [rich] Wikipedia batch failed: HTTP 429 for https://en.wikipedia.org/w/api.php?action=query&format=json&origin=*&titles=Bhopal+disaster+figures%7CBhopal+disaster+world+%26+context%7CBhopal+disaster+places%7CBhopal+disaster+events%7CBhopal+disaster+objects+%26+artifacts%7CBhopal+disaster+factions+%26+groups%7CBhopal+disaster+concepts%7CBhopal+disaster+eras%7CBhopal+disaster+works+%26+media%7CBhopal+disaster+symbols%7CBhopal+disaster+controversies%7CBhopal+disaster+sources&redirects=1&prop=extracts&explaintext=1&exintro=1&exlimit=max: You are making too many requests to the API.
Please follow the best practices at <https://www.mediawiki.org/wiki/Wikimedia_APIs/Rate_limits>.
If you are unsure how to get the access you need, contact 
  [rich] Wikipedia batch failed: HTTP 429 for https://en.wikipedia.org/w/api.php?action=query&format=json&origin=*&titles=Bhopal+disaster+figures%7CBhopal+disaster+world+%26+context%7CBhopal+disaster+places%7CBhopal+disaster+events%7CBhopal+disaster+objects+%26+artifacts%7CBhopal+disaster+factions+%26+groups%7CBhopal+disaster+concepts%7CBhopal+disaster+eras%7CBhopal+disaster+works+%26+media%7CBhopal+disaster+symbols%7CBhopal+disaster+controversies%7CBhopal+disaster+sources&redirects=1&prop=extracts&explaintext=1&exintro=1&exlimit=max: You are making too many requests to the API.
Please follow the best practices at <https://www.mediawiki.org/wiki/Wikimedia_APIs/Rate_limits>.
If you are unsure how to get the access you need, contact 
  [rich] Wikipedia batch failed: HTTP 429 for https://en.wikipedia.org/w/api.php?action=query&format=json&origin=*&titles=Bhopal+disaster+figures%7CBhopal+disaster+world+%26+context%7CBhopal+disaster+places%7CBhopal+disaster+events%7CBhopal+disaster+objects+%26+artifacts%7CBhopal+disaster+factions+%26+groups%7CBhopal+disaster+concepts%7CBhopal+disaster+eras%7CBhopal+disaster+works+%26+media%7CBhopal+disaster+symbols%7CBhopal+disaster+controversies%7CBhopal+disaster+sources&redirects=1&prop=extracts&explaintext=1&exintro=1&exlimit=max: You are making too many requests to the API.
Please follow the best practices at <https://www.mediawiki.org/wiki/Wikimedia_APIs/Rate_limits>.
If you are unsure how to get the access you need, contact 
    skip category (HTTP 429 rate limited: https://en.wikipedia.org/w/api.php?format=json&action=query&list=categorymembers&cmtitle=Category)
    skip category (HTTP 429 rate limited: https://en.wikipedia.org/w/api.php?format=json&action=query&list=categorymembers&cmtitle=Category)
    skip category (HTTP 429 rate limited: https://en.wikipedia.org/w/api.php?format=json&action=query&list=categorymembers&cmtitle=Category)
    skip category (HTTP 429 rate limited: https://en.wikipedia.org/w/api.php?format=json&action=query&list=categorymembers&cmtitle=Category)
    skip category (HTTP 429 rate limited: https://en.wikipedia.org/w/api.php?format=json&action=query&list=categorymembers&cmtitle=Category)
    skip category (HTTP 429 rate limited: https://en.wikipedia.org/w/api.php?format=json&action=query&list=categorymembers&cmtitle=Category)
    skip category (HTTP 429 rate limited: https://en.wikipedia.org/w/api.php?format=json&action=query&list=categorymembers&cmtitle=Category)
    skip category (HTTP 429 rate limited: https://en.wikipedia.org/w/api.php?format=json&action=query&list=categorymembers&cmtitle=Category)
    skip category (HTTP 429 rate limited: https://en.wikipedia.org/w/api.php?format=json&action=query&list=categorymembers&cmtitle=Category)
    skip category (HTTP 429 rate limited: https://en.wikipedia.org/w/api.php?format=json&action=query&list=categorymembers&cmtitle=Category)
    skip category (HTTP 429 rate limited: https://en.wikipedia.org/w/api.php?format=json&action=query&list=categorymembers&cmtitle=Category)
    skip category (HTTP 429 rate limited: https://en.wikipedia.org/w/api.php?format=json&action=query&list=categorymembers&cmtitle=Category)
    skip category (HTTP 429 rate limited: https://en.wikipedia.org/w/api.php?format=json&action=query&list=categorymembers&cmtitle=Category)
    skip category (HTTP 429 rate limited: https://en.wikipedia.org/w/api.php?format=json&action=query&list=categorymembers&cmtitle=Category)
    skip category (HTTP 429 rate limited: https://en.wikipedia.org/w/api.php?format=json&action=query&list=categorymembers&cmtitle=Category)
    skip category (HTTP 429 rate limited: https://en.wikipedia.org/w/api.php?format=json&action=query&list=categorymembers&cmtitle=Category)
    skip category (HTTP 429 rate limited: https://en.wikipedia.org/w/api.php?format=json&action=query&list=categorymembers&cmtitle=Category)
    skip category (HTTP 429 rate limited: https://en.wikipedia.org/w/api.php?format=json&action=query&list=categorymembers&cmtitle=Category)
    skip category (HTTP 429 rate limited: https://en.wikipedia.org/w/api.php?format=json&action=query&list=categorymembers&cmtitle=Category)
    skip category (HTTP 429 rate limited: https://en.wikipedia.org/w/api.php?format=json&action=query&list=categorymembers&cmtitle=Category)
    skip category (HTTP 429 rate limited: https://en.wikipedia.org/w/api.php?format=json&action=query&list=categorymembers&cmtitle=Category)
    skip category (HTTP 429 rate limited: https://en.wikipedia.org/w/api.php?format=json&action=query&list=categorymembers&cmtitle=Category)
    skip category (HTTP 429 rate limited: https://en.wikipedia.org/w/api.php?format=json&action=query&list=categorymembers&cmtitle=Category)
  [rich] Wikipedia batch failed: HTTP 429 for https://en.wikipedia.org/w/api.php?action=query&format=json&origin=*&titles=Triangle+Shirtwaist+Factory+fire+geography%7CTriangle+Shirtwaist+Factory+fire+legacy%7CTriangle+Shirtwaist+Factory+fire+practices%7CTriangle+Shirtwaist+Factory+fire+entry+1%7CTriangle+Shirtwaist+Factory+fire+entry+2%7CTriangle+Shirtwaist+Factory+fire+entry+3%7CTriangle+Shirtwaist+Factory+fire+entry+4%7CTriangle+Shirtwaist+Factory+fire+entry+5%7CTriangle+Shirtwaist+Factory+fire+entry+6%7CTriangle+Shirtwaist+Factory+fire+entry+7%7CTriangle+Shirtwaist+Factory+fire+entry+8%7CTriangle+Shirtwaist+Factory+fire+entry+9&redirects=1&prop=extracts&explaintext=1&exintro=1&exlimit=max: You are making too many requests to the API.
Please follow the best practices at <https://www.mediawiki.org/wiki/Wikimedia_APIs/Rate_limits>.
If you are unsure how to get the access you need, contact 
  [rich] Wikipedia batch failed: HTTP 429 for https://en.wikipedia.org/w/api.php?action=query&format=json&origin=*&titles=Triangle+Shirtwaist+Factory+fire+geography%7CTriangle+Shirtwaist+Factory+fire+legacy%7CTriangle+Shirtwaist+Factory+fire+practices%7CTriangle+Shirtwaist+Factory+fire+entry+1%7CTriangle+Shirtwaist+Factory+fire+entry+2%7CTriangle+Shirtwaist+Factory+fire+entry+3%7CTriangle+Shirtwaist+Factory+fire+entry+4%7CTriangle+Shirtwaist+Factory+fire+entry+5%7CTriangle+Shirtwaist+Factory+fire+entry+6%7CTriangle+Shirtwaist+Factory+fire+entry+7%7CTriangle+Shirtwaist+Factory+fire+entry+8%7CTriangle+Shirtwaist+Factory+fire+entry+9&redirects=1&prop=extracts&explaintext=1&exintro=1&exlimit=max: You are making too many requests to the API.
Please follow the best practices at <https://www.mediawiki.org/wiki/Wikimedia_APIs/Rate_limits>.
If you are unsure how to get the access you need, contact 
  [rich] Wikipedia batch failed: HTTP 429 for https://en.wikipedia.org/w/api.php?action=query&format=json&origin=*&titles=Triangle+Shirtwaist+Factory+fire+geography%7CTriangle+Shirtwaist+Factory+fire+legacy%7CTriangle+Shirtwaist+Factory+fire+practices%7CTriangle+Shirtwaist+Factory+fire+entry+1%7CTriangle+Shirtwaist+Factory+fire+entry+2%7CTriangle+Shirtwaist+Factory+fire+entry+3%7CTriangle+Shirtwaist+Factory+fire+entry+4%7CTriangle+Shirtwaist+Factory+fire+entry+5%7CTriangle+Shirtwaist+Factory+fire+entry+6%7CTriangle+Shirtwaist+Factory+fire+entry+7%7CTriangle+Shirtwaist+Factory+fire+entry+8%7CTriangle+Shirtwaist+Factory+fire+entry+9&redirects=1&prop=extracts&explaintext=1&exintro=1&exlimit=max: You are making too many requests to the API.
Please follow the best practices at <https://www.mediawiki.org/wiki/Wikimedia_APIs/Rate_limits>.
If you are unsure how to get the access you need, contact 
  [rich] Wikipedia batch failed: HTTP 429 for https://en.wikipedia.org/w/api.php?action=query&format=json&origin=*&titles=Triangle+Shirtwaist+Factory+fire+geography%7CTriangle+Shirtwaist+Factory+fire+legacy%7CTriangle+Shirtwaist+Factory+fire+practices%7CTriangle+Shirtwaist+Factory+fire+entry+1%7CTriangle+Shirtwaist+Factory+fire+entry+2%7CTriangle+Shirtwaist+Factory+fire+entry+3%7CTriangle+Shirtwaist+Factory+fire+entry+4%7CTriangle+Shirtwaist+Factory+fire+entry+5%7CTriangle+Shirtwaist+Factory+fire+entry+6%7CTriangle+Shirtwaist+Factory+fire+entry+7%7CTriangle+Shirtwaist+Factory+fire+entry+8%7CTriangle+Shirtwaist+Factory+fire+entry+9&redirects=1&prop=extracts&explaintext=1&exintro=1&exlimit=max: You are making too many requests to the API.
Please follow the best practices at <https://www.mediawiki.org/wiki/Wikimedia_APIs/Rate_limits>.
If you are unsure how to get the access you need, contact 
  [rich] Wikipedia batch failed: HTTP 429 for https://en.wikipedia.org/w/api.php?action=query&format=json&origin=*&titles=Triangle+Shirtwaist+Factory+fire+entry+10%7CTriangle+Shirtwaist+Factory+fire+entry+11%7CTriangle+Shirtwaist+Factory+fire+entry+12%7CTriangle+Shirtwaist+Factory+fire+entry+13%7CTriangle+Shirtwaist+Factory+fire+entry+14%7CTriangle+Shirtwaist+Factory+fire+entry+15%7CTriangle+Shirtwaist+Factory+fire+entry+16%7CTriangle+Shirtwaist+Factory+fire+entry+17%7CTriangle+Shirtwaist+Factory+fire+entry+18%7CTriangle+Shirtwaist+Factory+fire+entry+19%7CTriangle+Shirtwaist+Factory+fire+entry+20%7CTriangle+Shirtwaist+Factory+fire+entry+21&redirects=1&prop=extracts&explaintext=1&exintro=1&exlimit=max: You are making too many requests to the API.
Please follow the best practices at <https://www.mediawiki.org/wiki/Wikimedia_APIs/Rate_limits>.
If you are unsure how to get the access you need, contact 
  [rich] Wikipedia batch failed: HTTP 429 for https://en.wikipedia.org/w/api.php?action=query&format=json&origin=*&titles=Triangle+Shirtwaist+Factory+fire+entry+10%7CTriangle+Shirtwaist+Factory+fire+entry+11%7CTriangle+Shirtwaist+Factory+fire+entry+12%7CTriangle+Shirtwaist+Factory+fire+entry+13%7CTriangle+Shirtwaist+Factory+fire+entry+14%7CTriangle+Shirtwaist+Factory+fire+entry+15%7CTriangle+Shirtwaist+Factory+fire+entry+16%7CTriangle+Shirtwaist+Factory+fire+entry+17%7CTriangle+Shirtwaist+Factory+fire+entry+18%7CTriangle+Shirtwaist+Factory+fire+entry+19%7CTriangle+Shirtwaist+Factory+fire+entry+20%7CTriangle+Shirtwaist+Factory+fire+entry+21&redirects=1&prop=extracts&explaintext=1&exintro=1&exlimit=max: You are making too many requests to the API.
Please follow the best practices at <https://www.mediawiki.org/wiki/Wikimedia_APIs/Rate_limits>.
If you are unsure how to get the access you need, contact 
  [rich] Wikipedia batch failed: HTTP 429 for https://en.wikipedia.org/w/api.php?action=query&format=json&origin=*&titles=Triangle+Shirtwaist+Factory+fire+entry+10%7CTriangle+Shirtwaist+Factory+fire+entry+11%7CTriangle+Shirtwaist+Factory+fire+entry+12%7CTriangle+Shirtwaist+Factory+fire+entry+13%7CTriangle+Shirtwaist+Factory+fire+entry+14%7CTriangle+Shirtwaist+Factory+fire+entry+15%7CTriangle+Shirtwaist+Factory+fire+entry+16%7CTriangle+Shirtwaist+Factory+fire+entry+17%7CTriangle+Shirtwaist+Factory+fire+entry+18%7CTriangle+Shirtwaist+Factory+fire+entry+19%7CTriangle+Shirtwaist+Factory+fire+entry+20%7CTriangle+Shirtwaist+Factory+fire+entry+21&redirects=1&prop=extracts&explaintext=1&exintro=1&exlimit=max: You are making too many requests to the API.
Please follow the best practices at <https://www.mediawiki.org/wiki/Wikimedia_APIs/Rate_limits>.
If you are unsure how to get the access you need, contact 
  [rich] Wikipedia batch failed: HTTP 429 for https://en.wikipedia.org/w/api.php?action=query&format=json&origin=*&titles=Triangle+Shirtwaist+Factory+fire+entry+10%7CTriangle+Shirtwaist+Factory+fire+entry+11%7CTriangle+Shirtwaist+Factory+fire+entry+12%7CTriangle+Shirtwaist+Factory+fire+entry+13%7CTriangle+Shirtwaist+Factory+fire+entry+14%7CTriangle+Shirtwaist+Factory+fire+entry+15%7CTriangle+Shirtwaist+Factory+fire+entry+16%7CTriangle+Shirtwaist+Factory+fire+entry+17%7CTriangle+Shirtwaist+Factory+fire+entry+18%7CTriangle+Shirtwaist+Factory+fire+entry+19%7CTriangle+Shirtwaist+Factory+fire+entry+20%7CTriangle+Shirtwaist+Factory+fire+entry+21&redirects=1&prop=extracts&explaintext=1&exintro=1&exlimit=max: You are making too many requests to the API.
Please follow the best practices at <https://www.mediawiki.org/wiki/Wikimedia_APIs/Rate_limits>.
If you are unsure how to get the access you need, contact 
  [rich] Wikipedia batch failed: HTTP 429 for https://en.wikipedia.org/w/api.php?action=query&format=json&origin=*&titles=Triangle+Shirtwaist+Factory+fire+entry+22%7CTriangle+Shirtwaist+Factory+fire+entry+23%7CTriangle+Shirtwaist+Factory+fire+entry+24&redirects=1&prop=extracts&explaintext=1&exintro=1&exlimit=max: You are making too many requests to the API.
Please follow the best practices at <https://www.mediawiki.org/wiki/Wikimedia_APIs/Rate_limits>.
If you are unsure how to get the access you need, contact 
  [rich] Wikipedia batch failed: HTTP 429 for https://en.wikipedia.org/w/api.php?action=query&format=json&origin=*&titles=Triangle+Shirtwaist+Factory+fire+entry+22%7CTriangle+Shirtwaist+Factory+fire+entry+23%7CTriangle+Shirtwaist+Factory+fire+entry+24&redirects=1&prop=extracts&explaintext=1&exintro=1&exlimit=max: You are making too many requests to the API.
Please follow the best practices at <https://www.mediawiki.org/wiki/Wikimedia_APIs/Rate_limits>.
If you are unsure how to get the access you need, contact 
    skip category (HTTP 429 rate limited: https://en.wikipedia.org/w/api.php?format=json&action=query&list=categorymembers&cmtitle=Category)
    skip category (HTTP 429 rate limited: https://en.wikipedia.org/w/api.php?format=json&action=query&list=categorymembers&cmtitle=Category)
    skip category (HTTP 429 rate limited: https://en.wikipedia.org/w/api.php?format=json&action=query&list=categorymembers&cmtitle=Category)
    skip category (HTTP 429 rate limited: https://en.wikipedia.org/w/api.php?format=json&action=query&list=categorymembers&cmtitle=Category)
    skip category (HTTP 429 rate limited: https://en.wikipedia.org/w/api.php?format=json&action=query&list=categorymembers&cmtitle=Category)
    skip category (HTTP 429 rate limited: https://en.wikipedia.org/w/api.php?format=json&action=query&list=categorymembers&cmtitle=Category)
    skip category (HTTP 429 rate limited: https://en.wikipedia.org/w/api.php?format=json&action=query&list=categorymembers&cmtitle=Category)
    skip category (HTTP 429 rate limited: https://en.wikipedia.org/w/api.php?format=json&action=query&list=categorymembers&cmtitle=Category)
    skip category (HTTP 429 rate limited: https://en.wikipedia.org/w/api.php?format=json&action=query&list=categorymembers&cmtitle=Category)
    skip category (HTTP 429 rate limited: https://en.wikipedia.org/w/api.php?format=json&action=query&list=categorymembers&cmtitle=Category)
    skip category (HTTP 429 rate limited: https://en.wikipedia.org/w/api.php?format=json&action=query&list=categorymembers&cmtitle=Category)
    skip category (HTTP 429 rate limited: https://en.wikipedia.org/w/api.php?format=json&action=query&list=categorymembers&cmtitle=Category)
    skip category (HTTP 429 rate limited: https://en.wikipedia.org/w/api.php?format=json&action=query&list=categorymembers&cmtitle=Category)
    skip category (HTTP 429 rate limited: https://en.wikipedia.org/w/api.php?format=json&action=query&list=categorymembers&cmtitle=Category)
    skip category (HTTP 429 rate limited: https://en.wikipedia.org/w/api.php?format=json&action=query&list=categorymembers&cmtitle=Category)
    skip category (HTTP 429 rate limited: https://en.wikipedia.org/w/api.php?format=json&action=query&list=categorymembers&cmtitle=Category)
    skip category (HTTP 429 rate limited: https://en.wikipedia.org/w/api.php?format=json&action=query&list=categorymembers&cmtitle=Category)
    skip category (HTTP 429 rate limited: https://en.wikipedia.org/w/api.php?format=json&action=query&list=categorymembers&cmtitle=Category)
    skip category (HTTP 429 rate limited: https://en.wikipedia.org/w/api.php?format=json&action=query&list=categorymembers&cmtitle=Category)
    skip category (HTTP 429 rate limited: https://en.wikipedia.org/w/api.php?format=json&action=query&list=categorymembers&cmtitle=Category)
    skip category (HTTP 429 rate limited: https://en.wikipedia.org/w/api.php?format=json&action=query&list=categorymembers&cmtitle=Category)
    skip category (HTTP 429 rate limited: https://en.wikipedia.org/w/api.php?format=json&action=query&list=categorymembers&cmtitle=Category)
    skip category (HTTP 429 rate limited: https://en.wikipedia.org/w/api.php?format=json&action=query&list=categorymembers&cmtitle=Category)
    skip category (HTTP 429 rate limited: https://en.wikipedia.org/w/api.php?format=json&action=query&list=categorymembers&cmtitle=Category)
    skip category (HTTP 429 rate limited: https://en.wikipedia.org/w/api.php?format=json&action=query&list=categorymembers&cmtitle=Category)
    skip category (HTTP 429 rate limited: https://en.wikipedia.org/w/api.php?format=json&action=query&list=categorymembers&cmtitle=Category)
    skip category (HTTP 429 rate limited: https://en.wikipedia.org/w/api.php?format=json&action=query&list=categorymembers&cmtitle=Category)
    skip category (HTTP 429 rate limited: https://en.wikipedia.org/w/api.php?format=json&action=query&list=categorymembers&cmtitle=Category)
    skip category (HTTP 429 rate limited: https://en.wikipedia.org/w/api.php?format=json&action=query&list=categorymembers&cmtitle=Category)
    skip category (HTTP 429 rate limited: https://en.wikipedia.org/w/api.php?format=json&action=query&list=categorymembers&cmtitle=Category)
    skip category (HTTP 429 rate limited: https://en.wikipedia.org/w/api.php?format=json&action=query&list=categorymembers&cmtitle=Category)
    skip category (HTTP 429 rate limited: https://en.wikipedia.org/w/api.php?format=json&action=query&list=categorymembers&cmtitle=Category)
    skip category (HTTP 429 rate limited: https://en.wikipedia.org/w/api.php?format=json&action=query&list=categorymembers&cmtitle=Category)
    skip category (HTTP 429 rate limited: https://en.wikipedia.org/w/api.php?format=json&action=query&list=categorymembers&cmtitle=Category)
    skip category (HTTP 429 rate limited: https://en.wikipedia.org/w/api.php?format=json&action=query&list=categorymembers&cmtitle=Category)
    skip category (HTTP 429 rate limited: https://en.wikipedia.org/w/api.php?format=json&action=query&list=categorymembers&cmtitle=Category)
    skip category (HTTP 429 rate limited: https://en.wikipedia.org/w/api.php?format=json&action=query&list=categorymembers&cmtitle=Category)
    skip category (HTTP 429 rate limited: https://en.wikipedia.org/w/api.php?format=json&action=query&list=categorymembers&cmtitle=Category)
    skip category (HTTP 429 rate limited: https://en.wikipedia.org/w/api.php?format=json&action=query&list=categorymembers&cmtitle=Category)
    skip category (HTTP 429 rate limited: https://en.wikipedia.org/w/api.php?format=json&action=query&list=categorymembers&cmtitle=Category)
    skip category (HTTP 429 rate limited: https://en.wikipedia.org/w/api.php?format=json&action=query&list=categorymembers&cmtitle=Category)
    skip category (HTTP 429 rate limited: https://en.wikipedia.org/w/api.php?format=json&action=query&list=categorymembers&cmtitle=Category)
    skip category (HTTP 429 rate limited: https://en.wikipedia.org/w/api.php?format=json&action=query&list=categorymembers&cmtitle=Category)
    skip category (HTTP 429 rate limited: https://en.wikipedia.org/w/api.php?format=json&action=query&list=categorymembers&cmtitle=Category)
    skip category (HTTP 429 rate limited: https://en.wikipedia.org/w/api.php?format=json&action=query&list=categorymembers&cmtitle=Category)
    skip category (HTTP 429 rate limited: https://en.wikipedia.org/w/api.php?format=json&action=query&list=categorymembers&cmtitle=Category)
    skip category (HTTP 429 rate limited: https://en.wikipedia.org/w/api.php?format=json&action=query&list=categorymembers&cmtitle=Category)
    skip category (HTTP 429 rate limited: https://en.wikipedia.org/w/api.php?format=json&action=query&list=categorymembers&cmtitle=Category)
    skip category (HTTP 429 rate limited: https://en.wikipedia.org/w/api.php?format=json&action=query&list=categorymembers&cmtitle=Category)
    skip category (HTTP 429 rate limited: https://en.wikipedia.org/w/api.php?format=json&action=query&list=categorymembers&cmtitle=Category)
    skip category (HTTP 429 rate limited: https://en.wikipedia.org/w/api.php?format=json&action=query&list=categorymembers&cmtitle=Category)
    skip category (HTTP 429 rate limited: https://en.wikipedia.org/w/api.php?format=json&action=query&list=categorymembers&cmtitle=Category)
    skip category (HTTP 429 rate limited: https://en.wikipedia.org/w/api.php?format=json&action=query&list=categorymembers&cmtitle=Category)
    skip category (HTTP 429 rate limited: https://en.wikipedia.org/w/api.php?format=json&action=query&list=categorymembers&cmtitle=Category)
    skip category (HTTP 429 rate limited: https://en.wikipedia.org/w/api.php?format=json&action=query&list=categorymembers&cmtitle=Category)
    skip category (HTTP 429 rate limited: https://en.wikipedia.org/w/api.php?format=json&action=query&list=categorymembers&cmtitle=Category)
    skip category (HTTP 429 rate limited: https://en.wikipedia.org/w/api.php?format=json&action=query&list=categorymembers&cmtitle=Category)
    skip category (HTTP 429 rate limited: https://en.wikipedia.org/w/api.php?format=json&action=query&list=categorymembers&cmtitle=Category)
    skip category (HTTP 429 rate limited: https://en.wikipedia.org/w/api.php?format=json&action=query&list=categorymembers&cmtitle=Category)
    skip category (HTTP 429 rate limited: https://en.wikipedia.org/w/api.php?format=json&action=query&list=categorymembers&cmtitle=Category)
    skip category (HTTP 429 rate limited: https://en.wikipedia.org/w/api.php?format=json&action=query&list=categorymembers&cmtitle=Category)
    skip category (HTTP 429 rate limited: https://en.wikipedia.org/w/api.php?format=json&action=query&list=categorymembers&cmtitle=Category)
    skip category (HTTP 429 rate limited: https://en.wikipedia.org/w/api.php?format=json&action=query&list=categorymembers&cmtitle=Category)
    skip category (HTTP 429 rate limited: https://en.wikipedia.org/w/api.php?format=json&action=query&list=categorymembers&cmtitle=Category)
    skip category (HTTP 429 rate limited: https://en.wikipedia.org/w/api.php?format=json&action=query&list=categorymembers&cmtitle=Category)
    skip category (HTTP 429 rate limited: https://en.wikipedia.org/w/api.php?format=json&action=query&list=categorymembers&cmtitle=Category)
    skip category (HTTP 429 rate limited: https://en.wikipedia.org/w/api.php?format=json&action=query&list=categorymembers&cmtitle=Category)
    skip category (HTTP 429 rate limited: https://en.wikipedia.org/w/api.php?format=json&action=query&list=categorymembers&cmtitle=Category)
    skip category (HTTP 429 rate limited: https://en.wikipedia.org/w/api.php?format=json&action=query&list=categorymembers&cmtitle=Category)
    skip category (HTTP 429 rate limited: https://en.wikipedia.org/w/api.php?format=json&action=query&list=categorymembers&cmtitle=Category)
    skip category (HTTP 429 rate limited: https://en.wikipedia.org/w/api.php?format=json&action=query&list=categorymembers&cmtitle=Category)
    skip category (HTTP 429 rate limited: https://en.wikipedia.org/w/api.php?format=json&action=query&list=categorymembers&cmtitle=Category)
    skip category (HTTP 429 rate limited: https://en.wikipedia.org/w/api.php?format=json&action=query&list=categorymembers&cmtitle=Category)
    skip category (HTTP 429 rate limited: https://en.wikipedia.org/w/api.php?format=json&action=query&list=categorymembers&cmtitle=Category)
    skip category (HTTP 429 rate limited: https://en.wikipedia.org/w/api.php?format=json&action=query&list=categorymembers&cmtitle=Category)
    skip category (HTTP 429 rate limited: https://en.wikipedia.org/w/api.php?format=json&action=query&list=categorymembers&cmtitle=Category)
    skip category (HTTP 429 rate limited: https://en.wikipedia.org/w/api.php?format=json&action=query&list=categorymembers&cmtitle=Category)
    skip category (HTTP 429 rate limited: https://en.wikipedia.org/w/api.php?format=json&action=query&list=categorymembers&cmtitle=Category)
    skip category (HTTP 429 rate limited: https://en.wikipedia.org/w/api.php?format=json&action=query&list=categorymembers&cmtitle=Category)
    skip category (HTTP 429 rate limited: https://en.wikipedia.org/w/api.php?format=json&action=query&list=categorymembers&cmtitle=Category)
    skip category (HTTP 429 rate limited: https://en.wikipedia.org/w/api.php?format=json&action=query&list=categorymembers&cmtitle=Category)
    skip category (HTTP 429 rate limited: https://en.wikipedia.org/w/api.php?format=json&action=query&list=categorymembers&cmtitle=Category)
    skip category (HTTP 429 rate limited: https://en.wikipedia.org/w/api.php?format=json&action=query&list=categorymembers&cmtitle=Category)
    skip category (HTTP 429 rate limited: https://en.wikipedia.org/w/api.php?format=json&action=query&list=categorymembers&cmtitle=Category)
    skip category (HTTP 429 rate limited: https://en.wikipedia.org/w/api.php?format=json&action=query&list=categorymembers&cmtitle=Category)
    skip category (HTTP 429 rate limited: https://en.wikipedia.org/w/api.php?format=json&action=query&list=categorymembers&cmtitle=Category)
    skip category (HTTP 429 rate limited: https://en.wikipedia.org/w/api.php?format=json&action=query&list=categorymembers&cmtitle=Category)
    skip category (HTTP 429 rate limited: https://en.wikipedia.org/w/api.php?format=json&action=query&list=categorymembers&cmtitle=Category)
    skip category (HTTP 429 rate limited: https://en.wikipedia.org/w/api.php?format=json&action=query&list=categorymembers&cmtitle=Category)
    skip category (HTTP 429 rate limited: https://en.wikipedia.org/w/api.php?format=json&action=query&list=categorymembers&cmtitle=Category)
    skip category (HTTP 429 rate limited: https://en.wikipedia.org/w/api.php?format=json&action=query&list=categorymembers&cmtitle=Category)
    skip category (HTTP 429 rate limited: https://en.wikipedia.org/w/api.php?format=json&action=query&list=categorymembers&cmtitle=Category)
    skip category (HTTP 429 rate limited: https://en.wikipedia.org/w/api.php?format=json&action=query&list=categorymembers&cmtitle=Category)
    skip category (HTTP 429 rate limited: https://en.wikipedia.org/w/api.php?format=json&action=query&list=categorymembers&cmtitle=Category)
    skip category (HTTP 429 rate limited: https://en.wikipedia.org/w/api.php?format=json&action=query&list=categorymembers&cmtitle=Category)
    skip category (HTTP 429 rate limited: https://en.wikipedia.org/w/api.php?format=json&action=query&list=categorymembers&cmtitle=Category)
    skip category (HTTP 429 rate limited: https://en.wikipedia.org/w/api.php?format=json&action=query&list=categorymembers&cmtitle=Category)
    skip category (HTTP 429 rate limited: https://en.wikipedia.org/w/api.php?format=json&action=query&list=categorymembers&cmtitle=Category)
    skip category (HTTP 429 rate limited: https://en.wikipedia.org/w/api.php?format=json&action=query&list=categorymembers&cmtitle=Category)
    skip category (HTTP 429 rate limited: https://en.wikipedia.org/w/api.php?format=json&action=query&list=categorymembers&cmtitle=Category)
    skip category (HTTP 429 rate limited: https://en.wikipedia.org/w/api.php?format=json&action=query&list=categorymembers&cmtitle=Category)
    skip category (HTTP 429 rate limited: https://en.wikipedia.org/w/api.php?format=json&action=query&list=categorymembers&cmtitle=Category)
    skip category (HTTP 429 rate limited: https://en.wikipedia.org/w/api.php?format=json&action=query&list=categorymembers&cmtitle=Category)
    skip category (HTTP 429 rate limited: https://en.wikipedia.org/w/api.php?format=json&action=query&list=categorymembers&cmtitle=Category)
    skip category (HTTP 429 rate limited: https://en.wikipedia.org/w/api.php?format=json&action=query&list=categorymembers&cmtitle=Category)
    skip category (HTTP 429 rate limited: https://en.wikipedia.org/w/api.php?format=json&action=query&list=categorymembers&cmtitle=Category)
    skip category (HTTP 429 rate limited: https://en.wikipedia.org/w/api.php?format=json&action=query&list=categorymembers&cmtitle=Category)
    skip category (HTTP 429 rate limited: https://en.wikipedia.org/w/api.php?format=json&action=query&list=categorymembers&cmtitle=Category)
    skip category (HTTP 429 rate limited: https://en.wikipedia.org/w/api.php?format=json&action=query&list=categorymembers&cmtitle=Category)
    skip category (HTTP 429 rate limited: https://en.wikipedia.org/w/api.php?format=json&action=query&list=categorymembers&cmtitle=Category)
    skip category (HTTP 429 rate limited: https://en.wikipedia.org/w/api.php?format=json&action=query&list=categorymembers&cmtitle=Category)
    skip category (HTTP 429 rate limited: https://en.wikipedia.org/w/api.php?format=json&action=query&list=categorymembers&cmtitle=Category)
    skip category (HTTP 429 rate limited: https://en.wikipedia.org/w/api.php?format=json&action=query&list=categorymembers&cmtitle=Category)
    skip category (HTTP 429 rate limited: https://en.wikipedia.org/w/api.php?format=json&action=query&list=categorymembers&cmtitle=Category)
    skip category (HTTP 429 rate limited: https://en.wikipedia.org/w/api.php?format=json&action=query&list=categorymembers&cmtitle=Category)
    skip category (HTTP 429 rate limited: https://en.wikipedia.org/w/api.php?format=json&action=query&list=categorymembers&cmtitle=Category)
    skip category (HTTP 429 rate limited: https://en.wikipedia.org/w/api.php?format=json&action=query&list=categorymembers&cmtitle=Category)
    skip category (HTTP 429 rate limited: https://en.wikipedia.org/w/api.php?format=json&action=query&list=categorymembers&cmtitle=Category)
    skip category (HTTP 429 rate limited: https://en.wikipedia.org/w/api.php?format=json&action=query&list=categorymembers&cmtitle=Category)
    skip category (HTTP 429 rate limited: https://en.wikipedia.org/w/api.php?format=json&action=query&list=categorymembers&cmtitle=Category)
    skip category (HTTP 429 rate limited: https://en.wikipedia.org/w/api.php?format=json&action=query&list=categorymembers&cmtitle=Category)
    skip category (HTTP 429 rate limited: https://en.wikipedia.org/w/api.php?format=json&action=query&list=categorymembers&cmtitle=Category)
    skip category (HTTP 429 rate limited: https://en.wikipedia.org/w/api.php?format=json&action=query&list=categorymembers&cmtitle=Category)
    skip category (HTTP 429 rate limited: https://en.wikipedia.org/w/api.php?format=json&action=query&list=categorymembers&cmtitle=Category)
    skip category (HTTP 429 rate limited: https://en.wikipedia.org/w/api.php?format=json&action=query&list=categorymembers&cmtitle=Category)
    skip category (HTTP 429 rate limited: https://en.wikipedia.org/w/api.php?format=json&action=query&list=categorymembers&cmtitle=Category)
    skip category (HTTP 429 rate limited: https://en.wikipedia.org/w/api.php?format=json&action=query&list=categorymembers&cmtitle=Category)
    skip category (HTTP 429 rate limited: https://en.wikipedia.org/w/api.php?format=json&action=query&list=categorymembers&cmtitle=Category)
    skip category (HTTP 429 rate limited: https://en.wikipedia.org/w/api.php?format=json&action=query&list=categorymembers&cmtitle=Category)
    skip category (HTTP 429 rate limited: https://en.wikipedia.org/w/api.php?format=json&action=query&list=categorymembers&cmtitle=Category)
    skip category (HTTP 429 rate limited: https://en.wikipedia.org/w/api.php?format=json&action=query&list=categorymembers&cmtitle=Category)
    skip category (HTTP 429 rate limited: https://en.wikipedia.org/w/api.php?format=json&action=query&list=categorymembers&cmtitle=Category)
    skip category (HTTP 429 rate limited: https://en.wikipedia.org/w/api.php?format=json&action=query&list=categorymembers&cmtitle=Category)
    skip category (HTTP 429 rate limited: https://en.wikipedia.org/w/api.php?format=json&action=query&list=categorymembers&cmtitle=Category)
    skip category (HTTP 429 rate limited: https://en.wikipedia.org/w/api.php?format=json&action=query&list=categorymembers&cmtitle=Category)
    skip category (HTTP 429 rate limited: https://en.wikipedia.org/w/api.php?format=json&action=query&list=categorymembers&cmtitle=Category)
    skip category (HTTP 429 rate limited: https://en.wikipedia.org/w/api.php?format=json&action=query&list=categorymembers&cmtitle=Category)
    skip category (HTTP 429 rate limited: https://en.wikipedia.org/w/api.php?format=json&action=query&list=categorymembers&cmtitle=Category)
    skip category (HTTP 429 rate limited: https://en.wikipedia.org/w/api.php?format=json&action=query&list=categorymembers&cmtitle=Category)
    skip category (HTTP 429 rate limited: https://en.wikipedia.org/w/api.php?format=json&action=query&list=categorymembers&cmtitle=Category)
    skip category (HTTP 429 rate limited: https://en.wikipedia.org/w/api.php?format=json&action=query&list=categorymembers&cmtitle=Category)
    skip category (HTTP 429 rate limited: https://en.wikipedia.org/w/api.php?format=json&action=query&list=categorymembers&cmtitle=Category)
    skip category (HTTP 429 rate limited: https://en.wikipedia.org/w/api.php?format=json&action=query&list=categorymembers&cmtitle=Category)
    skip category (HTTP 429 rate limited: https://en.wikipedia.org/w/api.php?format=json&action=query&list=categorymembers&cmtitle=Category)
    skip category (HTTP 429 rate limited: https://en.wikipedia.org/w/api.php?format=json&action=query&list=categorymembers&cmtitle=Category)
    skip category (HTTP 429 rate limited: https://en.wikipedia.org/w/api.php?format=json&action=query&list=categorymembers&cmtitle=Category)
    skip category (HTTP 429 rate limited: https://en.wikipedia.org/w/api.php?format=json&action=query&list=categorymembers&cmtitle=Category)
    skip category (HTTP 429 rate limited: https://en.wikipedia.org/w/api.php?format=json&action=query&list=categorymembers&cmtitle=Category)
    skip category (HTTP 429 rate limited: https://en.wikipedia.org/w/api.php?format=json&action=query&list=categorymembers&cmtitle=Category)
    skip category (HTTP 429 rate limited: https://en.wikipedia.org/w/api.php?format=json&action=query&list=categorymembers&cmtitle=Category)
    skip category (HTTP 429 rate limited: https://en.wikipedia.org/w/api.php?format=json&action=query&list=categorymembers&cmtitle=Category)
    skip category (HTTP 429 rate limited: https://en.wikipedia.org/w/api.php?format=json&action=query&list=categorymembers&cmtitle=Category)
    skip category (HTTP 429 rate limited: https://en.wikipedia.org/w/api.php?format=json&action=query&list=categorymembers&cmtitle=Category)
    skip category (HTTP 429 rate limited: https://en.wikipedia.org/w/api.php?format=json&action=query&list=categorymembers&cmtitle=Category)
    skip category (HTTP 429 rate limited: https://en.wikipedia.org/w/api.php?format=json&action=query&list=categorymembers&cmtitle=Category)
    skip category (HTTP 429 rate limited: https://en.wikipedia.org/w/api.php?format=json&action=query&list=categorymembers&cmtitle=Category)
    skip category (HTTP 429 rate limited: https://en.wikipedia.org/w/api.php?format=json&action=query&list=categorymembers&cmtitle=Category)
    skip category (HTTP 429 rate limited: https://en.wikipedia.org/w/api.php?format=json&action=query&list=categorymembers&cmtitle=Category)
    skip category (HTTP 429 rate limited: https://en.wikipedia.org/w/api.php?format=json&action=query&list=categorymembers&cmtitle=Category)
    skip category (HTTP 429 rate limited: https://en.wikipedia.org/w/api.php?format=json&action=query&list=categorymembers&cmtitle=Category)
    skip category (HTTP 429 rate limited: https://en.wikipedia.org/w/api.php?format=json&action=query&list=categorymembers&cmtitle=Category)
    skip category (HTTP 429 rate limited: https://en.wikipedia.org/w/api.php?format=json&action=query&list=categorymembers&cmtitle=Category)
    skip category (HTTP 429 rate limited: https://en.wikipedia.org/w/api.php?format=json&action=query&list=categorymembers&cmtitle=Category)
    skip category (HTTP 429 rate limited: https://en.wikipedia.org/w/api.php?format=json&action=query&list=categorymembers&cmtitle=Category)
    skip category (HTTP 429 rate limited: https://en.wikipedia.org/w/api.php?format=json&action=query&list=categorymembers&cmtitle=Category)
    skip category (HTTP 429 rate limited: https://en.wikipedia.org/w/api.php?format=json&action=query&list=categorymembers&cmtitle=Category)
    skip category (HTTP 429 rate limited: https://en.wikipedia.org/w/api.php?format=json&action=query&list=categorymembers&cmtitle=Category)
    skip category (HTTP 429 rate limited: https://en.wikipedia.org/w/api.php?format=json&action=query&list=categorymembers&cmtitle=Category)
    skip category (HTTP 429 rate limited: https://en.wikipedia.org/w/api.php?format=json&action=query&list=categorymembers&cmtitle=Category)
    skip category (HTTP 429 rate limited: https://en.wikipedia.org/w/api.php?format=json&action=query&list=categorymembers&cmtitle=Category)
    skip category (HTTP 429 rate limited: https://en.wikipedia.org/w/api.php?format=json&action=query&list=categorymembers&cmtitle=Category)
    skip category (HTTP 429 rate limited: https://en.wikipedia.org/w/api.php?format=json&action=query&list=categorymembers&cmtitle=Category)
    skip category (HTTP 429 rate limited: https://en.wikipedia.org/w/api.php?format=json&action=query&list=categorymembers&cmtitle=Category)
    skip category (HTTP 429 rate limited: https://en.wikipedia.org/w/api.php?format=json&action=query&list=categorymembers&cmtitle=Category)
    skip category (HTTP 429 rate limited: https://en.wikipedia.org/w/api.php?format=json&action=query&list=categorymembers&cmtitle=Category)
    skip category (HTTP 429 rate limited: https://en.wikipedia.org/w/api.php?format=json&action=query&list=categorymembers&cmtitle=Category)
    skip category (HTTP 429 rate limited: https://en.wikipedia.org/w/api.php?format=json&action=query&list=categorymembers&cmtitle=Category)
    skip category (HTTP 429 rate limited: https://en.wikipedia.org/w/api.php?format=json&action=query&list=categorymembers&cmtitle=Category)
    skip category (HTTP 429 rate limited: https://en.wikipedia.org/w/api.php?format=json&action=query&list=categorymembers&cmtitle=Category)
    skip category (HTTP 429 rate limited: https://en.wikipedia.org/w/api.php?format=json&action=query&list=categorymembers&cmtitle=Category)
    skip category (HTTP 429 rate limited: https://en.wikipedia.org/w/api.php?format=json&action=query&list=categorymembers&cmtitle=Category)
    skip category (HTTP 429 rate limited: https://en.wikipedia.org/w/api.php?format=json&action=query&list=categorymembers&cmtitle=Category)
  [rich] Wikipedia batch failed: HTTP 429 for https://en.wikipedia.org/w/api.php?action=query&format=json&origin=*&titles=One-Punch+Man+entry+10%7COne-Punch+Man+entry+11%7COne-Punch+Man+entry+12%7COne-Punch+Man+entry+13%7COne-Punch+Man+entry+14%7COne-Punch+Man+entry+15%7COne-Punch+Man+entry+16%7COne-Punch+Man+entry+17%7COne-Punch+Man+entry+18%7COne-Punch+Man+entry+19%7COne-Punch+Man+entry+20%7COne-Punch+Man+entry+21&redirects=1&prop=extracts&explaintext=1&exintro=1&exlimit=max: You are making too many requests to the API.
Please follow the best practices at <https://www.mediawiki.org/wiki/Wikimedia_APIs/Rate_limits>.
If you are unsure how to get the access you need, contact 
  [rich] Wikipedia batch failed: HTTP 429 for https://en.wikipedia.org/w/api.php?action=query&format=json&origin=*&titles=One-Punch+Man+entry+10%7COne-Punch+Man+entry+11%7COne-Punch+Man+entry+12%7COne-Punch+Man+entry+13%7COne-Punch+Man+entry+14%7COne-Punch+Man+entry+15%7COne-Punch+Man+entry+16%7COne-Punch+Man+entry+17%7COne-Punch+Man+entry+18%7COne-Punch+Man+entry+19%7COne-Punch+Man+entry+20%7COne-Punch+Man+entry+21&redirects=1&prop=extracts&explaintext=1&exintro=1&exlimit=max: You are making too many requests to the API.
Please follow the best practices at <https://www.mediawiki.org/wiki/Wikimedia_APIs/Rate_limits>.
If you are unsure how to get the access you need, contact 
  [rich] Wikipedia batch failed: HTTP 429 for https://en.wikipedia.org/w/api.php?action=query&format=json&origin=*&titles=One-Punch+Man+entry+10%7COne-Punch+Man+entry+11%7COne-Punch+Man+entry+12%7COne-Punch+Man+entry+13%7COne-Punch+Man+entry+14%7COne-Punch+Man+entry+15%7COne-Punch+Man+entry+16%7COne-Punch+Man+entry+17%7COne-Punch+Man+entry+18%7COne-Punch+Man+entry+19%7COne-Punch+Man+entry+20%7COne-Punch+Man+entry+21&redirects=1&prop=extracts&explaintext=1&exintro=1&exlimit=max: You are making too many requests to the API.
Please follow the best practices at <https://www.mediawiki.org/wiki/Wikimedia_APIs/Rate_limits>.
If you are unsure how to get the access you need, contact 
  [rich] Wikipedia batch failed: HTTP 429 for https://en.wikipedia.org/w/api.php?action=query&format=json&origin=*&titles=One-Punch+Man+entry+10%7COne-Punch+Man+entry+11%7COne-Punch+Man+entry+12%7COne-Punch+Man+entry+13%7COne-Punch+Man+entry+14%7COne-Punch+Man+entry+15%7COne-Punch+Man+entry+16%7COne-Punch+Man+entry+17%7COne-Punch+Man+entry+18%7COne-Punch+Man+entry+19%7COne-Punch+Man+entry+20%7COne-Punch+Man+entry+21&redirects=1&prop=extracts&explaintext=1&exintro=1&exlimit=max: <!DOCTYPE html>
<html lang="en">
<meta charset="utf-8">
<title>Wikimedia Error</title>
<style>
* { margin: 0; padding: 0; }
body { background: #fff; font: 15px/1.6 sans-serif; color: #333; }
.content 
  [rich] Wikipedia batch failed: HTTP 429 for https://en.wikipedia.org/w/api.php?action=query&format=json&origin=*&titles=One-Punch+Man+entry+22%7COne-Punch+Man+entry+23%7COne-Punch+Man+entry+24&redirects=1&prop=extracts&explaintext=1&exintro=1&exlimit=max: <!DOCTYPE html>
<html lang="en">
<meta charset="utf-8">
<title>Wikimedia Error</title>
<style>
* { margin: 0; padding: 0; }
body { background: #fff; font: 15px/1.6 sans-serif; color: #333; }
.content 
  [rich] Wikipedia batch failed: HTTP 429 for https://en.wikipedia.org/w/api.php?action=query&format=json&origin=*&titles=One-Punch+Man+entry+22%7COne-Punch+Man+entry+23%7COne-Punch+Man+entry+24&redirects=1&prop=extracts&explaintext=1&exintro=1&exlimit=max: You are making too many requests to the API.
Please follow the best practices at <https://www.mediawiki.org/wiki/Wikimedia_APIs/Rate_limits>.
If you are unsure how to get the access you need, contact 
  [rich] Wikipedia batch failed: HTTP 429 for https://en.wikipedia.org/w/api.php?action=query&format=json&origin=*&titles=One-Punch+Man+entry+22%7COne-Punch+Man+entry+23%7COne-Punch+Man+entry+24&redirects=1&prop=extracts&explaintext=1&exintro=1&exlimit=max: You are making too many requests to the API.
Please follow the best practices at <https://www.mediawiki.org/wiki/Wikimedia_APIs/Rate_limits>.
If you are unsure how to get the access you need, contact 
  [rich] Wikipedia batch failed: HTTP 429 for https://en.wikipedia.org/w/api.php?action=query&format=json&origin=*&titles=One-Punch+Man+entry+22%7COne-Punch+Man+entry+23%7COne-Punch+Man+entry+24&redirects=1&prop=extracts&explaintext=1&exintro=1&exlimit=max: You are making too many requests to the API.
Please follow the best practices at <https://www.mediawiki.org/wiki/Wikimedia_APIs/Rate_limits>.
If you are unsure how to get the access you need, contact 
    skip category (HTTP 429 rate limited: https://en.wikipedia.org/w/api.php?format=json&action=query&list=categorymembers&cmtitle=Category)
    skip category (HTTP 429 rate limited: https://en.wikipedia.org/w/api.php?format=json&action=query&list=categorymembers&cmtitle=Category)
    skip category (HTTP 429 rate limited: https://en.wikipedia.org/w/api.php?format=json&action=query&list=categorymembers&cmtitle=Category)
    skip category (HTTP 429 rate limited: https://en.wikipedia.org/w/api.php?format=json&action=query&list=categorymembers&cmtitle=Category)
    skip category (HTTP 429 rate limited: https://en.wikipedia.org/w/api.php?format=json&action=query&list=categorymembers&cmtitle=Category)
    skip category (HTTP 429 rate limited: https://en.wikipedia.org/w/api.php?format=json&action=query&list=categorymembers&cmtitle=Category)
  intro batch failed: HTTP 429 rate limited: https://en.wikipedia.org/w/api.php?format=json&action=query&titles=Fairy+Tail&redirects=1&prop=revisions&rvprop=content&rvslots=main
  [rich] Fandom batch failed: HTTP 429 rate limited: https://en.wikipedia.org/w/api.php?format=json&action=query&titles=Fairy+Tail%7CFairy+Tail+figures%7CFairy+Tail+world+%26+context%7CFairy+Tail+places%7CFairy+Tail+events%7CFairy+Tail+objects+%26+artifacts%7CFairy+Tail+factions+%26+groups%7CFairy+Tail+concepts%7CFairy+Tail+eras%7CFairy+Tail+works+%26+media%7CFairy+Tail+symbols%7CFairy+Tail+controversies&redirects=1&prop=revisions&rvprop=content&rvslots=main
  [rich] Fandom batch failed: HTTP 429 rate limited: https://en.wikipedia.org/w/api.php?format=json&action=query&titles=Fairy+Tail+sources%7CFairy+Tail+geography%7CFairy+Tail+legacy%7CFairy+Tail+practices%7CFairy+Tail+entry+1%7CFairy+Tail+entry+2%7CFairy+Tail+entry+3%7CFairy+Tail+entry+4%7CFairy+Tail+entry+5%7CFairy+Tail+entry+6%7CFairy+Tail+entry+7%7CFairy+Tail+entry+8&redirects=1&prop=revisions&rvprop=content&rvslots=main
  [rich] Fandom batch failed: HTTP 429 rate limited: https://en.wikipedia.org/w/api.php?format=json&action=query&titles=Fairy+Tail+entry+9%7CFairy+Tail+entry+10%7CFairy+Tail+entry+11%7CFairy+Tail+entry+12%7CFairy+Tail+entry+13%7CFairy+Tail+entry+14%7CFairy+Tail+entry+15%7CFairy+Tail+entry+16%7CFairy+Tail+entry+17%7CFairy+Tail+entry+18%7CFairy+Tail+entry+19%7CFairy+Tail+entry+20&redirects=1&prop=revisions&rvprop=content&rvslots=main
  [rich] Fandom batch failed: HTTP 429 rate limited: https://en.wikipedia.org/w/api.php?format=json&action=query&titles=Fairy+Tail+entry+21%7CFairy+Tail+entry+22%7CFairy+Tail+entry+23%7CFairy+Tail+entry+24&redirects=1&prop=revisions&rvprop=content&rvslots=main
  [rich] Wikipedia batch failed: HTTP 429 for https://en.wikipedia.org/w/api.php?action=query&format=json&origin=*&titles=Fairy+Tail+sources%7CFairy+Tail+geography%7CFairy+Tail+legacy%7CFairy+Tail+practices%7CFairy+Tail+entry+1%7CFairy+Tail+entry+2%7CFairy+Tail+entry+3%7CFairy+Tail+entry+4%7CFairy+Tail+entry+5%7CFairy+Tail+entry+6%7CFairy+Tail+entry+7%7CFairy+Tail+entry+8&redirects=1&prop=extracts&explaintext=1&exintro=1&exlimit=max: You are making too many requests to the API.
Please follow the best practices at <https://www.mediawiki.org/wiki/Wikimedia_APIs/Rate_limits>.
If you are unsure how to get the access you need, contact 
  [rich] Wikipedia batch failed: HTTP 429 for https://en.wikipedia.org/w/api.php?action=query&format=json&origin=*&titles=Fairy+Tail+sources%7CFairy+Tail+geography%7CFairy+Tail+legacy%7CFairy+Tail+practices%7CFairy+Tail+entry+1%7CFairy+Tail+entry+2%7CFairy+Tail+entry+3%7CFairy+Tail+entry+4%7CFairy+Tail+entry+5%7CFairy+Tail+entry+6%7CFairy+Tail+entry+7%7CFairy+Tail+entry+8&redirects=1&prop=extracts&explaintext=1&exintro=1&exlimit=max: You are making too many requests to the API.
Please follow the best practices at <https://www.mediawiki.org/wiki/Wikimedia_APIs/Rate_limits>.
If you are unsure how to get the access you need, contact 
  [rich] Wikipedia batch failed: HTTP 429 for https://en.wikipedia.org/w/api.php?action=query&format=json&origin=*&titles=Fairy+Tail+sources%7CFairy+Tail+geography%7CFairy+Tail+legacy%7CFairy+Tail+practices%7CFairy+Tail+entry+1%7CFairy+Tail+entry+2%7CFairy+Tail+entry+3%7CFairy+Tail+entry+4%7CFairy+Tail+entry+5%7CFairy+Tail+entry+6%7CFairy+Tail+entry+7%7CFairy+Tail+entry+8&redirects=1&prop=extracts&explaintext=1&exintro=1&exlimit=max: You are making too many requests to the API.
Please follow the best practices at <https://www.mediawiki.org/wiki/Wikimedia_APIs/Rate_limits>.
If you are unsure how to get the access you need, contact 
  [rich] Wikipedia batch failed: HTTP 429 for https://en.wikipedia.org/w/api.php?action=query&format=json&origin=*&titles=Fairy+Tail+sources%7CFairy+Tail+geography%7CFairy+Tail+legacy%7CFairy+Tail+practices%7CFairy+Tail+entry+1%7CFairy+Tail+entry+2%7CFairy+Tail+entry+3%7CFairy+Tail+entry+4%7CFairy+Tail+entry+5%7CFairy+Tail+entry+6%7CFairy+Tail+entry+7%7CFairy+Tail+entry+8&redirects=1&prop=extracts&explaintext=1&exintro=1&exlimit=max: You are making too many requests to the API.
Please follow the best practices at <https://www.mediawiki.org/wiki/Wikimedia_APIs/Rate_limits>.
If you are unsure how to get the access you need, contact 
  [rich] Wikipedia batch failed: HTTP 429 for https://en.wikipedia.org/w/api.php?action=query&format=json&origin=*&titles=Fairy+Tail+entry+9%7CFairy+Tail+entry+10%7CFairy+Tail+entry+11%7CFairy+Tail+entry+12%7CFairy+Tail+entry+13%7CFairy+Tail+entry+14%7CFairy+Tail+entry+15%7CFairy+Tail+entry+16%7CFairy+Tail+entry+17%7CFairy+Tail+entry+18%7CFairy+Tail+entry+19%7CFairy+Tail+entry+20&redirects=1&prop=extracts&explaintext=1&exintro=1&exlimit=max: You are making too many requests to the API.
Please follow the best practices at <https://www.mediawiki.org/wiki/Wikimedia_APIs/Rate_limits>.
If you are unsure how to get the access you need, contact 
  [rich] Wikipedia batch failed: HTTP 429 for https://en.wikipedia.org/w/api.php?action=query&format=json&origin=*&titles=Fairy+Tail+entry+9%7CFairy+Tail+entry+10%7CFairy+Tail+entry+11%7CFairy+Tail+entry+12%7CFairy+Tail+entry+13%7CFairy+Tail+entry+14%7CFairy+Tail+entry+15%7CFairy+Tail+entry+16%7CFairy+Tail+entry+17%7CFairy+Tail+entry+18%7CFairy+Tail+entry+19%7CFairy+Tail+entry+20&redirects=1&prop=extracts&explaintext=1&exintro=1&exlimit=max: You are making too many requests to the API.
Please follow the best practices at <https://www.mediawiki.org/wiki/Wikimedia_APIs/Rate_limits>.
If you are unsure how to get the access you need, contact 
  [rich] Wikipedia batch failed: HTTP 429 for https://en.wikipedia.org/w/api.php?action=query&format=json&origin=*&titles=Fairy+Tail+entry+9%7CFairy+Tail+entry+10%7CFairy+Tail+entry+11%7CFairy+Tail+entry+12%7CFairy+Tail+entry+13%7CFairy+Tail+entry+14%7CFairy+Tail+entry+15%7CFairy+Tail+entry+16%7CFairy+Tail+entry+17%7CFairy+Tail+entry+18%7CFairy+Tail+entry+19%7CFairy+Tail+entry+20&redirects=1&prop=extracts&explaintext=1&exintro=1&exlimit=max: You are making too many requests to the API.
Please follow the best practices at <https://www.mediawiki.org/wiki/Wikimedia_APIs/Rate_limits>.
If you are unsure how to get the access you need, contact 
  [rich] Wikipedia batch failed: HTTP 429 for https://en.wikipedia.org/w/api.php?action=query&format=json&origin=*&titles=Fairy+Tail+entry+9%7CFairy+Tail+entry+10%7CFairy+Tail+entry+11%7CFairy+Tail+entry+12%7CFairy+Tail+entry+13%7CFairy+Tail+entry+14%7CFairy+Tail+entry+15%7CFairy+Tail+entry+16%7CFairy+Tail+entry+17%7CFairy+Tail+entry+18%7CFairy+Tail+entry+19%7CFairy+Tail+entry+20&redirects=1&prop=extracts&explaintext=1&exintro=1&exlimit=max: You are making too many requests to the API.
Please follow the best practices at <https://www.mediawiki.org/wiki/Wikimedia_APIs/Rate_limits>.
If you are unsure how to get the access you need, contact 
    skip category (HTTP 429 rate limited: https://en.wikipedia.org/w/api.php?format=json&action=query&list=categorymembers&cmtitle=Category)
    skip category (HTTP 429 rate limited: https://en.wikipedia.org/w/api.php?format=json&action=query&list=categorymembers&cmtitle=Category)
  identity batch failed: HTTP 429 rate limited: https://en.wikipedia.org/w/api.php?format=json&action=query&titles=Sword+Art+Online%3A+Alicization&redirects=1&prop=pageimages%7Cinfo&piprop=thumbnail%7Cname&pithumbsize=180&inprop=url
  intro batch failed: HTTP 429 rate limited: https://en.wikipedia.org/w/api.php?format=json&action=query&titles=Sword+Art+Online%3A+Alicization&redirects=1&prop=revisions&rvprop=content&rvslots=main
  [rich] Fandom batch failed: HTTP 429 rate limited: https://en.wikipedia.org/w/api.php?format=json&action=query&titles=Sword+Art+Online%7CSword+Art+Online%3A+Alicization&redirects=1&prop=revisions&rvprop=content&rvslots=main
  [rich] Wikipedia batch failed: HTTP 429 for https://en.wikipedia.org/w/api.php?action=query&format=json&origin=*&titles=Sword+Art+Online%7CSword+Art+Online%3A+Alicization&redirects=1&prop=extracts&explaintext=1&exintro=1&exlimit=max: You are making too many requests to the API.
Please follow the best practices at <https://www.mediawiki.org/wiki/Wikimedia_APIs/Rate_limits>.
If you are unsure how to get the access you need, contact 
  [rich] Wikipedia batch failed: HTTP 429 for https://en.wikipedia.org/w/api.php?action=query&format=json&origin=*&titles=Sword+Art+Online%7CSword+Art+Online%3A+Alicization&redirects=1&prop=extracts&explaintext=1&exintro=1&exlimit=max: You are making too many requests to the API.
Please follow the best practices at <https://www.mediawiki.org/wiki/Wikimedia_APIs/Rate_limits>.
If you are unsure how to get the access you need, contact 
  [rich] Wikipedia batch failed: HTTP 429 for https://en.wikipedia.org/w/api.php?action=query&format=json&origin=*&titles=Sword+Art+Online%7CSword+Art+Online%3A+Alicization&redirects=1&prop=extracts&explaintext=1&exintro=1&exlimit=max: You are making too many requests to the API.
Please follow the best practices at <https://www.mediawiki.org/wiki/Wikimedia_APIs/Rate_limits>.
If you are unsure how to get the access you need, contact 
  [rich] Wikipedia batch failed: HTTP 429 for https://en.wikipedia.org/w/api.php?action=query&format=json&origin=*&titles=Sword+Art+Online%7CSword+Art+Online%3A+Alicization&redirects=1&prop=extracts&explaintext=1&exintro=1&exlimit=max: You are making too many requests to the API.
Please follow the best practices at <https://www.mediawiki.org/wiki/Wikimedia_APIs/Rate_limits>.
If you are unsure how to get the access you need, contact 
    skip category (HTTP 429 rate limited: https://en.wikipedia.org/w/api.php?format=json&action=query&list=categorymembers&cmtitle=Category)
    skip category (HTTP 429 rate limited: https://en.wikipedia.org/w/api.php?format=json&action=query&list=categorymembers&cmtitle=Category)
    skip category (HTTP 429 rate limited: https://en.wikipedia.org/w/api.php?format=json&action=query&list=categorymembers&cmtitle=Category)
    skip category (HTTP 429 rate limited: https://en.wikipedia.org/w/api.php?format=json&action=query&list=categorymembers&cmtitle=Category)
    skip category (HTTP 429 rate limited: https://en.wikipedia.org/w/api.php?format=json&action=query&list=categorymembers&cmtitle=Category)
    skip category (HTTP 429 rate limited: https://en.wikipedia.org/w/api.php?format=json&action=query&list=categorymembers&cmtitle=Category)
    skip category (HTTP 429 rate limited: https://en.wikipedia.org/w/api.php?format=json&action=query&list=categorymembers&cmtitle=Category)
    skip category (HTTP 429 rate limited: https://en.wikipedia.org/w/api.php?format=json&action=query&list=categorymembers&cmtitle=Category)
    skip category (HTTP 429 rate limited: https://en.wikipedia.org/w/api.php?format=json&action=query&list=categorymembers&cmtitle=Category)
    skip category (HTTP 429 rate limited: https://en.wikipedia.org/w/api.php?format=json&action=query&list=categorymembers&cmtitle=Category)
    skip category (HTTP 429 rate limited: https://en.wikipedia.org/w/api.php?format=json&action=query&list=categorymembers&cmtitle=Category)
    skip category (HTTP 429 rate limited: https://en.wikipedia.org/w/api.php?format=json&action=query&list=categorymembers&cmtitle=Category)
    skip category (HTTP 429 rate limited: https://en.wikipedia.org/w/api.php?format=json&action=query&list=categorymembers&cmtitle=Category)
    skip category (HTTP 429 rate limited: https://en.wikipedia.org/w/api.php?format=json&action=query&list=categorymembers&cmtitle=Category)
    skip category (HTTP 429 rate limited: https://en.wikipedia.org/w/api.php?format=json&action=query&list=categorymembers&cmtitle=Category)
    skip category (HTTP 429 rate limited: https://en.wikipedia.org/w/api.php?format=json&action=query&list=categorymembers&cmtitle=Category)
    skip category (HTTP 429 rate limited: https://en.wikipedia.org/w/api.php?format=json&action=query&list=categorymembers&cmtitle=Category)
    skip category (HTTP 429 rate limited: https://en.wikipedia.org/w/api.php?format=json&action=query&list=categorymembers&cmtitle=Category)
    skip category (HTTP 429 rate limited: https://en.wikipedia.org/w/api.php?format=json&action=query&list=categorymembers&cmtitle=Category)
    skip category (HTTP 429 rate limited: https://en.wikipedia.org/w/api.php?format=json&action=query&list=categorymembers&cmtitle=Category)
    skip category (HTTP 429 rate limited: https://en.wikipedia.org/w/api.php?format=json&action=query&list=categorymembers&cmtitle=Category)
    skip category (HTTP 429 rate limited: https://en.wikipedia.org/w/api.php?format=json&action=query&list=categorymembers&cmtitle=Category)
    skip category (HTTP 429 rate limited: https://en.wikipedia.org/w/api.php?format=json&action=query&list=categorymembers&cmtitle=Category)
    skip category (HTTP 429 rate limited: https://en.wikipedia.org/w/api.php?format=json&action=query&list=categorymembers&cmtitle=Category)
    skip category (HTTP 429 rate limited: https://en.wikipedia.org/w/api.php?format=json&action=query&list=categorymembers&cmtitle=Category)
    skip category (HTTP 429 rate limited: https://en.wikipedia.org/w/api.php?format=json&action=query&list=categorymembers&cmtitle=Category)
    skip category (HTTP 429 rate limited: https://en.wikipedia.org/w/api.php?format=json&action=query&list=categorymembers&cmtitle=Category)
    skip category (HTTP 429 rate limited: https://en.wikipedia.org/w/api.php?format=json&action=query&list=categorymembers&cmtitle=Category)
    skip category (HTTP 429 rate limited: https://en.wikipedia.org/w/api.php?format=json&action=query&list=categorymembers&cmtitle=Category)
    skip category (HTTP 429 rate limited: https://en.wikipedia.org/w/api.php?format=json&action=query&list=categorymembers&cmtitle=Category)
    skip category (HTTP 429 rate limited: https://en.wikipedia.org/w/api.php?format=json&action=query&list=categorymembers&cmtitle=Category)
    skip category (HTTP 429 rate limited: https://en.wikipedia.org/w/api.php?format=json&action=query&list=categorymembers&cmtitle=Category)
    skip category (HTTP 429 rate limited: https://en.wikipedia.org/w/api.php?format=json&action=query&list=categorymembers&cmtitle=Category)
    skip category (HTTP 429 rate limited: https://en.wikipedia.org/w/api.php?format=json&action=query&list=categorymembers&cmtitle=Category)
    skip category (HTTP 429 rate limited: https://en.wikipedia.org/w/api.php?format=json&action=query&list=categorymembers&cmtitle=Category)
    skip category (HTTP 429 rate limited: https://en.wikipedia.org/w/api.php?format=json&action=query&list=categorymembers&cmtitle=Category)
    skip category (HTTP 429 rate limited: https://en.wikipedia.org/w/api.php?format=json&action=query&list=categorymembers&cmtitle=Category)
    skip category (HTTP 429 rate limited: https://en.wikipedia.org/w/api.php?format=json&action=query&list=categorymembers&cmtitle=Category)
    skip category (HTTP 429 rate limited: https://en.wikipedia.org/w/api.php?format=json&action=query&list=categorymembers&cmtitle=Category)
    skip category (HTTP 429 rate limited: https://en.wikipedia.org/w/api.php?format=json&action=query&list=categorymembers&cmtitle=Category)
    skip category (HTTP 429 rate limited: https://en.wikipedia.org/w/api.php?format=json&action=query&list=categorymembers&cmtitle=Category)
    skip category (HTTP 429 rate limited: https://en.wikipedia.org/w/api.php?format=json&action=query&list=categorymembers&cmtitle=Category)
  intro batch failed: HTTP 429 rate limited: https://en.wikipedia.org/w/api.php?format=json&action=query&titles=The+Last+of+Us&redirects=1&prop=revisions&rvprop=content&rvslots=main
  [rich] Fandom batch failed: HTTP 429 rate limited: https://en.wikipedia.org/w/api.php?format=json&action=query&titles=The+Last+of+Us%7CThe+Last+of+Us+figures%7CThe+Last+of+Us+world+%26+context%7CThe+Last+of+Us+places%7CThe+Last+of+Us+events%7CThe+Last+of+Us+objects+%26+artifacts%7CThe+Last+of+Us+factions+%26+groups%7CThe+Last+of+Us+concepts%7CThe+Last+of+Us+eras%7CThe+Last+of+Us+works+%26+media%7CThe+Last+of+Us+symbols%7CThe+Last+of+Us+controversies&redirects=1&prop=revisions&rvprop=content&rvslots=main
  [rich] Fandom batch failed: HTTP 429 rate limited: https://en.wikipedia.org/w/api.php?format=json&action=query&titles=The+Last+of+Us+sources%7CThe+Last+of+Us+geography%7CThe+Last+of+Us+legacy%7CThe+Last+of+Us+practices%7CThe+Last+of+Us+entry+1%7CThe+Last+of+Us+entry+2%7CThe+Last+of+Us+entry+3%7CThe+Last+of+Us+entry+4%7CThe+Last+of+Us+entry+5%7CThe+Last+of+Us+entry+6%7CThe+Last+of+Us+entry+7%7CThe+Last+of+Us+entry+8&redirects=1&prop=revisions&rvprop=content&rvslots=main
  [rich] Fandom batch failed: HTTP 429 rate limited: https://en.wikipedia.org/w/api.php?format=json&action=query&titles=The+Last+of+Us+entry+9%7CThe+Last+of+Us+entry+10%7CThe+Last+of+Us+entry+11%7CThe+Last+of+Us+entry+12%7CThe+Last+of+Us+entry+13%7CThe+Last+of+Us+entry+14%7CThe+Last+of+Us+entry+15%7CThe+Last+of+Us+entry+16%7CThe+Last+of+Us+entry+17%7CThe+Last+of+Us+entry+18%7CThe+Last+of+Us+entry+19%7CThe+Last+of+Us+entry+20&redirects=1&prop=revisions&rvprop=content&rvslots=main
  [rich] Fandom batch failed: HTTP 429 rate limited: https://en.wikipedia.org/w/api.php?format=json&action=query&titles=The+Last+of+Us+entry+21%7CThe+Last+of+Us+entry+22%7CThe+Last+of+Us+entry+23%7CThe+Last+of+Us+entry+24&redirects=1&prop=revisions&rvprop=content&rvslots=main
  [rich] Wikipedia batch failed: HTTP 429 for https://en.wikipedia.org/w/api.php?action=query&format=json&origin=*&titles=The+Last+of+Us%7CThe+Last+of+Us+figures%7CThe+Last+of+Us+world+%26+context%7CThe+Last+of+Us+places%7CThe+Last+of+Us+events%7CThe+Last+of+Us+objects+%26+artifacts%7CThe+Last+of+Us+factions+%26+groups%7CThe+Last+of+Us+concepts%7CThe+Last+of+Us+eras%7CThe+Last+of+Us+works+%26+media%7CThe+Last+of+Us+symbols%7CThe+Last+of+Us+controversies&redirects=1&prop=extracts&explaintext=1&exintro=1&exlimit=max: You are making too many requests to the API.
Please follow the best practices at <https://www.mediawiki.org/wiki/Wikimedia_APIs/Rate_limits>.
If you are unsure how to get the access you need, contact 
  [rich] Wikipedia batch failed: HTTP 429 for https://en.wikipedia.org/w/api.php?action=query&format=json&origin=*&titles=The+Last+of+Us%7CThe+Last+of+Us+figures%7CThe+Last+of+Us+world+%26+context%7CThe+Last+of+Us+places%7CThe+Last+of+Us+events%7CThe+Last+of+Us+objects+%26+artifacts%7CThe+Last+of+Us+factions+%26+groups%7CThe+Last+of+Us+concepts%7CThe+Last+of+Us+eras%7CThe+Last+of+Us+works+%26+media%7CThe+Last+of+Us+symbols%7CThe+Last+of+Us+controversies&redirects=1&prop=extracts&explaintext=1&exintro=1&exlimit=max: You are making too many requests to the API.
Please follow the best practices at <https://www.mediawiki.org/wiki/Wikimedia_APIs/Rate_limits>.
If you are unsure how to get the access you need, contact 
  [rich] Wikipedia batch failed: HTTP 429 for https://en.wikipedia.org/w/api.php?action=query&format=json&origin=*&titles=The+Last+of+Us%7CThe+Last+of+Us+figures%7CThe+Last+of+Us+world+%26+context%7CThe+Last+of+Us+places%7CThe+Last+of+Us+events%7CThe+Last+of+Us+objects+%26+artifacts%7CThe+Last+of+Us+factions+%26+groups%7CThe+Last+of+Us+concepts%7CThe+Last+of+Us+eras%7CThe+Last+of+Us+works+%26+media%7CThe+Last+of+Us+symbols%7CThe+Last+of+Us+controversies&redirects=1&prop=extracts&explaintext=1&exintro=1&exlimit=max: You are making too many requests to the API.
Please follow the best practices at <https://www.mediawiki.org/wiki/Wikimedia_APIs/Rate_limits>.
If you are unsure how to get the access you need, contact 
  [rich] Wikipedia batch failed: HTTP 429 for https://en.wikipedia.org/w/api.php?action=query&format=json&origin=*&titles=The+Last+of+Us%7CThe+Last+of+Us+figures%7CThe+Last+of+Us+world+%26+context%7CThe+Last+of+Us+places%7CThe+Last+of+Us+events%7CThe+Last+of+Us+objects+%26+artifacts%7CThe+Last+of+Us+factions+%26+groups%7CThe+Last+of+Us+concepts%7CThe+Last+of+Us+eras%7CThe+Last+of+Us+works+%26+media%7CThe+Last+of+Us+symbols%7CThe+Last+of+Us+controversies&redirects=1&prop=extracts&explaintext=1&exintro=1&exlimit=max: You are making too many requests to the API.
Please follow the best practices at <https://www.mediawiki.org/wiki/Wikimedia_APIs/Rate_limits>.
If you are unsure how to get the access you need, contact 
  [rich] Wikipedia batch failed: HTTP 429 for https://en.wikipedia.org/w/api.php?action=query&format=json&origin=*&titles=The+Last+of+Us+sources%7CThe+Last+of+Us+geography%7CThe+Last+of+Us+legacy%7CThe+Last+of+Us+practices%7CThe+Last+of+Us+entry+1%7CThe+Last+of+Us+entry+2%7CThe+Last+of+Us+entry+3%7CThe+Last+of+Us+entry+4%7CThe+Last+of+Us+entry+5%7CThe+Last+of+Us+entry+6%7CThe+Last+of+Us+entry+7%7CThe+Last+of+Us+entry+8&redirects=1&prop=extracts&explaintext=1&exintro=1&exlimit=max: You are making too many requests to the API.
Please follow the best practices at <https://www.mediawiki.org/wiki/Wikimedia_APIs/Rate_limits>.
If you are unsure how to get the access you need, contact 
  [rich] Wikipedia batch failed: HTTP 429 for https://en.wikipedia.org/w/api.php?action=query&format=json&origin=*&titles=The+Last+of+Us+sources%7CThe+Last+of+Us+geography%7CThe+Last+of+Us+legacy%7CThe+Last+of+Us+practices%7CThe+Last+of+Us+entry+1%7CThe+Last+of+Us+entry+2%7CThe+Last+of+Us+entry+3%7CThe+Last+of+Us+entry+4%7CThe+Last+of+Us+entry+5%7CThe+Last+of+Us+entry+6%7CThe+Last+of+Us+entry+7%7CThe+Last+of+Us+entry+8&redirects=1&prop=extracts&explaintext=1&exintro=1&exlimit=max: You are making too many requests to the API.
Please follow the best practices at <https://www.mediawiki.org/wiki/Wikimedia_APIs/Rate_limits>.
If you are unsure how to get the access you need, contact 
  [rich] Wikipedia batch failed: HTTP 429 for https://en.wikipedia.org/w/api.php?action=query&format=json&origin=*&titles=The+Last+of+Us+sources%7CThe+Last+of+Us+geography%7CThe+Last+of+Us+legacy%7CThe+Last+of+Us+practices%7CThe+Last+of+Us+entry+1%7CThe+Last+of+Us+entry+2%7CThe+Last+of+Us+entry+3%7CThe+Last+of+Us+entry+4%7CThe+Last+of+Us+entry+5%7CThe+Last+of+Us+entry+6%7CThe+Last+of+Us+entry+7%7CThe+Last+of+Us+entry+8&redirects=1&prop=extracts&explaintext=1&exintro=1&exlimit=max: You are making too many requests to the API.
Please follow the best practices at <https://www.mediawiki.org/wiki/Wikimedia_APIs/Rate_limits>.
If you are unsure how to get the access you need, contact 
  [rich] Wikipedia batch failed: HTTP 429 for https://en.wikipedia.org/w/api.php?action=query&format=json&origin=*&titles=The+Last+of+Us+sources%7CThe+Last+of+Us+geography%7CThe+Last+of+Us+legacy%7CThe+Last+of+Us+practices%7CThe+Last+of+Us+entry+1%7CThe+Last+of+Us+entry+2%7CThe+Last+of+Us+entry+3%7CThe+Last+of+Us+entry+4%7CThe+Last+of+Us+entry+5%7CThe+Last+of+Us+entry+6%7CThe+Last+of+Us+entry+7%7CThe+Last+of+Us+entry+8&redirects=1&prop=extracts&explaintext=1&exintro=1&exlimit=max: You are making too many requests to the API.
Please follow the best practices at <https://www.mediawiki.org/wiki/Wikimedia_APIs/Rate_limits>.
If you are unsure how to get the access you need, contact 
    skip category (HTTP 429 rate limited: https://en.wikipedia.org/w/api.php?format=json&action=query&list=categorymembers&cmtitle=Category)
    skip category (HTTP 429 rate limited: https://en.wikipedia.org/w/api.php?format=json&action=query&list=categorymembers&cmtitle=Category)
    skip category (HTTP 429 rate limited: https://en.wikipedia.org/w/api.php?format=json&action=query&list=categorymembers&cmtitle=Category)
    skip category (HTTP 429 rate limited: https://en.wikipedia.org/w/api.php?format=json&action=query&list=categorymembers&cmtitle=Category)
    skip category (HTTP 429 rate limited: https://en.wikipedia.org/w/api.php?format=json&action=query&list=categorymembers&cmtitle=Category)
    skip category (HTTP 429 rate limited: https://en.wikipedia.org/w/api.php?format=json&action=query&list=categorymembers&cmtitle=Category)
    skip category (HTTP 429 rate limited: https://en.wikipedia.org/w/api.php?format=json&action=query&list=categorymembers&cmtitle=Category)
    skip category (HTTP 429 rate limited: https://en.wikipedia.org/w/api.php?format=json&action=query&list=categorymembers&cmtitle=Category)
    skip category (HTTP 429 rate limited: https://en.wikipedia.org/w/api.php?format=json&action=query&list=categorymembers&cmtitle=Category)
    skip category (HTTP 429 rate limited: https://en.wikipedia.org/w/api.php?format=json&action=query&list=categorymembers&cmtitle=Category)
    skip category (HTTP 429 rate limited: https://en.wikipedia.org/w/api.php?format=json&action=query&list=categorymembers&cmtitle=Category)
    skip category (HTTP 429 rate limited: https://en.wikipedia.org/w/api.php?format=json&action=query&list=categorymembers&cmtitle=Category)
    skip category (HTTP 429 rate limited: https://en.wikipedia.org/w/api.php?format=json&action=query&list=categorymembers&cmtitle=Category)
    skip category (HTTP 429 rate limited: https://en.wikipedia.org/w/api.php?format=json&action=query&list=categorymembers&cmtitle=Category)
    skip category (HTTP 429 rate limited: https://en.wikipedia.org/w/api.php?format=json&action=query&list=categorymembers&cmtitle=Category)
    skip category (HTTP 429 rate limited: https://en.wikipedia.org/w/api.php?format=json&action=query&list=categorymembers&cmtitle=Category)
    skip category (HTTP 429 rate limited: https://en.wikipedia.org/w/api.php?format=json&action=query&list=categorymembers&cmtitle=Category)
    skip category (HTTP 429 rate limited: https://en.wikipedia.org/w/api.php?format=json&action=query&list=categorymembers&cmtitle=Category)
    skip category (HTTP 429 rate limited: https://en.wikipedia.org/w/api.php?format=json&action=query&list=categorymembers&cmtitle=Category)
    skip category (HTTP 429 rate limited: https://en.wikipedia.org/w/api.php?format=json&action=query&list=categorymembers&cmtitle=Category)
    skip category (HTTP 429 rate limited: https://en.wikipedia.org/w/api.php?format=json&action=query&list=categorymembers&cmtitle=Category)
    skip category (HTTP 429 rate limited: https://en.wikipedia.org/w/api.php?format=json&action=query&list=categorymembers&cmtitle=Category)
    skip category (HTTP 429 rate limited: https://en.wikipedia.org/w/api.php?format=json&action=query&list=categorymembers&cmtitle=Category)
  [rich] Wikipedia batch failed: HTTP 429 for https://en.wikipedia.org/w/api.php?action=query&format=json&origin=*&titles=Red+Dead+Redemption+figures%7CRed+Dead+Redemption+world+%26+context%7CRed+Dead+Redemption+places%7CRed+Dead+Redemption+events%7CRed+Dead+Redemption+objects+%26+artifacts%7CRed+Dead+Redemption+factions+%26+groups%7CRed+Dead+Redemption+concepts%7CRed+Dead+Redemption+eras%7CRed+Dead+Redemption+works+%26+media%7CRed+Dead+Redemption+symbols%7CRed+Dead+Redemption+controversies%7CRed+Dead+Redemption+sources&redirects=1&prop=extracts&explaintext=1&exintro=1&exlimit=max: You are making too many requests to the API.
Please follow the best practices at <https://www.mediawiki.org/wiki/Wikimedia_APIs/Rate_limits>.
If you are unsure how to get the access you need, contact 
  [rich] Wikipedia batch failed: HTTP 429 for https://en.wikipedia.org/w/api.php?action=query&format=json&origin=*&titles=Red+Dead+Redemption+figures%7CRed+Dead+Redemption+world+%26+context%7CRed+Dead+Redemption+places%7CRed+Dead+Redemption+events%7CRed+Dead+Redemption+objects+%26+artifacts%7CRed+Dead+Redemption+factions+%26+groups%7CRed+Dead+Redemption+concepts%7CRed+Dead+Redemption+eras%7CRed+Dead+Redemption+works+%26+media%7CRed+Dead+Redemption+symbols%7CRed+Dead+Redemption+controversies%7CRed+Dead+Redemption+sources&redirects=1&prop=extracts&explaintext=1&exintro=1&exlimit=max: You are making too many requests to the API.
Please follow the best practices at <https://www.mediawiki.org/wiki/Wikimedia_APIs/Rate_limits>.
If you are unsure how to get the access you need, contact 
  [rich] Wikipedia batch failed: HTTP 429 for https://en.wikipedia.org/w/api.php?action=query&format=json&origin=*&titles=Red+Dead+Redemption+figures%7CRed+Dead+Redemption+world+%26+context%7CRed+Dead+Redemption+places%7CRed+Dead+Redemption+events%7CRed+Dead+Redemption+objects+%26+artifacts%7CRed+Dead+Redemption+factions+%26+groups%7CRed+Dead+Redemption+concepts%7CRed+Dead+Redemption+eras%7CRed+Dead+Redemption+works+%26+media%7CRed+Dead+Redemption+symbols%7CRed+Dead+Redemption+controversies%7CRed+Dead+Redemption+sources&redirects=1&prop=extracts&explaintext=1&exintro=1&exlimit=max: You are making too many requests to the API.
Please follow the best practices at <https://www.mediawiki.org/wiki/Wikimedia_APIs/Rate_limits>.
If you are unsure how to get the access you need, contact 
  [rich] Wikipedia batch failed: HTTP 429 for https://en.wikipedia.org/w/api.php?action=query&format=json&origin=*&titles=Red+Dead+Redemption+figures%7CRed+Dead+Redemption+world+%26+context%7CRed+Dead+Redemption+places%7CRed+Dead+Redemption+events%7CRed+Dead+Redemption+objects+%26+artifacts%7CRed+Dead+Redemption+factions+%26+groups%7CRed+Dead+Redemption+concepts%7CRed+Dead+Redemption+eras%7CRed+Dead+Redemption+works+%26+media%7CRed+Dead+Redemption+symbols%7CRed+Dead+Redemption+controversies%7CRed+Dead+Redemption+sources&redirects=1&prop=extracts&explaintext=1&exintro=1&exlimit=max: You are making too many requests to the API.
Please follow the best practices at <https://www.mediawiki.org/wiki/Wikimedia_APIs/Rate_limits>.
If you are unsure how to get the access you need, contact 
  [rich] Wikipedia batch failed: HTTP 429 for https://en.wikipedia.org/w/api.php?action=query&format=json&origin=*&titles=Red+Dead+Redemption+geography%7CRed+Dead+Redemption+legacy%7CRed+Dead+Redemption+practices%7CRed+Dead+Redemption+entry+1%7CRed+Dead+Redemption+entry+2%7CRed+Dead+Redemption+entry+3%7CRed+Dead+Redemption+entry+4%7CRed+Dead+Redemption+entry+5%7CRed+Dead+Redemption+entry+6%7CRed+Dead+Redemption+entry+7%7CRed+Dead+Redemption+entry+8%7CRed+Dead+Redemption+entry+9&redirects=1&prop=extracts&explaintext=1&exintro=1&exlimit=max: You are making too many requests to the API.
Please follow the best practices at <https://www.mediawiki.org/wiki/Wikimedia_APIs/Rate_limits>.
If you are unsure how to get the access you need, contact 
  [rich] Wikipedia batch failed: HTTP 429 for https://en.wikipedia.org/w/api.php?action=query&format=json&origin=*&titles=Red+Dead+Redemption+geography%7CRed+Dead+Redemption+legacy%7CRed+Dead+Redemption+practices%7CRed+Dead+Redemption+entry+1%7CRed+Dead+Redemption+entry+2%7CRed+Dead+Redemption+entry+3%7CRed+Dead+Redemption+entry+4%7CRed+Dead+Redemption+entry+5%7CRed+Dead+Redemption+entry+6%7CRed+Dead+Redemption+entry+7%7CRed+Dead+Redemption+entry+8%7CRed+Dead+Redemption+entry+9&redirects=1&prop=extracts&explaintext=1&exintro=1&exlimit=max: You are making too many requests to the API.
Please follow the best practices at <https://www.mediawiki.org/wiki/Wikimedia_APIs/Rate_limits>.
If you are unsure how to get the access you need, contact 
  [rich] Wikipedia batch failed: HTTP 429 for https://en.wikipedia.org/w/api.php?action=query&format=json&origin=*&titles=Red+Dead+Redemption+geography%7CRed+Dead+Redemption+legacy%7CRed+Dead+Redemption+practices%7CRed+Dead+Redemption+entry+1%7CRed+Dead+Redemption+entry+2%7CRed+Dead+Redemption+entry+3%7CRed+Dead+Redemption+entry+4%7CRed+Dead+Redemption+entry+5%7CRed+Dead+Redemption+entry+6%7CRed+Dead+Redemption+entry+7%7CRed+Dead+Redemption+entry+8%7CRed+Dead+Redemption+entry+9&redirects=1&prop=extracts&explaintext=1&exintro=1&exlimit=max: You are making too many requests to the API.
Please follow the best practices at <https://www.mediawiki.org/wiki/Wikimedia_APIs/Rate_limits>.
If you are unsure how to get the access you need, contact 
  [rich] Wikipedia batch failed: HTTP 429 for https://en.wikipedia.org/w/api.php?action=query&format=json&origin=*&titles=Red+Dead+Redemption+entry+10%7CRed+Dead+Redemption+entry+11%7CRed+Dead+Redemption+entry+12%7CRed+Dead+Redemption+entry+13%7CRed+Dead+Redemption+entry+14%7CRed+Dead+Redemption+entry+15%7CRed+Dead+Redemption+entry+16%7CRed+Dead+Redemption+entry+17%7CRed+Dead+Redemption+entry+18%7CRed+Dead+Redemption+entry+19%7CRed+Dead+Redemption+entry+20%7CRed+Dead+Redemption+entry+21&redirects=1&prop=extracts&explaintext=1&exintro=1&exlimit=max: You are making too many requests to the API.
Please follow the best practices at <https://www.mediawiki.org/wiki/Wikimedia_APIs/Rate_limits>.
If you are unsure how to get the access you need, contact 
  [rich] Wikipedia batch failed: HTTP 429 for https://en.wikipedia.org/w/api.php?action=query&format=json&origin=*&titles=Red+Dead+Redemption+entry+10%7CRed+Dead+Redemption+entry+11%7CRed+Dead+Redemption+entry+12%7CRed+Dead+Redemption+entry+13%7CRed+Dead+Redemption+entry+14%7CRed+Dead+Redemption+entry+15%7CRed+Dead+Redemption+entry+16%7CRed+Dead+Redemption+entry+17%7CRed+Dead+Redemption+entry+18%7CRed+Dead+Redemption+entry+19%7CRed+Dead+Redemption+entry+20%7CRed+Dead+Redemption+entry+21&redirects=1&prop=extracts&explaintext=1&exintro=1&exlimit=max: You are making too many requests to the API.
Please follow the best practices at <https://www.mediawiki.org/wiki/Wikimedia_APIs/Rate_limits>.
If you are unsure how to get the access you need, contact 
  [rich] Wikipedia batch failed: HTTP 429 for https://en.wikipedia.org/w/api.php?action=query&format=json&origin=*&titles=Red+Dead+Redemption+entry+10%7CRed+Dead+Redemption+entry+11%7CRed+Dead+Redemption+entry+12%7CRed+Dead+Redemption+entry+13%7CRed+Dead+Redemption+entry+14%7CRed+Dead+Redemption+entry+15%7CRed+Dead+Redemption+entry+16%7CRed+Dead+Redemption+entry+17%7CRed+Dead+Redemption+entry+18%7CRed+Dead+Redemption+entry+19%7CRed+Dead+Redemption+entry+20%7CRed+Dead+Redemption+entry+21&redirects=1&prop=extracts&explaintext=1&exintro=1&exlimit=max: You are making too many requests to the API.
Please follow the best practices at <https://www.mediawiki.org/wiki/Wikimedia_APIs/Rate_limits>.
If you are unsure how to get the access you need, contact 
  [rich] Wikipedia batch failed: HTTP 429 for https://en.wikipedia.org/w/api.php?action=query&format=json&origin=*&titles=Red+Dead+Redemption+entry+10%7CRed+Dead+Redemption+entry+11%7CRed+Dead+Redemption+entry+12%7CRed+Dead+Redemption+entry+13%7CRed+Dead+Redemption+entry+14%7CRed+Dead+Redemption+entry+15%7CRed+Dead+Redemption+entry+16%7CRed+Dead+Redemption+entry+17%7CRed+Dead+Redemption+entry+18%7CRed+Dead+Redemption+entry+19%7CRed+Dead+Redemption+entry+20%7CRed+Dead+Redemption+entry+21&redirects=1&prop=extracts&explaintext=1&exintro=1&exlimit=max: You are making too many requests to the API.
Please follow the best practices at <https://www.mediawiki.org/wiki/Wikimedia_APIs/Rate_limits>.
If you are unsure how to get the access you need, contact 
    skip category (HTTP 429 rate limited: https://en.wikipedia.org/w/api.php?format=json&action=query&list=categorymembers&cmtitle=Category)
    skip category (HTTP 429 rate limited: https://en.wikipedia.org/w/api.php?format=json&action=query&list=categorymembers&cmtitle=Category)
    skip category (HTTP 429 rate limited: https://en.wikipedia.org/w/api.php?format=json&action=query&list=categorymembers&cmtitle=Category)
    skip category (HTTP 429 rate limited: https://en.wikipedia.org/w/api.php?format=json&action=query&list=categorymembers&cmtitle=Category)
    skip category (HTTP 429 rate limited: https://en.wikipedia.org/w/api.php?format=json&action=query&list=categorymembers&cmtitle=Category)
    skip category (HTTP 429 rate limited: https://en.wikipedia.org/w/api.php?format=json&action=query&list=categorymembers&cmtitle=Category)
    skip category (HTTP 429 rate limited: https://en.wikipedia.org/w/api.php?format=json&action=query&list=categorymembers&cmtitle=Category)
    skip category (HTTP 429 rate limited: https://en.wikipedia.org/w/api.php?format=json&action=query&list=categorymembers&cmtitle=Category)
    skip category (HTTP 429 rate limited: https://en.wikipedia.org/w/api.php?format=json&action=query&list=categorymembers&cmtitle=Category)
    skip category (HTTP 429 rate limited: https://en.wikipedia.org/w/api.php?format=json&action=query&list=categorymembers&cmtitle=Category)
    skip category (HTTP 429 rate limited: https://en.wikipedia.org/w/api.php?format=json&action=query&list=categorymembers&cmtitle=Category)
    skip category (HTTP 429 rate limited: https://en.wikipedia.org/w/api.php?format=json&action=query&list=categorymembers&cmtitle=Category)
    skip category (HTTP 429 rate limited: https://en.wikipedia.org/w/api.php?format=json&action=query&list=categorymembers&cmtitle=Category)
    skip category (HTTP 429 rate limited: https://en.wikipedia.org/w/api.php?format=json&action=query&list=categorymembers&cmtitle=Category)
    skip category (HTTP 429 rate limited: https://en.wikipedia.org/w/api.php?format=json&action=query&list=categorymembers&cmtitle=Category)
    skip category (HTTP 429 rate limited: https://en.wikipedia.org/w/api.php?format=json&action=query&list=categorymembers&cmtitle=Category)
    skip category (HTTP 429 rate limited: https://en.wikipedia.org/w/api.php?format=json&action=query&list=categorymembers&cmtitle=Category)
    skip category (HTTP 429 rate limited: https://en.wikipedia.org/w/api.php?format=json&action=query&list=categorymembers&cmtitle=Category)
    skip category (HTTP 429 rate limited: https://en.wikipedia.org/w/api.php?format=json&action=query&list=categorymembers&cmtitle=Category)
    skip category (HTTP 429 rate limited: https://en.wikipedia.org/w/api.php?format=json&action=query&list=categorymembers&cmtitle=Category)
    skip category (HTTP 429 rate limited: https://en.wikipedia.org/w/api.php?format=json&action=query&list=categorymembers&cmtitle=Category)
    skip category (HTTP 429 rate limited: https://en.wikipedia.org/w/api.php?format=json&action=query&list=categorymembers&cmtitle=Category)
    skip category (HTTP 429 rate limited: https://en.wikipedia.org/w/api.php?format=json&action=query&list=categorymembers&cmtitle=Category)
    skip category (HTTP 429 rate limited: https://en.wikipedia.org/w/api.php?format=json&action=query&list=categorymembers&cmtitle=Category)
    skip category (HTTP 429 rate limited: https://en.wikipedia.org/w/api.php?format=json&action=query&list=categorymembers&cmtitle=Category)
    skip category (HTTP 429 rate limited: https://en.wikipedia.org/w/api.php?format=json&action=query&list=categorymembers&cmtitle=Category)
    skip category (HTTP 429 rate limited: https://en.wikipedia.org/w/api.php?format=json&action=query&list=categorymembers&cmtitle=Category)
    skip category (HTTP 429 rate limited: https://en.wikipedia.org/w/api.php?format=json&action=query&list=categorymembers&cmtitle=Category)
    skip category (HTTP 429 rate limited: https://en.wikipedia.org/w/api.php?format=json&action=query&list=categorymembers&cmtitle=Category)
    skip category (HTTP 429 rate limited: https://en.wikipedia.org/w/api.php?format=json&action=query&list=categorymembers&cmtitle=Category)
    skip category (HTTP 429 rate limited: https://en.wikipedia.org/w/api.php?format=json&action=query&list=categorymembers&cmtitle=Category)
    skip category (HTTP 429 rate limited: https://en.wikipedia.org/w/api.php?format=json&action=query&list=categorymembers&cmtitle=Category)
    skip category (HTTP 429 rate limited: https://en.wikipedia.org/w/api.php?format=json&action=query&list=categorymembers&cmtitle=Category)
    skip category (HTTP 429 rate limited: https://en.wikipedia.org/w/api.php?format=json&action=query&list=categorymembers&cmtitle=Category)
    skip category (HTTP 429 rate limited: https://en.wikipedia.org/w/api.php?format=json&action=query&list=categorymembers&cmtitle=Category)
    skip category (HTTP 429 rate limited: https://en.wikipedia.org/w/api.php?format=json&action=query&list=categorymembers&cmtitle=Category)
    skip category (HTTP 429 rate limited: https://en.wikipedia.org/w/api.php?format=json&action=query&list=categorymembers&cmtitle=Category)
    skip category (HTTP 429 rate limited: https://en.wikipedia.org/w/api.php?format=json&action=query&list=categorymembers&cmtitle=Category)
    skip category (HTTP 429 rate limited: https://en.wikipedia.org/w/api.php?format=json&action=query&list=categorymembers&cmtitle=Category)
    skip category (HTTP 429 rate limited: https://en.wikipedia.org/w/api.php?format=json&action=query&list=categorymembers&cmtitle=Category)
  [rich] Fandom batch failed: HTTP 429 rate limited: https://en.wikipedia.org/w/api.php?format=json&action=query&titles=Nineteen+Eighty-Four+entry+10%7CNineteen+Eighty-Four+entry+11%7CNineteen+Eighty-Four+entry+12%7CNineteen+Eighty-Four+entry+13%7CNineteen+Eighty-Four+entry+14%7CNineteen+Eighty-Four+entry+15%7CNineteen+Eighty-Four+entry+16%7CNineteen+Eighty-Four+entry+17%7CNineteen+Eighty-Four+entry+18%7CNineteen+Eighty-Four+entry+19%7CNineteen+Eighty-Four+entry+20%7CNineteen+Eighty-Four+entry+21&redirects=1&prop=revisions&rvprop=content&rvslots=main
  [rich] Fandom batch failed: HTTP 429 rate limited: https://en.wikipedia.org/w/api.php?format=json&action=query&titles=Nineteen+Eighty-Four+entry+22%7CNineteen+Eighty-Four+entry+23%7CNineteen+Eighty-Four+entry+24&redirects=1&prop=revisions&rvprop=content&rvslots=main
  [rich] Wikipedia batch failed: HTTP 429 for https://en.wikipedia.org/w/api.php?action=query&format=json&origin=*&titles=Nineteen+Eighty-Four+figures%7CNineteen+Eighty-Four+world+%26+context%7CNineteen+Eighty-Four+places%7CNineteen+Eighty-Four+events%7CNineteen+Eighty-Four+objects+%26+artifacts%7CNineteen+Eighty-Four+factions+%26+groups%7CNineteen+Eighty-Four+concepts%7CNineteen+Eighty-Four+eras%7CNineteen+Eighty-Four+works+%26+media%7CNineteen+Eighty-Four+symbols%7CNineteen+Eighty-Four+controversies%7CNineteen+Eighty-Four+sources&redirects=1&prop=extracts&explaintext=1&exintro=1&exlimit=max: You are making too many requests to the API.
Please follow the best practices at <https://www.mediawiki.org/wiki/Wikimedia_APIs/Rate_limits>.
If you are unsure how to get the access you need, contact 
  [rich] Wikipedia batch failed: HTTP 429 for https://en.wikipedia.org/w/api.php?action=query&format=json&origin=*&titles=Nineteen+Eighty-Four+figures%7CNineteen+Eighty-Four+world+%26+context%7CNineteen+Eighty-Four+places%7CNineteen+Eighty-Four+events%7CNineteen+Eighty-Four+objects+%26+artifacts%7CNineteen+Eighty-Four+factions+%26+groups%7CNineteen+Eighty-Four+concepts%7CNineteen+Eighty-Four+eras%7CNineteen+Eighty-Four+works+%26+media%7CNineteen+Eighty-Four+symbols%7CNineteen+Eighty-Four+controversies%7CNineteen+Eighty-Four+sources&redirects=1&prop=extracts&explaintext=1&exintro=1&exlimit=max: You are making too many requests to the API.
Please follow the best practices at <https://www.mediawiki.org/wiki/Wikimedia_APIs/Rate_limits>.
If you are unsure how to get the access you need, contact 
  [rich] Fandom batch failed: HTTP 429 rate limited: https://en.wikipedia.org/w/api.php?format=json&action=query&titles=Brave+New+World+entry+22%7CBrave+New+World+entry+23%7CBrave+New+World+entry+24&redirects=1&prop=revisions&rvprop=content&rvslots=main
  [rich] Wikipedia batch failed: HTTP 429 for https://en.wikipedia.org/w/api.php?action=query&format=json&origin=*&titles=Brave+New+World+figures%7CBrave+New+World+world+%26+context%7CBrave+New+World+places%7CBrave+New+World+events%7CBrave+New+World+objects+%26+artifacts%7CBrave+New+World+factions+%26+groups%7CBrave+New+World+concepts%7CBrave+New+World+eras%7CBrave+New+World+works+%26+media%7CBrave+New+World+symbols%7CBrave+New+World+controversies%7CBrave+New+World+sources&redirects=1&prop=extracts&explaintext=1&exintro=1&exlimit=max: You are making too many requests to the API.
Please follow the best practices at <https://www.mediawiki.org/wiki/Wikimedia_APIs/Rate_limits>.
If you are unsure how to get the access you need, contact 
  [rich] Wikipedia batch failed: HTTP 429 for https://en.wikipedia.org/w/api.php?action=query&format=json&origin=*&titles=Brave+New+World+figures%7CBrave+New+World+world+%26+context%7CBrave+New+World+places%7CBrave+New+World+events%7CBrave+New+World+objects+%26+artifacts%7CBrave+New+World+factions+%26+groups%7CBrave+New+World+concepts%7CBrave+New+World+eras%7CBrave+New+World+works+%26+media%7CBrave+New+World+symbols%7CBrave+New+World+controversies%7CBrave+New+World+sources&redirects=1&prop=extracts&explaintext=1&exintro=1&exlimit=max: You are making too many requests to the API.
Please follow the best practices at <https://www.mediawiki.org/wiki/Wikimedia_APIs/Rate_limits>.
If you are unsure how to get the access you need, contact 
    skip category (HTTP 429 rate limited: https://en.wikipedia.org/w/api.php?format=json&action=query&list=categorymembers&cmtitle=Category)
  [rich] Wikipedia batch failed: HTTP 429 for https://en.wikipedia.org/w/api.php?action=query&format=json&origin=*&titles=Catch-22+figures%7CCatch-22+world+%26+context%7CCatch-22+places%7CCatch-22+events%7CCatch-22+objects+%26+artifacts%7CCatch-22+factions+%26+groups%7CCatch-22+concepts%7CCatch-22+eras%7CCatch-22+works+%26+media%7CCatch-22+symbols%7CCatch-22+controversies%7CCatch-22+sources&redirects=1&prop=extracts&explaintext=1&exintro=1&exlimit=max: You are making too many requests to the API.
Please follow the best practices at <https://www.mediawiki.org/wiki/Wikimedia_APIs/Rate_limits>.
If you are unsure how to get the access you need, contact 
  [rich] Wikipedia batch failed: HTTP 429 for https://en.wikipedia.org/w/api.php?action=query&format=json&origin=*&titles=Catch-22+figures%7CCatch-22+world+%26+context%7CCatch-22+places%7CCatch-22+events%7CCatch-22+objects+%26+artifacts%7CCatch-22+factions+%26+groups%7CCatch-22+concepts%7CCatch-22+eras%7CCatch-22+works+%26+media%7CCatch-22+symbols%7CCatch-22+controversies%7CCatch-22+sources&redirects=1&prop=extracts&explaintext=1&exintro=1&exlimit=max: You are making too many requests to the API.
Please follow the best practices at <https://www.mediawiki.org/wiki/Wikimedia_APIs/Rate_limits>.
If you are unsure how to get the access you need, contact 
  [rich] Wikipedia batch failed: HTTP 429 for https://en.wikipedia.org/w/api.php?action=query&format=json&origin=*&titles=Catch-22+figures%7CCatch-22+world+%26+context%7CCatch-22+places%7CCatch-22+events%7CCatch-22+objects+%26+artifacts%7CCatch-22+factions+%26+groups%7CCatch-22+concepts%7CCatch-22+eras%7CCatch-22+works+%26+media%7CCatch-22+symbols%7CCatch-22+controversies%7CCatch-22+sources&redirects=1&prop=extracts&explaintext=1&exintro=1&exlimit=max: You are making too many requests to the API.
Please follow the best practices at <https://www.mediawiki.org/wiki/Wikimedia_APIs/Rate_limits>.
If you are unsure how to get the access you need, contact 
  [rich] Wikipedia batch failed: HTTP 429 for https://en.wikipedia.org/w/api.php?action=query&format=json&origin=*&titles=Catch-22+figures%7CCatch-22+world+%26+context%7CCatch-22+places%7CCatch-22+events%7CCatch-22+objects+%26+artifacts%7CCatch-22+factions+%26+groups%7CCatch-22+concepts%7CCatch-22+eras%7CCatch-22+works+%26+media%7CCatch-22+symbols%7CCatch-22+controversies%7CCatch-22+sources&redirects=1&prop=extracts&explaintext=1&exintro=1&exlimit=max: You are making too many requests to the API.
Please follow the best practices at <https://www.mediawiki.org/wiki/Wikimedia_APIs/Rate_limits>.
If you are unsure how to get the access you need, contact 
  [rich] Wikipedia batch failed: HTTP 429 for https://en.wikipedia.org/w/api.php?action=query&format=json&origin=*&titles=Catch-22+geography%7CCatch-22+legacy%7CCatch-22+practices%7CCatch-22+entry+1%7CCatch-22+entry+2%7CCatch-22+entry+3%7CCatch-22+entry+4%7CCatch-22+entry+5%7CCatch-22+entry+6%7CCatch-22+entry+7%7CCatch-22+entry+8%7CCatch-22+entry+9&redirects=1&prop=extracts&explaintext=1&exintro=1&exlimit=max: You are making too many requests to the API.
Please follow the best practices at <https://www.mediawiki.org/wiki/Wikimedia_APIs/Rate_limits>.
If you are unsure how to get the access you need, contact 
  [rich] Wikipedia batch failed: HTTP 429 for https://en.wikipedia.org/w/api.php?action=query&format=json&origin=*&titles=Catch-22+geography%7CCatch-22+legacy%7CCatch-22+practices%7CCatch-22+entry+1%7CCatch-22+entry+2%7CCatch-22+entry+3%7CCatch-22+entry+4%7CCatch-22+entry+5%7CCatch-22+entry+6%7CCatch-22+entry+7%7CCatch-22+entry+8%7CCatch-22+entry+9&redirects=1&prop=extracts&explaintext=1&exintro=1&exlimit=max: You are making too many requests to the API.
Please follow the best practices at <https://www.mediawiki.org/wiki/Wikimedia_APIs/Rate_limits>.
If you are unsure how to get the access you need, contact 
  [rich] Wikipedia batch failed: HTTP 429 for https://en.wikipedia.org/w/api.php?action=query&format=json&origin=*&titles=Catch-22+geography%7CCatch-22+legacy%7CCatch-22+practices%7CCatch-22+entry+1%7CCatch-22+entry+2%7CCatch-22+entry+3%7CCatch-22+entry+4%7CCatch-22+entry+5%7CCatch-22+entry+6%7CCatch-22+entry+7%7CCatch-22+entry+8%7CCatch-22+entry+9&redirects=1&prop=extracts&explaintext=1&exintro=1&exlimit=max: You are making too many requests to the API.
Please follow the best practices at <https://www.mediawiki.org/wiki/Wikimedia_APIs/Rate_limits>.
If you are unsure how to get the access you need, contact 
  [rich] Wikipedia batch failed: HTTP 429 for https://en.wikipedia.org/w/api.php?action=query&format=json&origin=*&titles=Catch-22+geography%7CCatch-22+legacy%7CCatch-22+practices%7CCatch-22+entry+1%7CCatch-22+entry+2%7CCatch-22+entry+3%7CCatch-22+entry+4%7CCatch-22+entry+5%7CCatch-22+entry+6%7CCatch-22+entry+7%7CCatch-22+entry+8%7CCatch-22+entry+9&redirects=1&prop=extracts&explaintext=1&exintro=1&exlimit=max: You are making too many requests to the API.
Please follow the best practices at <https://www.mediawiki.org/wiki/Wikimedia_APIs/Rate_limits>.
If you are unsure how to get the access you need, contact 
    skip category (HTTP 429 rate limited: https://en.wikipedia.org/w/api.php?format=json&action=query&list=categorymembers&cmtitle=Category)
    skip category (HTTP 429 rate limited: https://en.wikipedia.org/w/api.php?format=json&action=query&list=categorymembers&cmtitle=Category)
    skip category (HTTP 429 rate limited: https://en.wikipedia.org/w/api.php?format=json&action=query&list=categorymembers&cmtitle=Category)
    skip category (HTTP 429 rate limited: https://en.wikipedia.org/w/api.php?format=json&action=query&list=categorymembers&cmtitle=Category)
    skip category (HTTP 429 rate limited: https://en.wikipedia.org/w/api.php?format=json&action=query&list=categorymembers&cmtitle=Category)
    skip category (HTTP 429 rate limited: https://en.wikipedia.org/w/api.php?format=json&action=query&list=categorymembers&cmtitle=Category)
    skip category (HTTP 429 rate limited: https://en.wikipedia.org/w/api.php?format=json&action=query&list=categorymembers&cmtitle=Category)
    skip category (HTTP 429 rate limited: https://en.wikipedia.org/w/api.php?format=json&action=query&list=categorymembers&cmtitle=Category)
    skip category (HTTP 429 rate limited: https://en.wikipedia.org/w/api.php?format=json&action=query&list=categorymembers&cmtitle=Category)
    skip category (HTTP 429 rate limited: https://en.wikipedia.org/w/api.php?format=json&action=query&list=categorymembers&cmtitle=Category)
    skip category (HTTP 429 rate limited: https://en.wikipedia.org/w/api.php?format=json&action=query&list=categorymembers&cmtitle=Category)
    skip category (HTTP 429 rate limited: https://en.wikipedia.org/w/api.php?format=json&action=query&list=categorymembers&cmtitle=Category)
    skip category (HTTP 429 rate limited: https://en.wikipedia.org/w/api.php?format=json&action=query&list=categorymembers&cmtitle=Category)
    skip category (HTTP 429 rate limited: https://en.wikipedia.org/w/api.php?format=json&action=query&list=categorymembers&cmtitle=Category)
    skip category (HTTP 429 rate limited: https://en.wikipedia.org/w/api.php?format=json&action=query&list=categorymembers&cmtitle=Category)
    skip category (HTTP 429 rate limited: https://en.wikipedia.org/w/api.php?format=json&action=query&list=categorymembers&cmtitle=Category)
    skip category (HTTP 429 rate limited: https://en.wikipedia.org/w/api.php?format=json&action=query&list=categorymembers&cmtitle=Category)
    skip category (HTTP 429 rate limited: https://en.wikipedia.org/w/api.php?format=json&action=query&list=categorymembers&cmtitle=Category)
    skip category (HTTP 429 rate limited: https://en.wikipedia.org/w/api.php?format=json&action=query&list=categorymembers&cmtitle=Category)
    skip category (HTTP 429 rate limited: https://en.wikipedia.org/w/api.php?format=json&action=query&list=categorymembers&cmtitle=Category)
    skip category (HTTP 429 rate limited: https://en.wikipedia.org/w/api.php?format=json&action=query&list=categorymembers&cmtitle=Category)
  [rich] Wikipedia batch failed: HTTP 429 for https://en.wikipedia.org/w/api.php?action=query&format=json&origin=*&titles=John+Wick+geography%7CJohn+Wick+legacy%7CJohn+Wick+practices%7CJohn+Wick+entry+1%7CJohn+Wick+entry+2%7CJohn+Wick+entry+3%7CJohn+Wick+entry+4%7CJohn+Wick+entry+5%7CJohn+Wick+entry+6%7CJohn+Wick+entry+7%7CJohn+Wick+entry+8%7CJohn+Wick+entry+9&redirects=1&prop=extracts&explaintext=1&exintro=1&exlimit=max: You are making too many requests to the API.
Please follow the best practices at <https://www.mediawiki.org/wiki/Wikimedia_APIs/Rate_limits>.
If you are unsure how to get the access you need, contact 
  [rich] Wikipedia batch failed: HTTP 429 for https://en.wikipedia.org/w/api.php?action=query&format=json&origin=*&titles=John+Wick+geography%7CJohn+Wick+legacy%7CJohn+Wick+practices%7CJohn+Wick+entry+1%7CJohn+Wick+entry+2%7CJohn+Wick+entry+3%7CJohn+Wick+entry+4%7CJohn+Wick+entry+5%7CJohn+Wick+entry+6%7CJohn+Wick+entry+7%7CJohn+Wick+entry+8%7CJohn+Wick+entry+9&redirects=1&prop=extracts&explaintext=1&exintro=1&exlimit=max: You are making too many requests to the API.
Please follow the best practices at <https://www.mediawiki.org/wiki/Wikimedia_APIs/Rate_limits>.
If you are unsure how to get the access you need, contact 
  [rich] Wikipedia batch failed: HTTP 429 for https://en.wikipedia.org/w/api.php?action=query&format=json&origin=*&titles=John+Wick+geography%7CJohn+Wick+legacy%7CJohn+Wick+practices%7CJohn+Wick+entry+1%7CJohn+Wick+entry+2%7CJohn+Wick+entry+3%7CJohn+Wick+entry+4%7CJohn+Wick+entry+5%7CJohn+Wick+entry+6%7CJohn+Wick+entry+7%7CJohn+Wick+entry+8%7CJohn+Wick+entry+9&redirects=1&prop=extracts&explaintext=1&exintro=1&exlimit=max: You are making too many requests to the API.
Please follow the best practices at <https://www.mediawiki.org/wiki/Wikimedia_APIs/Rate_limits>.
If you are unsure how to get the access you need, contact 
    skip category (HTTP 429 rate limited: https://en.wikipedia.org/w/api.php?format=json&action=query&list=categorymembers&cmtitle=Category)
    skip category (HTTP 429 rate limited: https://en.wikipedia.org/w/api.php?format=json&action=query&list=categorymembers&cmtitle=Category)
    skip category (HTTP 429 rate limited: https://en.wikipedia.org/w/api.php?format=json&action=query&list=categorymembers&cmtitle=Category)
    skip category (HTTP 429 rate limited: https://en.wikipedia.org/w/api.php?format=json&action=query&list=categorymembers&cmtitle=Category)
    skip category (HTTP 429 rate limited: https://en.wikipedia.org/w/api.php?format=json&action=query&list=categorymembers&cmtitle=Category)
    skip category (HTTP 429 rate limited: https://en.wikipedia.org/w/api.php?format=json&action=query&list=categorymembers&cmtitle=Category)
    skip category (HTTP 429 rate limited: https://en.wikipedia.org/w/api.php?format=json&action=query&list=categorymembers&cmtitle=Category)
    skip category (HTTP 429 rate limited: https://en.wikipedia.org/w/api.php?format=json&action=query&list=categorymembers&cmtitle=Category)
    skip category (HTTP 429 rate limited: https://en.wikipedia.org/w/api.php?format=json&action=query&list=categorymembers&cmtitle=Category)
    skip category (HTTP 429 rate limited: https://en.wikipedia.org/w/api.php?format=json&action=query&list=categorymembers&cmtitle=Category)
    skip category (HTTP 429 rate limited: https://en.wikipedia.org/w/api.php?format=json&action=query&list=categorymembers&cmtitle=Category)
    skip category (HTTP 429 rate limited: https://en.wikipedia.org/w/api.php?format=json&action=query&list=categorymembers&cmtitle=Category)
    skip category (HTTP 429 rate limited: https://en.wikipedia.org/w/api.php?format=json&action=query&list=categorymembers&cmtitle=Category)
    skip category (HTTP 429 rate limited: https://en.wikipedia.org/w/api.php?format=json&action=query&list=categorymembers&cmtitle=Category)
    skip category (HTTP 429 rate limited: https://en.wikipedia.org/w/api.php?format=json&action=query&list=categorymembers&cmtitle=Category)
    skip category (HTTP 429 rate limited: https://en.wikipedia.org/w/api.php?format=json&action=query&list=categorymembers&cmtitle=Category)
    skip category (HTTP 429 rate limited: https://en.wikipedia.org/w/api.php?format=json&action=query&list=categorymembers&cmtitle=Category)
    skip category (HTTP 429 rate limited: https://en.wikipedia.org/w/api.php?format=json&action=query&list=categorymembers&cmtitle=Category)
    skip category (HTTP 429 rate limited: https://en.wikipedia.org/w/api.php?format=json&action=query&list=categorymembers&cmtitle=Category)
    skip category (HTTP 429 rate limited: https://en.wikipedia.org/w/api.php?format=json&action=query&list=categorymembers&cmtitle=Category)
    skip category (HTTP 429 rate limited: https://en.wikipedia.org/w/api.php?format=json&action=query&list=categorymembers&cmtitle=Category)
    skip category (HTTP 429 rate limited: https://en.wikipedia.org/w/api.php?format=json&action=query&list=categorymembers&cmtitle=Category)
    skip category (HTTP 429 rate limited: https://en.wikipedia.org/w/api.php?format=json&action=query&list=categorymembers&cmtitle=Category)
    skip category (HTTP 429 rate limited: https://en.wikipedia.org/w/api.php?format=json&action=query&list=categorymembers&cmtitle=Category)
    skip category (HTTP 429 rate limited: https://en.wikipedia.org/w/api.php?format=json&action=query&list=categorymembers&cmtitle=Category)
    skip category (HTTP 429 rate limited: https://en.wikipedia.org/w/api.php?format=json&action=query&list=categorymembers&cmtitle=Category)
    skip category (HTTP 429 rate limited: https://en.wikipedia.org/w/api.php?format=json&action=query&list=categorymembers&cmtitle=Category)
    skip category (HTTP 429 rate limited: https://en.wikipedia.org/w/api.php?format=json&action=query&list=categorymembers&cmtitle=Category)
    skip category (HTTP 429 rate limited: https://en.wikipedia.org/w/api.php?format=json&action=query&list=categorymembers&cmtitle=Category)
    skip category (HTTP 429 rate limited: https://en.wikipedia.org/w/api.php?format=json&action=query&list=categorymembers&cmtitle=Category)
    skip category (HTTP 429 rate limited: https://en.wikipedia.org/w/api.php?format=json&action=query&list=categorymembers&cmtitle=Category)
    skip category (HTTP 429 rate limited: https://en.wikipedia.org/w/api.php?format=json&action=query&list=categorymembers&cmtitle=Category)
    skip category (HTTP 429 rate limited: https://en.wikipedia.org/w/api.php?format=json&action=query&list=categorymembers&cmtitle=Category)
    skip category (HTTP 429 rate limited: https://en.wikipedia.org/w/api.php?format=json&action=query&list=categorymembers&cmtitle=Category)
    skip category (HTTP 429 rate limited: https://en.wikipedia.org/w/api.php?format=json&action=query&list=categorymembers&cmtitle=Category)
    skip category (HTTP 429 rate limited: https://en.wikipedia.org/w/api.php?format=json&action=query&list=categorymembers&cmtitle=Category)
    skip category (HTTP 429 rate limited: https://en.wikipedia.org/w/api.php?format=json&action=query&list=categorymembers&cmtitle=Category)
    skip category (HTTP 429 rate limited: https://en.wikipedia.org/w/api.php?format=json&action=query&list=categorymembers&cmtitle=Category)
    skip category (HTTP 429 rate limited: https://en.wikipedia.org/w/api.php?format=json&action=query&list=categorymembers&cmtitle=Category)
    skip category (HTTP 429 rate limited: https://en.wikipedia.org/w/api.php?format=json&action=query&list=categorymembers&cmtitle=Category)
    skip category (HTTP 429 rate limited: https://en.wikipedia.org/w/api.php?format=json&action=query&list=categorymembers&cmtitle=Category)
    skip category (HTTP 429 rate limited: https://en.wikipedia.org/w/api.php?format=json&action=query&list=categorymembers&cmtitle=Category)
    skip category (HTTP 429 rate limited: https://en.wikipedia.org/w/api.php?format=json&action=query&list=categorymembers&cmtitle=Category)
    skip category (HTTP 429 rate limited: https://en.wikipedia.org/w/api.php?format=json&action=query&list=categorymembers&cmtitle=Category)
    skip category (HTTP 429 rate limited: https://en.wikipedia.org/w/api.php?format=json&action=query&list=categorymembers&cmtitle=Category)
    skip category (HTTP 429 rate limited: https://en.wikipedia.org/w/api.php?format=json&action=query&list=categorymembers&cmtitle=Category)
  [rich] Fandom batch failed: HTTP 429 rate limited: https://en.wikipedia.org/w/api.php?format=json&action=query&titles=The+Wire&redirects=1&prop=revisions&rvprop=content&rvslots=main
  [rich] Wikipedia batch failed: HTTP 429 for https://en.wikipedia.org/w/api.php?action=query&format=json&origin=*&titles=The+Wire&redirects=1&prop=extracts&explaintext=1&exintro=1&exlimit=max: You are making too many requests to the API.
Please follow the best practices at <https://www.mediawiki.org/wiki/Wikimedia_APIs/Rate_limits>.
If you are unsure how to get the access you need, contact 
  [rich] Wikipedia batch failed: HTTP 429 for https://en.wikipedia.org/w/api.php?action=query&format=json&origin=*&titles=The+Wire&redirects=1&prop=extracts&explaintext=1&exintro=1&exlimit=max: You are making too many requests to the API.
Please follow the best practices at <https://www.mediawiki.org/wiki/Wikimedia_APIs/Rate_limits>.
If you are unsure how to get the access you need, contact 
    skip category (HTTP 429 rate limited: https://en.wikipedia.org/w/api.php?format=json&action=query&list=categorymembers&cmtitle=Category)
    skip category (HTTP 429 rate limited: https://en.wikipedia.org/w/api.php?format=json&action=query&list=categorymembers&cmtitle=Category)
    skip category (HTTP 429 rate limited: https://en.wikipedia.org/w/api.php?format=json&action=query&list=categorymembers&cmtitle=Category)
    skip category (HTTP 429 rate limited: https://en.wikipedia.org/w/api.php?format=json&action=query&list=categorymembers&cmtitle=Category)
    skip category (HTTP 429 rate limited: https://en.wikipedia.org/w/api.php?format=json&action=query&list=categorymembers&cmtitle=Category)
    skip category (HTTP 429 rate limited: https://en.wikipedia.org/w/api.php?format=json&action=query&list=categorymembers&cmtitle=Category)
    skip category (HTTP 429 rate limited: https://en.wikipedia.org/w/api.php?format=json&action=query&list=categorymembers&cmtitle=Category)
    skip category (HTTP 429 rate limited: https://en.wikipedia.org/w/api.php?format=json&action=query&list=categorymembers&cmtitle=Category)
    skip category (HTTP 429 rate limited: https://en.wikipedia.org/w/api.php?format=json&action=query&list=categorymembers&cmtitle=Category)
    skip category (HTTP 429 rate limited: https://en.wikipedia.org/w/api.php?format=json&action=query&list=categorymembers&cmtitle=Category)
    skip category (HTTP 429 rate limited: https://en.wikipedia.org/w/api.php?format=json&action=query&list=categorymembers&cmtitle=Category)
    skip category (HTTP 429 rate limited: https://en.wikipedia.org/w/api.php?format=json&action=query&list=categorymembers&cmtitle=Category)
    skip category (HTTP 429 rate limited: https://en.wikipedia.org/w/api.php?format=json&action=query&list=categorymembers&cmtitle=Category)
    skip category (HTTP 429 rate limited: https://en.wikipedia.org/w/api.php?format=json&action=query&list=categorymembers&cmtitle=Category)
    skip category (HTTP 429 rate limited: https://en.wikipedia.org/w/api.php?format=json&action=query&list=categorymembers&cmtitle=Category)
    skip category (HTTP 429 rate limited: https://en.wikipedia.org/w/api.php?format=json&action=query&list=categorymembers&cmtitle=Category)
    skip category (HTTP 429 rate limited: https://en.wikipedia.org/w/api.php?format=json&action=query&list=categorymembers&cmtitle=Category)
    skip category (HTTP 429 rate limited: https://en.wikipedia.org/w/api.php?format=json&action=query&list=categorymembers&cmtitle=Category)
    skip category (HTTP 429 rate limited: https://en.wikipedia.org/w/api.php?format=json&action=query&list=categorymembers&cmtitle=Category)
    skip category (HTTP 429 rate limited: https://en.wikipedia.org/w/api.php?format=json&action=query&list=categorymembers&cmtitle=Category)
    skip category (HTTP 429 rate limited: https://en.wikipedia.org/w/api.php?format=json&action=query&list=categorymembers&cmtitle=Category)
    skip category (HTTP 429 rate limited: https://en.wikipedia.org/w/api.php?format=json&action=query&list=categorymembers&cmtitle=Category)
    skip category (HTTP 429 rate limited: https://en.wikipedia.org/w/api.php?format=json&action=query&list=categorymembers&cmtitle=Category)
    skip category (HTTP 429 rate limited: https://en.wikipedia.org/w/api.php?format=json&action=query&list=categorymembers&cmtitle=Category)
    skip category (HTTP 429 rate limited: https://en.wikipedia.org/w/api.php?format=json&action=query&list=categorymembers&cmtitle=Category)
    skip category (HTTP 429 rate limited: https://en.wikipedia.org/w/api.php?format=json&action=query&list=categorymembers&cmtitle=Category)
    skip category (HTTP 429 rate limited: https://en.wikipedia.org/w/api.php?format=json&action=query&list=categorymembers&cmtitle=Category)
    skip category (HTTP 429 rate limited: https://en.wikipedia.org/w/api.php?format=json&action=query&list=categorymembers&cmtitle=Category)
    skip category (HTTP 429 rate limited: https://en.wikipedia.org/w/api.php?format=json&action=query&list=categorymembers&cmtitle=Category)
    skip category (HTTP 429 rate limited: https://en.wikipedia.org/w/api.php?format=json&action=query&list=categorymembers&cmtitle=Category)
    skip category (HTTP 429 rate limited: https://en.wikipedia.org/w/api.php?format=json&action=query&list=categorymembers&cmtitle=Category)
    skip category (HTTP 429 rate limited: https://en.wikipedia.org/w/api.php?format=json&action=query&list=categorymembers&cmtitle=Category)
    skip category (HTTP 429 rate limited: https://en.wikipedia.org/w/api.php?format=json&action=query&list=categorymembers&cmtitle=Category)
    skip category (HTTP 429 rate limited: https://en.wikipedia.org/w/api.php?format=json&action=query&list=categorymembers&cmtitle=Category)
    skip category (HTTP 429 rate limited: https://en.wikipedia.org/w/api.php?format=json&action=query&list=categorymembers&cmtitle=Category)
    skip category (HTTP 429 rate limited: https://en.wikipedia.org/w/api.php?format=json&action=query&list=categorymembers&cmtitle=Category)
    skip category (HTTP 429 rate limited: https://en.wikipedia.org/w/api.php?format=json&action=query&list=categorymembers&cmtitle=Category)
    skip category (HTTP 429 rate limited: https://en.wikipedia.org/w/api.php?format=json&action=query&list=categorymembers&cmtitle=Category)
    skip category (HTTP 429 rate limited: https://en.wikipedia.org/w/api.php?format=json&action=query&list=categorymembers&cmtitle=Category)
    skip category (HTTP 429 rate limited: https://en.wikipedia.org/w/api.php?format=json&action=query&list=categorymembers&cmtitle=Category)
    skip category (HTTP 429 rate limited: https://en.wikipedia.org/w/api.php?format=json&action=query&list=categorymembers&cmtitle=Category)
    skip category (HTTP 429 rate limited: https://en.wikipedia.org/w/api.php?format=json&action=query&list=categorymembers&cmtitle=Category)
    skip category (HTTP 429 rate limited: https://en.wikipedia.org/w/api.php?format=json&action=query&list=categorymembers&cmtitle=Category)
    skip category (HTTP 429 rate limited: https://en.wikipedia.org/w/api.php?format=json&action=query&list=categorymembers&cmtitle=Category)
    skip category (HTTP 429 rate limited: https://en.wikipedia.org/w/api.php?format=json&action=query&list=categorymembers&cmtitle=Category)
    skip category (HTTP 429 rate limited: https://en.wikipedia.org/w/api.php?format=json&action=query&list=categorymembers&cmtitle=Category)
    skip category (HTTP 429 rate limited: https://en.wikipedia.org/w/api.php?format=json&action=query&list=categorymembers&cmtitle=Category)
    skip category (HTTP 429 rate limited: https://en.wikipedia.org/w/api.php?format=json&action=query&list=categorymembers&cmtitle=Category)
    skip category (HTTP 429 rate limited: https://en.wikipedia.org/w/api.php?format=json&action=query&list=categorymembers&cmtitle=Category)
    skip category (HTTP 429 rate limited: https://en.wikipedia.org/w/api.php?format=json&action=query&list=categorymembers&cmtitle=Category)
    skip category (HTTP 429 rate limited: https://en.wikipedia.org/w/api.php?format=json&action=query&list=categorymembers&cmtitle=Category)
    skip category (HTTP 429 rate limited: https://en.wikipedia.org/w/api.php?format=json&action=query&list=categorymembers&cmtitle=Category)
    skip category (HTTP 429 rate limited: https://en.wikipedia.org/w/api.php?format=json&action=query&list=categorymembers&cmtitle=Category)
    skip category (HTTP 429 rate limited: https://en.wikipedia.org/w/api.php?format=json&action=query&list=categorymembers&cmtitle=Category)
    skip category (HTTP 429 rate limited: https://en.wikipedia.org/w/api.php?format=json&action=query&list=categorymembers&cmtitle=Category)
    skip category (HTTP 429 rate limited: https://en.wikipedia.org/w/api.php?format=json&action=query&list=categorymembers&cmtitle=Category)
    skip category (HTTP 429 rate limited: https://en.wikipedia.org/w/api.php?format=json&action=query&list=categorymembers&cmtitle=Category)
    skip category (HTTP 429 rate limited: https://en.wikipedia.org/w/api.php?format=json&action=query&list=categorymembers&cmtitle=Category)
    skip category (HTTP 429 rate limited: https://en.wikipedia.org/w/api.php?format=json&action=query&list=categorymembers&cmtitle=Category)
    skip category (HTTP 429 rate limited: https://en.wikipedia.org/w/api.php?format=json&action=query&list=categorymembers&cmtitle=Category)
    skip category (HTTP 429 rate limited: https://en.wikipedia.org/w/api.php?format=json&action=query&list=categorymembers&cmtitle=Category)
    skip category (HTTP 429 rate limited: https://en.wikipedia.org/w/api.php?format=json&action=query&list=categorymembers&cmtitle=Category)
    skip category (HTTP 429 rate limited: https://en.wikipedia.org/w/api.php?format=json&action=query&list=categorymembers&cmtitle=Category)
    skip category (HTTP 429 rate limited: https://en.wikipedia.org/w/api.php?format=json&action=query&list=categorymembers&cmtitle=Category)
    skip category (HTTP 429 rate limited: https://en.wikipedia.org/w/api.php?format=json&action=query&list=categorymembers&cmtitle=Category)
    skip category (HTTP 429 rate limited: https://en.wikipedia.org/w/api.php?format=json&action=query&list=categorymembers&cmtitle=Category)
    skip category (HTTP 429 rate limited: https://en.wikipedia.org/w/api.php?format=json&action=query&list=categorymembers&cmtitle=Category)
    skip category (HTTP 429 rate limited: https://en.wikipedia.org/w/api.php?format=json&action=query&list=categorymembers&cmtitle=Category)
    skip category (HTTP 429 rate limited: https://en.wikipedia.org/w/api.php?format=json&action=query&list=categorymembers&cmtitle=Category)
    skip category (HTTP 429 rate limited: https://en.wikipedia.org/w/api.php?format=json&action=query&list=categorymembers&cmtitle=Category)
    skip category (HTTP 429 rate limited: https://en.wikipedia.org/w/api.php?format=json&action=query&list=categorymembers&cmtitle=Category)
    skip category (HTTP 429 rate limited: https://en.wikipedia.org/w/api.php?format=json&action=query&list=categorymembers&cmtitle=Category)
    skip category (HTTP 429 rate limited: https://en.wikipedia.org/w/api.php?format=json&action=query&list=categorymembers&cmtitle=Category)
    skip category (HTTP 429 rate limited: https://en.wikipedia.org/w/api.php?format=json&action=query&list=categorymembers&cmtitle=Category)
    skip category (HTTP 429 rate limited: https://en.wikipedia.org/w/api.php?format=json&action=query&list=categorymembers&cmtitle=Category)
    skip category (HTTP 429 rate limited: https://en.wikipedia.org/w/api.php?format=json&action=query&list=categorymembers&cmtitle=Category)
    skip category (HTTP 429 rate limited: https://en.wikipedia.org/w/api.php?format=json&action=query&list=categorymembers&cmtitle=Category)
    skip category (HTTP 429 rate limited: https://en.wikipedia.org/w/api.php?format=json&action=query&list=categorymembers&cmtitle=Category)
    skip category (HTTP 429 rate limited: https://en.wikipedia.org/w/api.php?format=json&action=query&list=categorymembers&cmtitle=Category)
    skip category (HTTP 429 rate limited: https://en.wikipedia.org/w/api.php?format=json&action=query&list=categorymembers&cmtitle=Category)
    skip category (HTTP 429 rate limited: https://en.wikipedia.org/w/api.php?format=json&action=query&list=categorymembers&cmtitle=Category)
    skip category (HTTP 429 rate limited: https://en.wikipedia.org/w/api.php?format=json&action=query&list=categorymembers&cmtitle=Category)
    skip category (HTTP 429 rate limited: https://en.wikipedia.org/w/api.php?format=json&action=query&list=categorymembers&cmtitle=Category)
    skip category (HTTP 429 rate limited: https://en.wikipedia.org/w/api.php?format=json&action=query&list=categorymembers&cmtitle=Category)
    skip category (HTTP 429 rate limited: https://en.wikipedia.org/w/api.php?format=json&action=query&list=categorymembers&cmtitle=Category)
    skip category (HTTP 429 rate limited: https://en.wikipedia.org/w/api.php?format=json&action=query&list=categorymembers&cmtitle=Category)
    skip category (HTTP 429 rate limited: https://en.wikipedia.org/w/api.php?format=json&action=query&list=categorymembers&cmtitle=Category)
    skip category (HTTP 429 rate limited: https://en.wikipedia.org/w/api.php?format=json&action=query&list=categorymembers&cmtitle=Category)
    skip category (HTTP 429 rate limited: https://en.wikipedia.org/w/api.php?format=json&action=query&list=categorymembers&cmtitle=Category)
    skip category (HTTP 429 rate limited: https://en.wikipedia.org/w/api.php?format=json&action=query&list=categorymembers&cmtitle=Category)
    skip category (HTTP 429 rate limited: https://en.wikipedia.org/w/api.php?format=json&action=query&list=categorymembers&cmtitle=Category)
    skip category (HTTP 429 rate limited: https://en.wikipedia.org/w/api.php?format=json&action=query&list=categorymembers&cmtitle=Category)
    skip category (HTTP 429 rate limited: https://en.wikipedia.org/w/api.php?format=json&action=query&list=categorymembers&cmtitle=Category)
    skip category (HTTP 429 rate limited: https://en.wikipedia.org/w/api.php?format=json&action=query&list=categorymembers&cmtitle=Category)
    skip category (HTTP 429 rate limited: https://en.wikipedia.org/w/api.php?format=json&action=query&list=categorymembers&cmtitle=Category)
    skip category (HTTP 429 rate limited: https://en.wikipedia.org/w/api.php?format=json&action=query&list=categorymembers&cmtitle=Category)
    skip category (HTTP 429 rate limited: https://en.wikipedia.org/w/api.php?format=json&action=query&list=categorymembers&cmtitle=Category)
    skip category (HTTP 429 rate limited: https://en.wikipedia.org/w/api.php?format=json&action=query&list=categorymembers&cmtitle=Category)
    skip category (HTTP 429 rate limited: https://en.wikipedia.org/w/api.php?format=json&action=query&list=categorymembers&cmtitle=Category)
    skip category (HTTP 429 rate limited: https://en.wikipedia.org/w/api.php?format=json&action=query&list=categorymembers&cmtitle=Category)
    skip category (HTTP 429 rate limited: https://en.wikipedia.org/w/api.php?format=json&action=query&list=categorymembers&cmtitle=Category)
    skip category (HTTP 429 rate limited: https://en.wikipedia.org/w/api.php?format=json&action=query&list=categorymembers&cmtitle=Category)
    skip category (HTTP 429 rate limited: https://en.wikipedia.org/w/api.php?format=json&action=query&list=categorymembers&cmtitle=Category)
    skip category (HTTP 429 rate limited: https://en.wikipedia.org/w/api.php?format=json&action=query&list=categorymembers&cmtitle=Category)
    skip category (HTTP 429 rate limited: https://en.wikipedia.org/w/api.php?format=json&action=query&list=categorymembers&cmtitle=Category)
    skip category (HTTP 429 rate limited: https://en.wikipedia.org/w/api.php?format=json&action=query&list=categorymembers&cmtitle=Category)
    skip category (HTTP 429 rate limited: https://en.wikipedia.org/w/api.php?format=json&action=query&list=categorymembers&cmtitle=Category)
    skip category (HTTP 429 rate limited: https://en.wikipedia.org/w/api.php?format=json&action=query&list=categorymembers&cmtitle=Category)
    skip category (HTTP 429 rate limited: https://en.wikipedia.org/w/api.php?format=json&action=query&list=categorymembers&cmtitle=Category)
    skip category (HTTP 429 rate limited: https://en.wikipedia.org/w/api.php?format=json&action=query&list=categorymembers&cmtitle=Category)
    skip category (HTTP 429 rate limited: https://en.wikipedia.org/w/api.php?format=json&action=query&list=categorymembers&cmtitle=Category)
    skip category (HTTP 429 rate limited: https://en.wikipedia.org/w/api.php?format=json&action=query&list=categorymembers&cmtitle=Category)
    skip category (HTTP 429 rate limited: https://en.wikipedia.org/w/api.php?format=json&action=query&list=categorymembers&cmtitle=Category)
    skip category (HTTP 429 rate limited: https://en.wikipedia.org/w/api.php?format=json&action=query&list=categorymembers&cmtitle=Category)
    skip category (HTTP 429 rate limited: https://en.wikipedia.org/w/api.php?format=json&action=query&list=categorymembers&cmtitle=Category)
    skip category (HTTP 429 rate limited: https://en.wikipedia.org/w/api.php?format=json&action=query&list=categorymembers&cmtitle=Category)
    skip category (HTTP 429 rate limited: https://en.wikipedia.org/w/api.php?format=json&action=query&list=categorymembers&cmtitle=Category)
    skip category (HTTP 429 rate limited: https://en.wikipedia.org/w/api.php?format=json&action=query&list=categorymembers&cmtitle=Category)
    skip category (HTTP 429 rate limited: https://en.wikipedia.org/w/api.php?format=json&action=query&list=categorymembers&cmtitle=Category)
    skip category (HTTP 429 rate limited: https://en.wikipedia.org/w/api.php?format=json&action=query&list=categorymembers&cmtitle=Category)
    skip category (HTTP 429 rate limited: https://en.wikipedia.org/w/api.php?format=json&action=query&list=categorymembers&cmtitle=Category)
    skip category (HTTP 429 rate limited: https://en.wikipedia.org/w/api.php?format=json&action=query&list=categorymembers&cmtitle=Category)
    skip category (HTTP 429 rate limited: https://en.wikipedia.org/w/api.php?format=json&action=query&list=categorymembers&cmtitle=Category)
    skip category (HTTP 429 rate limited: https://en.wikipedia.org/w/api.php?format=json&action=query&list=categorymembers&cmtitle=Category)
    skip category (HTTP 429 rate limited: https://en.wikipedia.org/w/api.php?format=json&action=query&list=categorymembers&cmtitle=Category)
    skip category (HTTP 429 rate limited: https://en.wikipedia.org/w/api.php?format=json&action=query&list=categorymembers&cmtitle=Category)
    skip category (HTTP 429 rate limited: https://en.wikipedia.org/w/api.php?format=json&action=query&list=categorymembers&cmtitle=Category)
    skip category (HTTP 429 rate limited: https://en.wikipedia.org/w/api.php?format=json&action=query&list=categorymembers&cmtitle=Category)
    skip category (HTTP 429 rate limited: https://en.wikipedia.org/w/api.php?format=json&action=query&list=categorymembers&cmtitle=Category)
    skip category (HTTP 429 rate limited: https://en.wikipedia.org/w/api.php?format=json&action=query&list=categorymembers&cmtitle=Category)
    skip category (HTTP 429 rate limited: https://en.wikipedia.org/w/api.php?format=json&action=query&list=categorymembers&cmtitle=Category)
    skip category (HTTP 429 rate limited: https://en.wikipedia.org/w/api.php?format=json&action=query&list=categorymembers&cmtitle=Category)
    skip category (HTTP 429 rate limited: https://en.wikipedia.org/w/api.php?format=json&action=query&list=categorymembers&cmtitle=Category)
    skip category (HTTP 429 rate limited: https://en.wikipedia.org/w/api.php?format=json&action=query&list=categorymembers&cmtitle=Category)
    skip category (HTTP 429 rate limited: https://en.wikipedia.org/w/api.php?format=json&action=query&list=categorymembers&cmtitle=Category)
    skip category (HTTP 429 rate limited: https://en.wikipedia.org/w/api.php?format=json&action=query&list=categorymembers&cmtitle=Category)
    skip category (HTTP 429 rate limited: https://en.wikipedia.org/w/api.php?format=json&action=query&list=categorymembers&cmtitle=Category)
    skip category (HTTP 429 rate limited: https://en.wikipedia.org/w/api.php?format=json&action=query&list=categorymembers&cmtitle=Category)
    skip category (HTTP 429 rate limited: https://en.wikipedia.org/w/api.php?format=json&action=query&list=categorymembers&cmtitle=Category)
    skip category (HTTP 429 rate limited: https://en.wikipedia.org/w/api.php?format=json&action=query&list=categorymembers&cmtitle=Category)
    skip category (HTTP 429 rate limited: https://en.wikipedia.org/w/api.php?format=json&action=query&list=categorymembers&cmtitle=Category)
    skip category (HTTP 429 rate limited: https://en.wikipedia.org/w/api.php?format=json&action=query&list=categorymembers&cmtitle=Category)
    skip category (HTTP 429 rate limited: https://en.wikipedia.org/w/api.php?format=json&action=query&list=categorymembers&cmtitle=Category)
    skip category (HTTP 429 rate limited: https://en.wikipedia.org/w/api.php?format=json&action=query&list=categorymembers&cmtitle=Category)
    skip category (HTTP 429 rate limited: https://en.wikipedia.org/w/api.php?format=json&action=query&list=categorymembers&cmtitle=Category)
    skip category (HTTP 429 rate limited: https://en.wikipedia.org/w/api.php?format=json&action=query&list=categorymembers&cmtitle=Category)
    skip category (HTTP 429 rate limited: https://en.wikipedia.org/w/api.php?format=json&action=query&list=categorymembers&cmtitle=Category)
  [rich] Fandom batch failed: HTTP 429 rate limited: https://en.wikipedia.org/w/api.php?format=json&action=query&titles=Cardfight%21%21+Vanguard+entry+22%7CCardfight%21%21+Vanguard+entry+23%7CCardfight%21%21+Vanguard+entry+24&redirects=1&prop=revisions&rvprop=content&rvslots=main
  [rich] Wikipedia batch failed: HTTP 429 for https://en.wikipedia.org/w/api.php?action=query&format=json&origin=*&titles=Cardfight%21%21+Vanguard+figures%7CCardfight%21%21+Vanguard+world+%26+context%7CCardfight%21%21+Vanguard+places%7CCardfight%21%21+Vanguard+events%7CCardfight%21%21+Vanguard+objects+%26+artifacts%7CCardfight%21%21+Vanguard+factions+%26+groups%7CCardfight%21%21+Vanguard+concepts%7CCardfight%21%21+Vanguard+eras%7CCardfight%21%21+Vanguard+works+%26+media%7CCardfight%21%21+Vanguard+symbols%7CCardfight%21%21+Vanguard+controversies%7CCardfight%21%21+Vanguard+sources&redirects=1&prop=extracts&explaintext=1&exintro=1&exlimit=max: You are making too many requests to the API.
Please follow the best practices at <https://www.mediawiki.org/wiki/Wikimedia_APIs/Rate_limits>.
If you are unsure how to get the access you need, contact 
  [rich] Wikipedia batch failed: HTTP 429 for https://en.wikipedia.org/w/api.php?action=query&format=json&origin=*&titles=Cardfight%21%21+Vanguard+figures%7CCardfight%21%21+Vanguard+world+%26+context%7CCardfight%21%21+Vanguard+places%7CCardfight%21%21+Vanguard+events%7CCardfight%21%21+Vanguard+objects+%26+artifacts%7CCardfight%21%21+Vanguard+factions+%26+groups%7CCardfight%21%21+Vanguard+concepts%7CCardfight%21%21+Vanguard+eras%7CCardfight%21%21+Vanguard+works+%26+media%7CCardfight%21%21+Vanguard+symbols%7CCardfight%21%21+Vanguard+controversies%7CCardfight%21%21+Vanguard+sources&redirects=1&prop=extracts&explaintext=1&exintro=1&exlimit=max: You are making too many requests to the API.
Please follow the best practices at <https://www.mediawiki.org/wiki/Wikimedia_APIs/Rate_limits>.
If you are unsure how to get the access you need, contact 
  [rich] Wikipedia batch failed: HTTP 429 for https://en.wikipedia.org/w/api.php?action=query&format=json&origin=*&titles=Cardfight%21%21+Vanguard+figures%7CCardfight%21%21+Vanguard+world+%26+context%7CCardfight%21%21+Vanguard+places%7CCardfight%21%21+Vanguard+events%7CCardfight%21%21+Vanguard+objects+%26+artifacts%7CCardfight%21%21+Vanguard+factions+%26+groups%7CCardfight%21%21+Vanguard+concepts%7CCardfight%21%21+Vanguard+eras%7CCardfight%21%21+Vanguard+works+%26+media%7CCardfight%21%21+Vanguard+symbols%7CCardfight%21%21+Vanguard+controversies%7CCardfight%21%21+Vanguard+sources&redirects=1&prop=extracts&explaintext=1&exintro=1&exlimit=max: You are making too many requests to the API.
Please follow the best practices at <https://www.mediawiki.org/wiki/Wikimedia_APIs/Rate_limits>.
If you are unsure how to get the access you need, contact 
  [rich] Wikipedia batch failed: HTTP 429 for https://en.wikipedia.org/w/api.php?action=query&format=json&origin=*&titles=Cardfight%21%21+Vanguard+figures%7CCardfight%21%21+Vanguard+world+%26+context%7CCardfight%21%21+Vanguard+places%7CCardfight%21%21+Vanguard+events%7CCardfight%21%21+Vanguard+objects+%26+artifacts%7CCardfight%21%21+Vanguard+factions+%26+groups%7CCardfight%21%21+Vanguard+concepts%7CCardfight%21%21+Vanguard+eras%7CCardfight%21%21+Vanguard+works+%26+media%7CCardfight%21%21+Vanguard+symbols%7CCardfight%21%21+Vanguard+controversies%7CCardfight%21%21+Vanguard+sources&redirects=1&prop=extracts&explaintext=1&exintro=1&exlimit=max: You are making too many requests to the API.
Please follow the best practices at <https://www.mediawiki.org/wiki/Wikimedia_APIs/Rate_limits>.
If you are unsure how to get the access you need, contact 
  [rich] Wikipedia batch failed: HTTP 429 for https://en.wikipedia.org/w/api.php?action=query&format=json&origin=*&titles=Cardfight%21%21+Vanguard+geography%7CCardfight%21%21+Vanguard+legacy%7CCardfight%21%21+Vanguard+practices%7CCardfight%21%21+Vanguard+entry+1%7CCardfight%21%21+Vanguard+entry+2%7CCardfight%21%21+Vanguard+entry+3%7CCardfight%21%21+Vanguard+entry+4%7CCardfight%21%21+Vanguard+entry+5%7CCardfight%21%21+Vanguard+entry+6%7CCardfight%21%21+Vanguard+entry+7%7CCardfight%21%21+Vanguard+entry+8%7CCardfight%21%21+Vanguard+entry+9&redirects=1&prop=extracts&explaintext=1&exintro=1&exlimit=max: You are making too many requests to the API.
Please follow the best practices at <https://www.mediawiki.org/wiki/Wikimedia_APIs/Rate_limits>.
If you are unsure how to get the access you need, contact 
    skip category (HTTP 429 rate limited: https://en.wikipedia.org/w/api.php?format=json&action=query&list=categorymembers&cmtitle=Category)
    skip category (HTTP 429 rate limited: https://en.wikipedia.org/w/api.php?format=json&action=query&list=categorymembers&cmtitle=Category)
    skip category (HTTP 429 rate limited: https://en.wikipedia.org/w/api.php?format=json&action=query&list=categorymembers&cmtitle=Category)
    skip category (HTTP 429 rate limited: https://en.wikipedia.org/w/api.php?format=json&action=query&list=categorymembers&cmtitle=Category)
    skip category (HTTP 429 rate limited: https://en.wikipedia.org/w/api.php?format=json&action=query&list=categorymembers&cmtitle=Category)
    skip category (HTTP 429 rate limited: https://en.wikipedia.org/w/api.php?format=json&action=query&list=categorymembers&cmtitle=Category)
    skip category (HTTP 429 rate limited: https://en.wikipedia.org/w/api.php?format=json&action=query&list=categorymembers&cmtitle=Category)
    skip category (HTTP 429 rate limited: https://en.wikipedia.org/w/api.php?format=json&action=query&list=categorymembers&cmtitle=Category)
    skip category (HTTP 429 rate limited: https://en.wikipedia.org/w/api.php?format=json&action=query&list=categorymembers&cmtitle=Category)
    skip category (HTTP 429 rate limited: https://en.wikipedia.org/w/api.php?format=json&action=query&list=categorymembers&cmtitle=Category)
    skip category (HTTP 429 rate limited: https://en.wikipedia.org/w/api.php?format=json&action=query&list=categorymembers&cmtitle=Category)
    skip category (HTTP 429 rate limited: https://en.wikipedia.org/w/api.php?format=json&action=query&list=categorymembers&cmtitle=Category)
    skip category (HTTP 429 rate limited: https://en.wikipedia.org/w/api.php?format=json&action=query&list=categorymembers&cmtitle=Category)
    skip category (HTTP 429 rate limited: https://en.wikipedia.org/w/api.php?format=json&action=query&list=categorymembers&cmtitle=Category)
    skip category (HTTP 429 rate limited: https://en.wikipedia.org/w/api.php?format=json&action=query&list=categorymembers&cmtitle=Category)
    skip category (HTTP 429 rate limited: https://en.wikipedia.org/w/api.php?format=json&action=query&list=categorymembers&cmtitle=Category)
    skip category (HTTP 429 rate limited: https://en.wikipedia.org/w/api.php?format=json&action=query&list=categorymembers&cmtitle=Category)
    skip category (HTTP 429 rate limited: https://en.wikipedia.org/w/api.php?format=json&action=query&list=categorymembers&cmtitle=Category)
    skip category (HTTP 429 rate limited: https://en.wikipedia.org/w/api.php?format=json&action=query&list=categorymembers&cmtitle=Category)
    skip category (HTTP 429 rate limited: https://en.wikipedia.org/w/api.php?format=json&action=query&list=categorymembers&cmtitle=Category)
    skip category (HTTP 429 rate limited: https://en.wikipedia.org/w/api.php?format=json&action=query&list=categorymembers&cmtitle=Category)
    skip category (HTTP 429 rate limited: https://en.wikipedia.org/w/api.php?format=json&action=query&list=categorymembers&cmtitle=Category)
    skip category (HTTP 429 rate limited: https://en.wikipedia.org/w/api.php?format=json&action=query&list=categorymembers&cmtitle=Category)
    skip category (HTTP 429 rate limited: https://en.wikipedia.org/w/api.php?format=json&action=query&list=categorymembers&cmtitle=Category)
    skip category (HTTP 429 rate limited: https://en.wikipedia.org/w/api.php?format=json&action=query&list=categorymembers&cmtitle=Category)
    skip category (HTTP 429 rate limited: https://en.wikipedia.org/w/api.php?format=json&action=query&list=categorymembers&cmtitle=Category)
    skip category (HTTP 429 rate limited: https://en.wikipedia.org/w/api.php?format=json&action=query&list=categorymembers&cmtitle=Category)
    skip category (HTTP 429 rate limited: https://en.wikipedia.org/w/api.php?format=json&action=query&list=categorymembers&cmtitle=Category)
    skip category (HTTP 429 rate limited: https://en.wikipedia.org/w/api.php?format=json&action=query&list=categorymembers&cmtitle=Category)
    skip category (HTTP 429 rate limited: https://en.wikipedia.org/w/api.php?format=json&action=query&list=categorymembers&cmtitle=Category)
    skip category (HTTP 429 rate limited: https://en.wikipedia.org/w/api.php?format=json&action=query&list=categorymembers&cmtitle=Category)
    skip category (HTTP 429 rate limited: https://en.wikipedia.org/w/api.php?format=json&action=query&list=categorymembers&cmtitle=Category)
    skip category (HTTP 429 rate limited: https://en.wikipedia.org/w/api.php?format=json&action=query&list=categorymembers&cmtitle=Category)
    skip category (HTTP 429 rate limited: https://en.wikipedia.org/w/api.php?format=json&action=query&list=categorymembers&cmtitle=Category)
    skip category (HTTP 429 rate limited: https://en.wikipedia.org/w/api.php?format=json&action=query&list=categorymembers&cmtitle=Category)
  [rich] Wikipedia batch failed: HTTP 429 for https://en.wikipedia.org/w/api.php?action=query&format=json&origin=*&titles=Aamaarazan&redirects=1&prop=extracts&explaintext=1&exintro=1&exlimit=max: You are making too many requests to the API.
Please follow the best practices at <https://www.mediawiki.org/wiki/Wikimedia_APIs/Rate_limits>.
If you are unsure how to get the access you need, contact 
  [rich] Wikipedia batch failed: HTTP 429 for https://en.wikipedia.org/w/api.php?action=query&format=json&origin=*&titles=Aamaarazan&redirects=1&prop=extracts&explaintext=1&exintro=1&exlimit=max: You are making too many requests to the API.
Please follow the best practices at <https://www.mediawiki.org/wiki/Wikimedia_APIs/Rate_limits>.
If you are unsure how to get the access you need, contact 
  [rich] Wikipedia batch failed: HTTP 429 for https://en.wikipedia.org/w/api.php?action=query&format=json&origin=*&titles=Aamaarazan&redirects=1&prop=extracts&explaintext=1&exintro=1&exlimit=max: You are making too many requests to the API.
Please follow the best practices at <https://www.mediawiki.org/wiki/Wikimedia_APIs/Rate_limits>.
If you are unsure how to get the access you need, contact 
  [rich] Wikipedia batch failed: HTTP 429 for https://en.wikipedia.org/w/api.php?action=query&format=json&origin=*&titles=Aamaarazan&redirects=1&prop=extracts&explaintext=1&exintro=1&exlimit=max: You are making too many requests to the API.
Please follow the best practices at <https://www.mediawiki.org/wiki/Wikimedia_APIs/Rate_limits>.
If you are unsure how to get the access you need, contact 
[grow] tick failed for star-trek/Species: UNKNOWN: unknown error, open 'C:\Users\tknvrs\tonolore\tonolore\scripts\subjects\star-trek\expanded.json'
    skip category (HTTP 404 for https://wwe.fandom.com/api.php?format=json&action=query&list=categorymembers&cmtitle=Category%3AWWE+wrestle)
    skip category (HTTP 404 for https://wwe.fandom.com/api.php?format=json&action=query&list=categorymembers&cmtitle=Category%3AFormer+WWE+)
    skip category (HTTP 404 for https://wwe.fandom.com/api.php?format=json&action=query&list=categorymembers&cmtitle=Category%3AWWE+champio)
    skip category (HTTP 404 for https://wwe.fandom.com/api.php?format=json&action=query&list=categorymembers&cmtitle=Category%3AWWE+pay-per)
    skip category (HTTP 404 for https://egyptian-mythology.fandom.com/api.php?format=json&action=query&list=categorymembers&cmtitle=Categor)
    skip category (HTTP 404 for https://egyptian-mythology.fandom.com/api.php?format=json&action=query&list=categorymembers&cmtitle=Categor)
  [rich] Wikipedia batch failed: HTTP 429 for https://en.wikipedia.org/w/api.php?action=query&format=json&origin=*&titles=Jazeman+Jaafar&redirects=1&prop=extracts&explaintext=1&exintro=1&exlimit=max: You are making too many requests to the API.
Please follow the best practices at <https://www.mediawiki.org/wiki/Wikimedia_APIs/Rate_limits>.
If you are unsure how to get the access you need, contact 
  [rich] Wikipedia batch failed: HTTP 429 for https://en.wikipedia.org/w/api.php?action=query&format=json&origin=*&titles=White+Tiger+Ridge&redirects=1&prop=extracts&explaintext=1&exintro=1&exlimit=max: You are making too many requests to the API.
Please follow the best practices at <https://www.mediawiki.org/wiki/Wikimedia_APIs/Rate_limits>.
If you are unsure how to get the access you need, contact 
[grow] tick failed for harry-potter/Spells: UNKNOWN: unknown error, open 'C:\Users\tknvrs\tonolore\tonolore\scripts\subjects\harry-potter\expanded.json'
[grow] tick failed for harry-potter/Objects: UNKNOWN: unknown error, open 'C:\Users\tknvrs\tonolore\tonolore\scripts\subjects\harry-potter\expanded.json'
  [rich] Wikipedia batch failed: HTTP 429 for https://en.wikipedia.org/w/api.php?action=query&format=json&origin=*&titles=Cianwood+Greens%7CPok%C3%A9mon+Video+Games%7CPok%C3%A9mon+Movies&redirects=1&prop=extracts&explaintext=1&exintro=1&exlimit=max: You are making too many requests to the API.
Please follow the best practices at <https://www.mediawiki.org/wiki/Wikimedia_APIs/Rate_limits>.
If you are unsure how to get the access you need, contact 
  [rich] Wikipedia batch failed: HTTP 429 for https://en.wikipedia.org/w/api.php?action=query&format=json&origin=*&titles=Cianwood+Greens%7CPok%C3%A9mon+Video+Games%7CPok%C3%A9mon+Movies&redirects=1&prop=extracts&explaintext=1&exintro=1&exlimit=max: You are making too many requests to the API.
Please follow the best practices at <https://www.mediawiki.org/wiki/Wikimedia_APIs/Rate_limits>.
If you are unsure how to get the access you need, contact 
  [rich] Wikipedia batch failed: HTTP 429 for https://en.wikipedia.org/w/api.php?action=query&format=json&origin=*&titles=Middle-earth+Books%7CMiddle-earth+Movies&redirects=1&prop=extracts&explaintext=1&exintro=1&exlimit=max: You are making too many requests to the API.
Please follow the best practices at <https://www.mediawiki.org/wiki/Wikimedia_APIs/Rate_limits>.
If you are unsure how to get the access you need, contact 
  [rich] Wikipedia batch failed: HTTP 429 for https://en.wikipedia.org/w/api.php?action=query&format=json&origin=*&titles=Middle-earth+Books%7CMiddle-earth+Movies&redirects=1&prop=extracts&explaintext=1&exintro=1&exlimit=max: You are making too many requests to the API.
Please follow the best practices at <https://www.mediawiki.org/wiki/Wikimedia_APIs/Rate_limits>.
If you are unsure how to get the access you need, contact 
  [rich] Wikipedia batch failed: HTTP 429 for https://en.wikipedia.org/w/api.php?action=query&format=json&origin=*&titles=Middle-earth+Books%7CMiddle-earth+Movies&redirects=1&prop=extracts&explaintext=1&exintro=1&exlimit=max: You are making too many requests to the API.
Please follow the best practices at <https://www.mediawiki.org/wiki/Wikimedia_APIs/Rate_limits>.
If you are unsure how to get the access you need, contact 
  [rich] Wikipedia batch failed: HTTP 429 for https://en.wikipedia.org/w/api.php?action=query&format=json&origin=*&titles=Middle-earth+Books%7CMiddle-earth+Movies&redirects=1&prop=extracts&explaintext=1&exintro=1&exlimit=max: You are making too many requests to the API.
Please follow the best practices at <https://www.mediawiki.org/wiki/Wikimedia_APIs/Rate_limits>.
If you are unsure how to get the access you need, contact 
  [rich] Wikipedia batch failed: HTTP 429 for https://en.wikipedia.org/w/api.php?action=query&format=json&origin=*&titles=Middle-earth+Books%7CMiddle-earth+Movies&redirects=1&prop=extracts&explaintext=1&exintro=1&exlimit=max: You are making too many requests to the API.
Please follow the best practices at <https://www.mediawiki.org/wiki/Wikimedia_APIs/Rate_limits>.
If you are unsure how to get the access you need, contact 
  [rich] Wikipedia batch failed: HTTP 429 for https://en.wikipedia.org/w/api.php?action=query&format=json&origin=*&titles=Middle-earth+Books%7CMiddle-earth+Movies&redirects=1&prop=extracts&explaintext=1&exintro=1&exlimit=max: You are making too many requests to the API.
Please follow the best practices at <https://www.mediawiki.org/wiki/Wikimedia_APIs/Rate_limits>.
If you are unsure how to get the access you need, contact 
  [rich] Wikipedia batch failed: HTTP 429 for https://en.wikipedia.org/w/api.php?action=query&format=json&origin=*&titles=Dragon+Ball+Manga%7CDragon+Ball+Anime%7CDragon+Ball+Movies%7CDragon+Ball+Card+Games%7CDragon+Ball+Super+Card+Game&redirects=1&prop=extracts&explaintext=1&exintro=1&exlimit=max: You are making too many requests to the API.
Please follow the best practices at <https://www.mediawiki.org/wiki/Wikimedia_APIs/Rate_limits>.
If you are unsure how to get the access you need, contact 
  [rich] Wikipedia batch failed: HTTP 429 for https://en.wikipedia.org/w/api.php?action=query&format=json&origin=*&titles=Dragon+Ball+Manga%7CDragon+Ball+Anime%7CDragon+Ball+Movies%7CDragon+Ball+Card+Games%7CDragon+Ball+Super+Card+Game&redirects=1&prop=extracts&explaintext=1&exintro=1&exlimit=max: You are making too many requests to the API.
Please follow the best practices at <https://www.mediawiki.org/wiki/Wikimedia_APIs/Rate_limits>.
If you are unsure how to get the access you need, contact 
  [rich] Wikipedia batch failed: HTTP 429 for https://en.wikipedia.org/w/api.php?action=query&format=json&origin=*&titles=Dragon+Ball+Manga%7CDragon+Ball+Anime%7CDragon+Ball+Movies%7CDragon+Ball+Card+Games%7CDragon+Ball+Super+Card+Game&redirects=1&prop=extracts&explaintext=1&exintro=1&exlimit=max: You are making too many requests to the API.
Please follow the best practices at <https://www.mediawiki.org/wiki/Wikimedia_APIs/Rate_limits>.
If you are unsure how to get the access you need, contact 
  [rich] Wikipedia batch failed: HTTP 429 for https://en.wikipedia.org/w/api.php?action=query&format=json&origin=*&titles=10x+Kamehameha+Ball%7CDragon+Ball+Manga%7CDragon+Ball+Anime%7CDragon+Ball+Movies%7CDragon+Ball+Card+Games%7CDragon+Ball+Super+Card+Game&redirects=1&prop=extracts&explaintext=1&exintro=1&exlimit=max: You are making too many requests to the API.
Please follow the best practices at <https://www.mediawiki.org/wiki/Wikimedia_APIs/Rate_limits>.
If you are unsure how to get the access you need, contact 
  [rich] Wikipedia batch failed: HTTP 429 for https://en.wikipedia.org/w/api.php?action=query&format=json&origin=*&titles=10x+Kamehameha+Ball%7CDragon+Ball+Manga%7CDragon+Ball+Anime%7CDragon+Ball+Movies%7CDragon+Ball+Card+Games%7CDragon+Ball+Super+Card+Game&redirects=1&prop=extracts&explaintext=1&exintro=1&exlimit=max: You are making too many requests to the API.
Please follow the best practices at <https://www.mediawiki.org/wiki/Wikimedia_APIs/Rate_limits>.
If you are unsure how to get the access you need, contact 
  [rich] Wikipedia batch failed: HTTP 429 for https://en.wikipedia.org/w/api.php?action=query&format=json&origin=*&titles=10x+Kamehameha+Ball%7CDragon+Ball+Manga%7CDragon+Ball+Anime%7CDragon+Ball+Movies%7CDragon+Ball+Card+Games%7CDragon+Ball+Super+Card+Game&redirects=1&prop=extracts&explaintext=1&exintro=1&exlimit=max: You are making too many requests to the API.
Please follow the best practices at <https://www.mediawiki.org/wiki/Wikimedia_APIs/Rate_limits>.
If you are unsure how to get the access you need, contact 
  [rich] Wikipedia batch failed: HTTP 429 for https://en.wikipedia.org/w/api.php?action=query&format=json&origin=*&titles=10x+Kamehameha+Ball%7CDragon+Ball+Manga%7CDragon+Ball+Anime%7CDragon+Ball+Movies%7CDragon+Ball+Card+Games%7CDragon+Ball+Super+Card+Game&redirects=1&prop=extracts&explaintext=1&exintro=1&exlimit=max: You are making too many requests to the API.
Please follow the best practices at <https://www.mediawiki.org/wiki/Wikimedia_APIs/Rate_limits>.
If you are unsure how to get the access you need, contact 
  [rich] Wikipedia batch failed: HTTP 429 for https://en.wikipedia.org/w/api.php?action=query&format=json&origin=*&titles=Dragon+Ball+Manga%7CDragon+Ball+Anime%7CDragon+Ball+Movies%7CDragon+Ball+Card+Games%7CDragon+Ball+Super+Card+Game&redirects=1&prop=extracts&explaintext=1&exintro=1&exlimit=max: You are making too many requests to the API.
Please follow the best practices at <https://www.mediawiki.org/wiki/Wikimedia_APIs/Rate_limits>.
If you are unsure how to get the access you need, contact 
  [rich] Wikipedia batch failed: HTTP 429 for https://en.wikipedia.org/w/api.php?action=query&format=json&origin=*&titles=Dragon+Ball+Manga%7CDragon+Ball+Anime%7CDragon+Ball+Movies%7CDragon+Ball+Card+Games%7CDragon+Ball+Super+Card+Game&redirects=1&prop=extracts&explaintext=1&exintro=1&exlimit=max: You are making too many requests to the API.
Please follow the best practices at <https://www.mediawiki.org/wiki/Wikimedia_APIs/Rate_limits>.
If you are unsure how to get the access you need, contact 
  [rich] Wikipedia batch failed: HTTP 429 for https://en.wikipedia.org/w/api.php?action=query&format=json&origin=*&titles=The+Wheel+of+Time+Books%7CThe+Wheel+of+Time+Television&redirects=1&prop=extracts&explaintext=1&exintro=1&exlimit=max: You are making too many requests to the API.
Please follow the best practices at <https://www.mediawiki.org/wiki/Wikimedia_APIs/Rate_limits>.
If you are unsure how to get the access you need, contact 
  [rich] Wikipedia batch failed: HTTP 429 for https://en.wikipedia.org/w/api.php?action=query&format=json&origin=*&titles=The+Wheel+of+Time+Books%7CThe+Wheel+of+Time+Television&redirects=1&prop=extracts&explaintext=1&exintro=1&exlimit=max: You are making too many requests to the API.
Please follow the best practices at <https://www.mediawiki.org/wiki/Wikimedia_APIs/Rate_limits>.
If you are unsure how to get the access you need, contact 
  [rich] Wikipedia batch failed: HTTP 429 for https://en.wikipedia.org/w/api.php?action=query&format=json&origin=*&titles=The+Wheel+of+Time+Books%7CThe+Wheel+of+Time+Television&redirects=1&prop=extracts&explaintext=1&exintro=1&exlimit=max: You are making too many requests to the API.
Please follow the best practices at <https://www.mediawiki.org/wiki/Wikimedia_APIs/Rate_limits>.
If you are unsure how to get the access you need, contact 
  [rich] Wikipedia batch failed: HTTP 429 for https://en.wikipedia.org/w/api.php?action=query&format=json&origin=*&titles=The+Wheel+of+Time+Books%7CThe+Wheel+of+Time+Television&redirects=1&prop=extracts&explaintext=1&exintro=1&exlimit=max: You are making too many requests to the API.
Please follow the best practices at <https://www.mediawiki.org/wiki/Wikimedia_APIs/Rate_limits>.
If you are unsure how to get the access you need, contact 
  [rich] Wikipedia batch failed: HTTP 429 for https://en.wikipedia.org/w/api.php?action=query&format=json&origin=*&titles=The+Wheel+of+Time+Books%7CThe+Wheel+of+Time+Television&redirects=1&prop=extracts&explaintext=1&exintro=1&exlimit=max: You are making too many requests to the API.
Please follow the best practices at <https://www.mediawiki.org/wiki/Wikimedia_APIs/Rate_limits>.
If you are unsure how to get the access you need, contact 
  [rich] Wikipedia batch failed: HTTP 429 for https://en.wikipedia.org/w/api.php?action=query&format=json&origin=*&titles=The+Wheel+of+Time+Books%7CThe+Wheel+of+Time+Television&redirects=1&prop=extracts&explaintext=1&exintro=1&exlimit=max: You are making too many requests to the API.
Please follow the best practices at <https://www.mediawiki.org/wiki/Wikimedia_APIs/Rate_limits>.
If you are unsure how to get the access you need, contact 
  [rich] Wikipedia batch failed: HTTP 429 for https://en.wikipedia.org/w/api.php?action=query&format=json&origin=*&titles=The+Wheel+of+Time+Books%7CThe+Wheel+of+Time+Television&redirects=1&prop=extracts&explaintext=1&exintro=1&exlimit=max: You are making too many requests to the API.
Please follow the best practices at <https://www.mediawiki.org/wiki/Wikimedia_APIs/Rate_limits>.
If you are unsure how to get the access you need, contact 
    skip category (read ECONNRESET)
  [rich] Wikipedia batch failed: HTTP 429 for https://en.wikipedia.org/w/api.php?action=query&format=json&origin=*&titles=Marvel+Movies%7CIron+Man+%282008%29&redirects=1&prop=extracts&explaintext=1&exintro=1&exlimit=max: You are making too many requests to the API.
Please follow the best practices at <https://www.mediawiki.org/wiki/Wikimedia_APIs/Rate_limits>.
If you are unsure how to get the access you need, contact 
  [rich] Wikipedia batch failed: HTTP 429 for https://en.wikipedia.org/w/api.php?action=query&format=json&origin=*&titles=Marvel+Movies%7CIron+Man+%282008%29&redirects=1&prop=extracts&explaintext=1&exintro=1&exlimit=max: You are making too many requests to the API.
Please follow the best practices at <https://www.mediawiki.org/wiki/Wikimedia_APIs/Rate_limits>.
If you are unsure how to get the access you need, contact 
  [rich] Wikipedia batch failed: HTTP 429 for https://en.wikipedia.org/w/api.php?action=query&format=json&origin=*&titles=Marvel+Movies%7CIron+Man+%282008%29&redirects=1&prop=extracts&explaintext=1&exintro=1&exlimit=max: You are making too many requests to the API.
Please follow the best practices at <https://www.mediawiki.org/wiki/Wikimedia_APIs/Rate_limits>.
If you are unsure how to get the access you need, contact 
  [rich] Wikipedia batch failed: HTTP 429 for https://en.wikipedia.org/w/api.php?action=query&format=json&origin=*&titles=Marvel+Movies%7CIron+Man+%282008%29&redirects=1&prop=extracts&explaintext=1&exintro=1&exlimit=max: You are making too many requests to the API.
Please follow the best practices at <https://www.mediawiki.org/wiki/Wikimedia_APIs/Rate_limits>.
If you are unsure how to get the access you need, contact 
  [rich] Wikipedia batch failed: HTTP 429 for https://en.wikipedia.org/w/api.php?action=query&format=json&origin=*&titles=Marvel+Movies%7CIron+Man+%282008%29&redirects=1&prop=extracts&explaintext=1&exintro=1&exlimit=max: You are making too many requests to the API.
Please follow the best practices at <https://www.mediawiki.org/wiki/Wikimedia_APIs/Rate_limits>.
If you are unsure how to get the access you need, contact 
  [rich] Wikipedia batch failed: HTTP 429 for https://en.wikipedia.org/w/api.php?action=query&format=json&origin=*&titles=Marvel+Movies%7CIron+Man+%282008%29&redirects=1&prop=extracts&explaintext=1&exintro=1&exlimit=max: You are making too many requests to the API.
Please follow the best practices at <https://www.mediawiki.org/wiki/Wikimedia_APIs/Rate_limits>.
If you are unsure how to get the access you need, contact 
  [rich] Wikipedia batch failed: HTTP 429 for https://en.wikipedia.org/w/api.php?action=query&format=json&origin=*&titles=%27Field-Grapples%7CMarvel+Movies%7CIron+Man+%282008%29&redirects=1&prop=extracts&explaintext=1&exintro=1&exlimit=max: You are making too many requests to the API.
Please follow the best practices at <https://www.mediawiki.org/wiki/Wikimedia_APIs/Rate_limits>.
If you are unsure how to get the access you need, contact 
  [rich] Wikipedia batch failed: HTTP 429 for https://en.wikipedia.org/w/api.php?action=query&format=json&origin=*&titles=11th+Street+Kids+%28DC+Extended+Universe%29%7CDC+Movies&redirects=1&prop=extracts&explaintext=1&exintro=1&exlimit=max: You are making too many requests to the API.
Please follow the best practices at <https://www.mediawiki.org/wiki/Wikimedia_APIs/Rate_limits>.
If you are unsure how to get the access you need, contact 
  [rich] Wikipedia batch failed: HTTP 429 for https://en.wikipedia.org/w/api.php?action=query&format=json&origin=*&titles=11th+Street+Kids+%28DC+Extended+Universe%29%7CDC+Movies&redirects=1&prop=extracts&explaintext=1&exintro=1&exlimit=max: You are making too many requests to the API.
Please follow the best practices at <https://www.mediawiki.org/wiki/Wikimedia_APIs/Rate_limits>.
If you are unsure how to get the access you need, contact 
  [rich] Wikipedia batch failed: HTTP 429 for https://en.wikipedia.org/w/api.php?action=query&format=json&origin=*&titles=11th+Street+Kids+%28DC+Extended+Universe%29%7CDC+Movies&redirects=1&prop=extracts&explaintext=1&exintro=1&exlimit=max: You are making too many requests to the API.
Please follow the best practices at <https://www.mediawiki.org/wiki/Wikimedia_APIs/Rate_limits>.
If you are unsure how to get the access you need, contact 
  [rich] Wikipedia batch failed: HTTP 429 for https://en.wikipedia.org/w/api.php?action=query&format=json&origin=*&titles=Chesapeake+Bay%7CDC+Movies&redirects=1&prop=extracts&explaintext=1&exintro=1&exlimit=max: You are making too many requests to the API.
Please follow the best practices at <https://www.mediawiki.org/wiki/Wikimedia_APIs/Rate_limits>.
If you are unsure how to get the access you need, contact 
  [rich] Wikipedia batch failed: HTTP 429 for https://en.wikipedia.org/w/api.php?action=query&format=json&origin=*&titles=Transformers+Television%7CTransformers+Movies%7CTransformers+Video+Games&redirects=1&prop=extracts&explaintext=1&exintro=1&exlimit=max: You are making too many requests to the API.
Please follow the best practices at <https://www.mediawiki.org/wiki/Wikimedia_APIs/Rate_limits>.
If you are unsure how to get the access you need, contact 
  [rich] Wikipedia batch failed: HTTP 429 for https://en.wikipedia.org/w/api.php?action=query&format=json&origin=*&titles=Naruto+Manga&redirects=1&prop=extracts&explaintext=1&exintro=1&exlimit=max: You are making too many requests to the API.
Please follow the best practices at <https://www.mediawiki.org/wiki/Wikimedia_APIs/Rate_limits>.
If you are unsure how to get the access you need, contact 
  [rich] Wikipedia batch failed: HTTP 429 for https://en.wikipedia.org/w/api.php?action=query&format=json&origin=*&titles=Naruto+Manga&redirects=1&prop=extracts&explaintext=1&exintro=1&exlimit=max: You are making too many requests to the API.
Please follow the best practices at <https://www.mediawiki.org/wiki/Wikimedia_APIs/Rate_limits>.
If you are unsure how to get the access you need, contact 
  [rich] Wikipedia batch failed: HTTP 429 for https://en.wikipedia.org/w/api.php?action=query&format=json&origin=*&titles=Naruto+Manga&redirects=1&prop=extracts&explaintext=1&exintro=1&exlimit=max: You are making too many requests to the API.
Please follow the best practices at <https://www.mediawiki.org/wiki/Wikimedia_APIs/Rate_limits>.
If you are unsure how to get the access you need, contact 
  [rich] Wikipedia batch failed: HTTP 429 for https://en.wikipedia.org/w/api.php?action=query&format=json&origin=*&titles=Accelerated+Armed+Revolving+Heaven%7CNaruto+Manga&redirects=1&prop=extracts&explaintext=1&exintro=1&exlimit=max: You are making too many requests to the API.
Please follow the best practices at <https://www.mediawiki.org/wiki/Wikimedia_APIs/Rate_limits>.
If you are unsure how to get the access you need, contact 
  [rich] Wikipedia batch failed: HTTP 429 for https://en.wikipedia.org/w/api.php?action=query&format=json&origin=*&titles=Accelerated+Armed+Revolving+Heaven%7CNaruto+Manga&redirects=1&prop=extracts&explaintext=1&exintro=1&exlimit=max: You are making too many requests to the API.
Please follow the best practices at <https://www.mediawiki.org/wiki/Wikimedia_APIs/Rate_limits>.
If you are unsure how to get the access you need, contact 
  [rich] Wikipedia batch failed: HTTP 429 for https://en.wikipedia.org/w/api.php?action=query&format=json&origin=*&titles=Accelerated+Armed+Revolving+Heaven%7CNaruto+Manga&redirects=1&prop=extracts&explaintext=1&exintro=1&exlimit=max: You are making too many requests to the API.
Please follow the best practices at <https://www.mediawiki.org/wiki/Wikimedia_APIs/Rate_limits>.
If you are unsure how to get the access you need, contact 
  [rich] Wikipedia batch failed: HTTP 429 for https://en.wikipedia.org/w/api.php?action=query&format=json&origin=*&titles=Accelerated+Armed+Revolving+Heaven%7CNaruto+Manga&redirects=1&prop=extracts&explaintext=1&exintro=1&exlimit=max: You are making too many requests to the API.
Please follow the best practices at <https://www.mediawiki.org/wiki/Wikimedia_APIs/Rate_limits>.
If you are unsure how to get the access you need, contact 
    skip category (HTTP 404 for https://pathfinderwiki.com/api.php?format=json&action=query&list=categorymembers&cmtitle=Category%3ACharact)
    skip category (HTTP 404 for https://pathfinderwiki.com/api.php?format=json&action=query&list=categorymembers&cmtitle=Category%3ANations)
    skip category (HTTP 404 for https://pathfinderwiki.com/api.php?format=json&action=query&list=categorymembers&cmtitle=Category%3AOrganiz)
    skip category (HTTP 404 for https://www.sarna.net/api.php?format=json&action=query&list=categorymembers&cmtitle=Category%3ACharacters&c)
    skip category (HTTP 404 for https://www.sarna.net/api.php?format=json&action=query&list=categorymembers&cmtitle=Category%3ABattleMechs&)
    skip category (HTTP 404 for https://www.sarna.net/api.php?format=json&action=query&list=categorymembers&cmtitle=Category%3APlanets&cmli)
    skip category (HTTP 429 rate limited: https://en.wikipedia.org/w/api.php?format=json&action=query&list=categorymembers&cmtitle=Category)
    skip category (HTTP 429 rate limited: https://en.wikipedia.org/w/api.php?format=json&action=query&list=categorymembers&cmtitle=Category)
    skip category (HTTP 429 rate limited: https://en.wikipedia.org/w/api.php?format=json&action=query&list=categorymembers&cmtitle=Category)
    skip category (HTTP 429 rate limited: https://en.wikipedia.org/w/api.php?format=json&action=query&list=categorymembers&cmtitle=Category)
    skip category (HTTP 429 rate limited: https://en.wikipedia.org/w/api.php?format=json&action=query&list=categorymembers&cmtitle=Category)
    skip category (HTTP 429 rate limited: https://en.wikipedia.org/w/api.php?format=json&action=query&list=categorymembers&cmtitle=Category)
    skip category (HTTP 429 rate limited: https://en.wikipedia.org/w/api.php?format=json&action=query&list=categorymembers&cmtitle=Category)
    skip category (HTTP 429 rate limited: https://en.wikipedia.org/w/api.php?format=json&action=query&list=categorymembers&cmtitle=Category)
    skip category (HTTP 429 rate limited: https://en.wikipedia.org/w/api.php?format=json&action=query&list=categorymembers&cmtitle=Category)
    skip category (HTTP 429 rate limited: https://en.wikipedia.org/w/api.php?format=json&action=query&list=categorymembers&cmtitle=Category)
    skip category (HTTP 429 rate limited: https://en.wikipedia.org/w/api.php?format=json&action=query&list=categorymembers&cmtitle=Category)
    skip category (HTTP 429 rate limited: https://en.wikipedia.org/w/api.php?format=json&action=query&list=categorymembers&cmtitle=Category)
    skip category (HTTP 429 rate limited: https://en.wikipedia.org/w/api.php?format=json&action=query&list=categorymembers&cmtitle=Category)
    skip category (HTTP 429 rate limited: https://en.wikipedia.org/w/api.php?format=json&action=query&list=categorymembers&cmtitle=Category)
    skip category (HTTP 429 rate limited: https://en.wikipedia.org/w/api.php?format=json&action=query&list=categorymembers&cmtitle=Category)
    skip category (HTTP 429 rate limited: https://en.wikipedia.org/w/api.php?format=json&action=query&list=categorymembers&cmtitle=Category)
    skip category (HTTP 429 rate limited: https://en.wikipedia.org/w/api.php?format=json&action=query&list=categorymembers&cmtitle=Category)
    skip category (HTTP 429 rate limited: https://en.wikipedia.org/w/api.php?format=json&action=query&list=categorymembers&cmtitle=Category)
    skip category (HTTP 429 rate limited: https://en.wikipedia.org/w/api.php?format=json&action=query&list=categorymembers&cmtitle=Category)
    skip category (HTTP 429 rate limited: https://en.wikipedia.org/w/api.php?format=json&action=query&list=categorymembers&cmtitle=Category)
    skip category (HTTP 429 rate limited: https://en.wikipedia.org/w/api.php?format=json&action=query&list=categorymembers&cmtitle=Category)
    skip category (HTTP 429 rate limited: https://en.wikipedia.org/w/api.php?format=json&action=query&list=categorymembers&cmtitle=Category)
    skip category (HTTP 429 rate limited: https://en.wikipedia.org/w/api.php?format=json&action=query&list=categorymembers&cmtitle=Category)
    skip category (HTTP 429 rate limited: https://en.wikipedia.org/w/api.php?format=json&action=query&list=categorymembers&cmtitle=Category)
    skip category (HTTP 429 rate limited: https://en.wikipedia.org/w/api.php?format=json&action=query&list=categorymembers&cmtitle=Category)
    skip category (HTTP 429 rate limited: https://en.wikipedia.org/w/api.php?format=json&action=query&list=categorymembers&cmtitle=Category)
    skip category (HTTP 429 rate limited: https://en.wikipedia.org/w/api.php?format=json&action=query&list=categorymembers&cmtitle=Category)
    skip category (HTTP 429 rate limited: https://en.wikipedia.org/w/api.php?format=json&action=query&list=categorymembers&cmtitle=Category)
    skip category (HTTP 429 rate limited: https://en.wikipedia.org/w/api.php?format=json&action=query&list=categorymembers&cmtitle=Category)
    skip category (HTTP 429 rate limited: https://en.wikipedia.org/w/api.php?format=json&action=query&list=categorymembers&cmtitle=Category)
    skip category (HTTP 429 rate limited: https://en.wikipedia.org/w/api.php?format=json&action=query&list=categorymembers&cmtitle=Category)
    skip category (HTTP 429 rate limited: https://en.wikipedia.org/w/api.php?format=json&action=query&list=categorymembers&cmtitle=Category)
    skip category (HTTP 429 rate limited: https://en.wikipedia.org/w/api.php?format=json&action=query&list=categorymembers&cmtitle=Category)
    skip category (HTTP 429 rate limited: https://en.wikipedia.org/w/api.php?format=json&action=query&list=categorymembers&cmtitle=Category)
    skip category (HTTP 429 rate limited: https://en.wikipedia.org/w/api.php?format=json&action=query&list=categorymembers&cmtitle=Category)
    skip category (HTTP 429 rate limited: https://en.wikipedia.org/w/api.php?format=json&action=query&list=categorymembers&cmtitle=Category)
    skip category (HTTP 429 rate limited: https://en.wikipedia.org/w/api.php?format=json&action=query&list=categorymembers&cmtitle=Category)
    skip category (HTTP 429 rate limited: https://en.wikipedia.org/w/api.php?format=json&action=query&list=categorymembers&cmtitle=Category)
    skip category (HTTP 429 rate limited: https://en.wikipedia.org/w/api.php?format=json&action=query&list=categorymembers&cmtitle=Category)
    skip category (HTTP 429 rate limited: https://en.wikipedia.org/w/api.php?format=json&action=query&list=categorymembers&cmtitle=Category)
    skip category (HTTP 429 rate limited: https://en.wikipedia.org/w/api.php?format=json&action=query&list=categorymembers&cmtitle=Category)
    skip category (HTTP 429 rate limited: https://en.wikipedia.org/w/api.php?format=json&action=query&list=categorymembers&cmtitle=Category)
  identity batch failed: HTTP 429 rate limited: https://en.wikipedia.org/w/api.php?format=json&action=query&titles=Barlas&redirects=1&prop=pageimages%7Cinfo&piprop=thumbnail%7Cname&pithumbsize=180&inprop=url
  intro batch failed: HTTP 429 rate limited: https://en.wikipedia.org/w/api.php?format=json&action=query&titles=Barlas&redirects=1&prop=revisions&rvprop=content&rvslots=main
  [rich] Fandom batch failed: HTTP 429 rate limited: https://en.wikipedia.org/w/api.php?format=json&action=query&titles=Mongol+Empire%7CBarlas&redirects=1&prop=revisions&rvprop=content&rvslots=main
  [rich] Wikipedia batch failed: HTTP 429 for https://en.wikipedia.org/w/api.php?action=query&format=json&origin=*&titles=Mongol+Empire%7CBarlas&redirects=1&prop=extracts&explaintext=1&exintro=1&exlimit=max: You are making too many requests to the API.
Please follow the best practices at <https://www.mediawiki.org/wiki/Wikimedia_APIs/Rate_limits>.
If you are unsure how to get the access you need, contact 
  [rich] Wikipedia batch failed: HTTP 429 for https://en.wikipedia.org/w/api.php?action=query&format=json&origin=*&titles=Mongol+Empire%7CBarlas&redirects=1&prop=extracts&explaintext=1&exintro=1&exlimit=max: You are making too many requests to the API.
Please follow the best practices at <https://www.mediawiki.org/wiki/Wikimedia_APIs/Rate_limits>.
If you are unsure how to get the access you need, contact 
    skip category (HTTP 429 rate limited: https://en.wikipedia.org/w/api.php?format=json&action=query&list=categorymembers&cmtitle=Category)
    skip category (HTTP 429 rate limited: https://en.wikipedia.org/w/api.php?format=json&action=query&list=categorymembers&cmtitle=Category)
    skip category (HTTP 429 rate limited: https://en.wikipedia.org/w/api.php?format=json&action=query&list=categorymembers&cmtitle=Category)
    skip category (HTTP 429 rate limited: https://en.wikipedia.org/w/api.php?format=json&action=query&list=categorymembers&cmtitle=Category)
    skip category (HTTP 429 rate limited: https://en.wikipedia.org/w/api.php?format=json&action=query&list=categorymembers&cmtitle=Category)
    skip category (HTTP 429 rate limited: https://en.wikipedia.org/w/api.php?format=json&action=query&list=categorymembers&cmtitle=Category)
    skip category (HTTP 429 rate limited: https://en.wikipedia.org/w/api.php?format=json&action=query&list=categorymembers&cmtitle=Category)
    skip category (HTTP 429 rate limited: https://en.wikipedia.org/w/api.php?format=json&action=query&list=categorymembers&cmtitle=Category)
    skip category (HTTP 429 rate limited: https://en.wikipedia.org/w/api.php?format=json&action=query&list=categorymembers&cmtitle=Category)
    skip category (HTTP 429 rate limited: https://en.wikipedia.org/w/api.php?format=json&action=query&list=categorymembers&cmtitle=Category)
    skip category (HTTP 429 rate limited: https://en.wikipedia.org/w/api.php?format=json&action=query&list=categorymembers&cmtitle=Category)
    skip category (HTTP 429 rate limited: https://en.wikipedia.org/w/api.php?format=json&action=query&list=categorymembers&cmtitle=Category)
    skip category (HTTP 429 rate limited: https://en.wikipedia.org/w/api.php?format=json&action=query&list=categorymembers&cmtitle=Category)
    skip category (HTTP 429 rate limited: https://en.wikipedia.org/w/api.php?format=json&action=query&list=categorymembers&cmtitle=Category)
    skip category (HTTP 429 rate limited: https://en.wikipedia.org/w/api.php?format=json&action=query&list=categorymembers&cmtitle=Category)
    skip category (HTTP 429 rate limited: https://en.wikipedia.org/w/api.php?format=json&action=query&list=categorymembers&cmtitle=Category)
    skip category (HTTP 429 rate limited: https://en.wikipedia.org/w/api.php?format=json&action=query&list=categorymembers&cmtitle=Category)
    skip category (HTTP 429 rate limited: https://en.wikipedia.org/w/api.php?format=json&action=query&list=categorymembers&cmtitle=Category)
    skip category (HTTP 429 rate limited: https://en.wikipedia.org/w/api.php?format=json&action=query&list=categorymembers&cmtitle=Category)
    skip category (HTTP 429 rate limited: https://en.wikipedia.org/w/api.php?format=json&action=query&list=categorymembers&cmtitle=Category)
    skip category (HTTP 429 rate limited: https://en.wikipedia.org/w/api.php?format=json&action=query&list=categorymembers&cmtitle=Category)
    skip category (HTTP 429 rate limited: https://en.wikipedia.org/w/api.php?format=json&action=query&list=categorymembers&cmtitle=Category)
    skip category (HTTP 429 rate limited: https://en.wikipedia.org/w/api.php?format=json&action=query&list=categorymembers&cmtitle=Category)
    skip category (HTTP 429 rate limited: https://en.wikipedia.org/w/api.php?format=json&action=query&list=categorymembers&cmtitle=Category)
    skip category (HTTP 429 rate limited: https://en.wikipedia.org/w/api.php?format=json&action=query&list=categorymembers&cmtitle=Category)
    skip category (HTTP 429 rate limited: https://en.wikipedia.org/w/api.php?format=json&action=query&list=categorymembers&cmtitle=Category)
    skip category (HTTP 429 rate limited: https://en.wikipedia.org/w/api.php?format=json&action=query&list=categorymembers&cmtitle=Category)
    skip category (HTTP 429 rate limited: https://en.wikipedia.org/w/api.php?format=json&action=query&list=categorymembers&cmtitle=Category)
    skip category (HTTP 429 rate limited: https://en.wikipedia.org/w/api.php?format=json&action=query&list=categorymembers&cmtitle=Category)
    skip category (HTTP 429 rate limited: https://en.wikipedia.org/w/api.php?format=json&action=query&list=categorymembers&cmtitle=Category)
    skip category (HTTP 429 rate limited: https://en.wikipedia.org/w/api.php?format=json&action=query&list=categorymembers&cmtitle=Category)
    skip category (HTTP 429 rate limited: https://en.wikipedia.org/w/api.php?format=json&action=query&list=categorymembers&cmtitle=Category)
    skip category (HTTP 429 rate limited: https://en.wikipedia.org/w/api.php?format=json&action=query&list=categorymembers&cmtitle=Category)
    skip category (HTTP 429 rate limited: https://en.wikipedia.org/w/api.php?format=json&action=query&list=categorymembers&cmtitle=Category)
    skip category (HTTP 429 rate limited: https://en.wikipedia.org/w/api.php?format=json&action=query&list=categorymembers&cmtitle=Category)
    skip category (HTTP 429 rate limited: https://en.wikipedia.org/w/api.php?format=json&action=query&list=categorymembers&cmtitle=Category)
    skip category (HTTP 429 rate limited: https://en.wikipedia.org/w/api.php?format=json&action=query&list=categorymembers&cmtitle=Category)
    skip category (HTTP 429 rate limited: https://en.wikipedia.org/w/api.php?format=json&action=query&list=categorymembers&cmtitle=Category)
    skip category (HTTP 429 rate limited: https://en.wikipedia.org/w/api.php?format=json&action=query&list=categorymembers&cmtitle=Category)
    skip category (HTTP 429 rate limited: https://en.wikipedia.org/w/api.php?format=json&action=query&list=categorymembers&cmtitle=Category)
    skip category (HTTP 429 rate limited: https://en.wikipedia.org/w/api.php?format=json&action=query&list=categorymembers&cmtitle=Category)
    skip category (HTTP 429 rate limited: https://en.wikipedia.org/w/api.php?format=json&action=query&list=categorymembers&cmtitle=Category)
    skip category (HTTP 429 rate limited: https://en.wikipedia.org/w/api.php?format=json&action=query&list=categorymembers&cmtitle=Category)
    skip category (HTTP 429 rate limited: https://en.wikipedia.org/w/api.php?format=json&action=query&list=categorymembers&cmtitle=Category)
    skip category (HTTP 429 rate limited: https://en.wikipedia.org/w/api.php?format=json&action=query&list=categorymembers&cmtitle=Category)
    skip category (HTTP 429 rate limited: https://en.wikipedia.org/w/api.php?format=json&action=query&list=categorymembers&cmtitle=Category)
    skip category (HTTP 429 rate limited: https://en.wikipedia.org/w/api.php?format=json&action=query&list=categorymembers&cmtitle=Category)
    skip category (HTTP 429 rate limited: https://en.wikipedia.org/w/api.php?format=json&action=query&list=categorymembers&cmtitle=Category)
    skip category (HTTP 429 rate limited: https://en.wikipedia.org/w/api.php?format=json&action=query&list=categorymembers&cmtitle=Category)
    skip category (HTTP 429 rate limited: https://en.wikipedia.org/w/api.php?format=json&action=query&list=categorymembers&cmtitle=Category)
    skip category (HTTP 429 rate limited: https://en.wikipedia.org/w/api.php?format=json&action=query&list=categorymembers&cmtitle=Category)
    skip category (HTTP 429 rate limited: https://en.wikipedia.org/w/api.php?format=json&action=query&list=categorymembers&cmtitle=Category)
    skip category (HTTP 429 rate limited: https://en.wikipedia.org/w/api.php?format=json&action=query&list=categorymembers&cmtitle=Category)
    skip category (HTTP 429 rate limited: https://en.wikipedia.org/w/api.php?format=json&action=query&list=categorymembers&cmtitle=Category)
    skip category (HTTP 429 rate limited: https://en.wikipedia.org/w/api.php?format=json&action=query&list=categorymembers&cmtitle=Category)
    skip category (HTTP 429 rate limited: https://en.wikipedia.org/w/api.php?format=json&action=query&list=categorymembers&cmtitle=Category)
    skip category (HTTP 429 rate limited: https://en.wikipedia.org/w/api.php?format=json&action=query&list=categorymembers&cmtitle=Category)
    skip category (HTTP 429 rate limited: https://en.wikipedia.org/w/api.php?format=json&action=query&list=categorymembers&cmtitle=Category)
    skip category (HTTP 429 rate limited: https://en.wikipedia.org/w/api.php?format=json&action=query&list=categorymembers&cmtitle=Category)
    skip category (HTTP 429 rate limited: https://en.wikipedia.org/w/api.php?format=json&action=query&list=categorymembers&cmtitle=Category)
  intro batch failed: HTTP 429 rate limited: https://en.wikipedia.org/w/api.php?format=json&action=query&titles=Pet+Sematary&redirects=1&prop=revisions&rvprop=content&rvslots=main
    skip category (HTTP 429 rate limited: https://en.wikipedia.org/w/api.php?format=json&action=query&list=categorymembers&cmtitle=Category)
    skip category (HTTP 429 rate limited: https://en.wikipedia.org/w/api.php?format=json&action=query&list=categorymembers&cmtitle=Category)
    skip category (HTTP 429 rate limited: https://en.wikipedia.org/w/api.php?format=json&action=query&list=categorymembers&cmtitle=Category)
    skip category (HTTP 429 rate limited: https://en.wikipedia.org/w/api.php?format=json&action=query&list=categorymembers&cmtitle=Category)
    skip category (HTTP 429 rate limited: https://en.wikipedia.org/w/api.php?format=json&action=query&list=categorymembers&cmtitle=Category)
    skip category (HTTP 429 rate limited: https://en.wikipedia.org/w/api.php?format=json&action=query&list=categorymembers&cmtitle=Category)
    skip category (HTTP 429 rate limited: https://en.wikipedia.org/w/api.php?format=json&action=query&list=categorymembers&cmtitle=Category)
    skip category (HTTP 429 rate limited: https://en.wikipedia.org/w/api.php?format=json&action=query&list=categorymembers&cmtitle=Category)
    skip category (HTTP 429 rate limited: https://en.wikipedia.org/w/api.php?format=json&action=query&list=categorymembers&cmtitle=Category)
    skip category (HTTP 429 rate limited: https://en.wikipedia.org/w/api.php?format=json&action=query&list=categorymembers&cmtitle=Category)
    skip category (HTTP 429 rate limited: https://en.wikipedia.org/w/api.php?format=json&action=query&list=categorymembers&cmtitle=Category)
    skip category (HTTP 429 rate limited: https://en.wikipedia.org/w/api.php?format=json&action=query&list=categorymembers&cmtitle=Category)
    skip category (HTTP 429 rate limited: https://en.wikipedia.org/w/api.php?format=json&action=query&list=categorymembers&cmtitle=Category)
    skip category (HTTP 429 rate limited: https://en.wikipedia.org/w/api.php?format=json&action=query&list=categorymembers&cmtitle=Category)
    skip category (HTTP 429 rate limited: https://en.wikipedia.org/w/api.php?format=json&action=query&list=categorymembers&cmtitle=Category)
    skip category (HTTP 429 rate limited: https://en.wikipedia.org/w/api.php?format=json&action=query&list=categorymembers&cmtitle=Category)
    skip category (HTTP 429 rate limited: https://en.wikipedia.org/w/api.php?format=json&action=query&list=categorymembers&cmtitle=Category)
    skip category (HTTP 429 rate limited: https://en.wikipedia.org/w/api.php?format=json&action=query&list=categorymembers&cmtitle=Category)
    skip category (HTTP 429 rate limited: https://en.wikipedia.org/w/api.php?format=json&action=query&list=categorymembers&cmtitle=Category)
    skip category (HTTP 429 rate limited: https://en.wikipedia.org/w/api.php?format=json&action=query&list=categorymembers&cmtitle=Category)
    skip category (HTTP 429 rate limited: https://en.wikipedia.org/w/api.php?format=json&action=query&list=categorymembers&cmtitle=Category)
    skip category (HTTP 429 rate limited: https://en.wikipedia.org/w/api.php?format=json&action=query&list=categorymembers&cmtitle=Category)
    skip category (HTTP 429 rate limited: https://en.wikipedia.org/w/api.php?format=json&action=query&list=categorymembers&cmtitle=Category)
    skip category (HTTP 429 rate limited: https://en.wikipedia.org/w/api.php?format=json&action=query&list=categorymembers&cmtitle=Category)
    skip category (HTTP 429 rate limited: https://en.wikipedia.org/w/api.php?format=json&action=query&list=categorymembers&cmtitle=Category)
    skip category (HTTP 429 rate limited: https://en.wikipedia.org/w/api.php?format=json&action=query&list=categorymembers&cmtitle=Category)
    skip category (HTTP 429 rate limited: https://en.wikipedia.org/w/api.php?format=json&action=query&list=categorymembers&cmtitle=Category)
    skip category (HTTP 429 rate limited: https://en.wikipedia.org/w/api.php?format=json&action=query&list=categorymembers&cmtitle=Category)
    skip category (HTTP 429 rate limited: https://en.wikipedia.org/w/api.php?format=json&action=query&list=categorymembers&cmtitle=Category)
    skip category (HTTP 429 rate limited: https://en.wikipedia.org/w/api.php?format=json&action=query&list=categorymembers&cmtitle=Category)
    skip category (HTTP 429 rate limited: https://en.wikipedia.org/w/api.php?format=json&action=query&list=categorymembers&cmtitle=Category)
    skip category (HTTP 429 rate limited: https://en.wikipedia.org/w/api.php?format=json&action=query&list=categorymembers&cmtitle=Category)
    skip category (HTTP 429 rate limited: https://en.wikipedia.org/w/api.php?format=json&action=query&list=categorymembers&cmtitle=Category)
    skip category (HTTP 429 rate limited: https://en.wikipedia.org/w/api.php?format=json&action=query&list=categorymembers&cmtitle=Category)
    skip category (HTTP 429 rate limited: https://en.wikipedia.org/w/api.php?format=json&action=query&list=categorymembers&cmtitle=Category)
    skip category (HTTP 429 rate limited: https://en.wikipedia.org/w/api.php?format=json&action=query&list=categorymembers&cmtitle=Category)
    skip category (HTTP 429 rate limited: https://en.wikipedia.org/w/api.php?format=json&action=query&list=categorymembers&cmtitle=Category)
    skip category (HTTP 429 rate limited: https://en.wikipedia.org/w/api.php?format=json&action=query&list=categorymembers&cmtitle=Category)
    skip category (HTTP 429 rate limited: https://en.wikipedia.org/w/api.php?format=json&action=query&list=categorymembers&cmtitle=Category)
    skip category (HTTP 429 rate limited: https://en.wikipedia.org/w/api.php?format=json&action=query&list=categorymembers&cmtitle=Category)
    skip category (HTTP 429 rate limited: https://en.wikipedia.org/w/api.php?format=json&action=query&list=categorymembers&cmtitle=Category)
    skip category (HTTP 429 rate limited: https://en.wikipedia.org/w/api.php?format=json&action=query&list=categorymembers&cmtitle=Category)
    skip category (HTTP 429 rate limited: https://en.wikipedia.org/w/api.php?format=json&action=query&list=categorymembers&cmtitle=Category)
    skip category (HTTP 429 rate limited: https://en.wikipedia.org/w/api.php?format=json&action=query&list=categorymembers&cmtitle=Category)
    skip category (HTTP 429 rate limited: https://en.wikipedia.org/w/api.php?format=json&action=query&list=categorymembers&cmtitle=Category)
    skip category (HTTP 429 rate limited: https://en.wikipedia.org/w/api.php?format=json&action=query&list=categorymembers&cmtitle=Category)
    skip category (HTTP 429 rate limited: https://en.wikipedia.org/w/api.php?format=json&action=query&list=categorymembers&cmtitle=Category)
    skip category (HTTP 429 rate limited: https://en.wikipedia.org/w/api.php?format=json&action=query&list=categorymembers&cmtitle=Category)
    skip category (HTTP 429 rate limited: https://en.wikipedia.org/w/api.php?format=json&action=query&list=categorymembers&cmtitle=Category)
    skip category (HTTP 429 rate limited: https://en.wikipedia.org/w/api.php?format=json&action=query&list=categorymembers&cmtitle=Category)
    skip category (HTTP 429 rate limited: https://en.wikipedia.org/w/api.php?format=json&action=query&list=categorymembers&cmtitle=Category)
    skip category (HTTP 429 rate limited: https://en.wikipedia.org/w/api.php?format=json&action=query&list=categorymembers&cmtitle=Category)
    skip category (HTTP 429 rate limited: https://en.wikipedia.org/w/api.php?format=json&action=query&list=categorymembers&cmtitle=Category)
    skip category (HTTP 429 rate limited: https://en.wikipedia.org/w/api.php?format=json&action=query&list=categorymembers&cmtitle=Category)
    skip category (HTTP 429 rate limited: https://en.wikipedia.org/w/api.php?format=json&action=query&list=categorymembers&cmtitle=Category)
    skip category (HTTP 429 rate limited: https://en.wikipedia.org/w/api.php?format=json&action=query&list=categorymembers&cmtitle=Category)
    skip category (HTTP 429 rate limited: https://en.wikipedia.org/w/api.php?format=json&action=query&list=categorymembers&cmtitle=Category)
    skip category (HTTP 429 rate limited: https://en.wikipedia.org/w/api.php?format=json&action=query&list=categorymembers&cmtitle=Category)
    skip category (HTTP 429 rate limited: https://en.wikipedia.org/w/api.php?format=json&action=query&list=categorymembers&cmtitle=Category)
    skip category (HTTP 429 rate limited: https://en.wikipedia.org/w/api.php?format=json&action=query&list=categorymembers&cmtitle=Category)
    skip category (HTTP 429 rate limited: https://en.wikipedia.org/w/api.php?format=json&action=query&list=categorymembers&cmtitle=Category)
    skip category (HTTP 429 rate limited: https://en.wikipedia.org/w/api.php?format=json&action=query&list=categorymembers&cmtitle=Category)
    skip category (HTTP 429 rate limited: https://en.wikipedia.org/w/api.php?format=json&action=query&list=categorymembers&cmtitle=Category)
    skip category (HTTP 429 rate limited: https://en.wikipedia.org/w/api.php?format=json&action=query&list=categorymembers&cmtitle=Category)
    skip category (HTTP 429 rate limited: https://en.wikipedia.org/w/api.php?format=json&action=query&list=categorymembers&cmtitle=Category)
    skip category (HTTP 429 rate limited: https://en.wikipedia.org/w/api.php?format=json&action=query&list=categorymembers&cmtitle=Category)
    skip category (HTTP 429 rate limited: https://en.wikipedia.org/w/api.php?format=json&action=query&list=categorymembers&cmtitle=Category)
    skip category (HTTP 429 rate limited: https://en.wikipedia.org/w/api.php?format=json&action=query&list=categorymembers&cmtitle=Category)
    skip category (HTTP 429 rate limited: https://en.wikipedia.org/w/api.php?format=json&action=query&list=categorymembers&cmtitle=Category)
    skip category (HTTP 429 rate limited: https://en.wikipedia.org/w/api.php?format=json&action=query&list=categorymembers&cmtitle=Category)
    skip category (HTTP 429 rate limited: https://en.wikipedia.org/w/api.php?format=json&action=query&list=categorymembers&cmtitle=Category)
    skip category (HTTP 429 rate limited: https://en.wikipedia.org/w/api.php?format=json&action=query&list=categorymembers&cmtitle=Category)
    skip category (HTTP 429 rate limited: https://en.wikipedia.org/w/api.php?format=json&action=query&list=categorymembers&cmtitle=Category)
    skip category (HTTP 429 rate limited: https://en.wikipedia.org/w/api.php?format=json&action=query&list=categorymembers&cmtitle=Category)
    skip category (HTTP 429 rate limited: https://en.wikipedia.org/w/api.php?format=json&action=query&list=categorymembers&cmtitle=Category)
    skip category (HTTP 429 rate limited: https://en.wikipedia.org/w/api.php?format=json&action=query&list=categorymembers&cmtitle=Category)
    skip category (HTTP 429 rate limited: https://en.wikipedia.org/w/api.php?format=json&action=query&list=categorymembers&cmtitle=Category)
    skip category (HTTP 429 rate limited: https://en.wikipedia.org/w/api.php?format=json&action=query&list=categorymembers&cmtitle=Category)
    skip category (HTTP 429 rate limited: https://en.wikipedia.org/w/api.php?format=json&action=query&list=categorymembers&cmtitle=Category)
    skip category (HTTP 429 rate limited: https://en.wikipedia.org/w/api.php?format=json&action=query&list=categorymembers&cmtitle=Category)
    skip category (HTTP 429 rate limited: https://en.wikipedia.org/w/api.php?format=json&action=query&list=categorymembers&cmtitle=Category)
    skip category (HTTP 429 rate limited: https://en.wikipedia.org/w/api.php?format=json&action=query&list=categorymembers&cmtitle=Category)
    skip category (HTTP 429 rate limited: https://en.wikipedia.org/w/api.php?format=json&action=query&list=categorymembers&cmtitle=Category)
    skip category (HTTP 429 rate limited: https://en.wikipedia.org/w/api.php?format=json&action=query&list=categorymembers&cmtitle=Category)
    skip category (HTTP 429 rate limited: https://en.wikipedia.org/w/api.php?format=json&action=query&list=categorymembers&cmtitle=Category)
    skip category (HTTP 429 rate limited: https://en.wikipedia.org/w/api.php?format=json&action=query&list=categorymembers&cmtitle=Category)
    skip category (HTTP 429 rate limited: https://en.wikipedia.org/w/api.php?format=json&action=query&list=categorymembers&cmtitle=Category)
    skip category (HTTP 429 rate limited: https://en.wikipedia.org/w/api.php?format=json&action=query&list=categorymembers&cmtitle=Category)
    skip category (HTTP 429 rate limited: https://en.wikipedia.org/w/api.php?format=json&action=query&list=categorymembers&cmtitle=Category)
    skip category (HTTP 429 rate limited: https://en.wikipedia.org/w/api.php?format=json&action=query&list=categorymembers&cmtitle=Category)
    skip category (HTTP 429 rate limited: https://en.wikipedia.org/w/api.php?format=json&action=query&list=categorymembers&cmtitle=Category)
    skip category (HTTP 429 rate limited: https://en.wikipedia.org/w/api.php?format=json&action=query&list=categorymembers&cmtitle=Category)
    skip category (HTTP 429 rate limited: https://en.wikipedia.org/w/api.php?format=json&action=query&list=categorymembers&cmtitle=Category)
    skip category (HTTP 429 rate limited: https://en.wikipedia.org/w/api.php?format=json&action=query&list=categorymembers&cmtitle=Category)
    skip category (HTTP 429 rate limited: https://en.wikipedia.org/w/api.php?format=json&action=query&list=categorymembers&cmtitle=Category)
    skip category (HTTP 429 rate limited: https://en.wikipedia.org/w/api.php?format=json&action=query&list=categorymembers&cmtitle=Category)
    skip category (HTTP 429 rate limited: https://en.wikipedia.org/w/api.php?format=json&action=query&list=categorymembers&cmtitle=Category)
    skip category (HTTP 429 rate limited: https://en.wikipedia.org/w/api.php?format=json&action=query&list=categorymembers&cmtitle=Category)
    skip category (HTTP 429 rate limited: https://en.wikipedia.org/w/api.php?format=json&action=query&list=categorymembers&cmtitle=Category)
    skip category (HTTP 429 rate limited: https://en.wikipedia.org/w/api.php?format=json&action=query&list=categorymembers&cmtitle=Category)
    skip category (HTTP 429 rate limited: https://en.wikipedia.org/w/api.php?format=json&action=query&list=categorymembers&cmtitle=Category)
    skip category (HTTP 429 rate limited: https://en.wikipedia.org/w/api.php?format=json&action=query&list=categorymembers&cmtitle=Category)
    skip category (HTTP 429 rate limited: https://en.wikipedia.org/w/api.php?format=json&action=query&list=categorymembers&cmtitle=Category)
    skip category (HTTP 429 rate limited: https://en.wikipedia.org/w/api.php?format=json&action=query&list=categorymembers&cmtitle=Category)
    skip category (HTTP 429 rate limited: https://en.wikipedia.org/w/api.php?format=json&action=query&list=categorymembers&cmtitle=Category)
    skip category (HTTP 429 rate limited: https://en.wikipedia.org/w/api.php?format=json&action=query&list=categorymembers&cmtitle=Category)
    skip category (HTTP 429 rate limited: https://en.wikipedia.org/w/api.php?format=json&action=query&list=categorymembers&cmtitle=Category)
    skip category (HTTP 429 rate limited: https://en.wikipedia.org/w/api.php?format=json&action=query&list=categorymembers&cmtitle=Category)
    skip category (HTTP 429 rate limited: https://en.wikipedia.org/w/api.php?format=json&action=query&list=categorymembers&cmtitle=Category)
    skip category (HTTP 429 rate limited: https://en.wikipedia.org/w/api.php?format=json&action=query&list=categorymembers&cmtitle=Category)
    skip category (HTTP 429 rate limited: https://en.wikipedia.org/w/api.php?format=json&action=query&list=categorymembers&cmtitle=Category)
    skip category (HTTP 429 rate limited: https://en.wikipedia.org/w/api.php?format=json&action=query&list=categorymembers&cmtitle=Category)
    skip category (HTTP 429 rate limited: https://en.wikipedia.org/w/api.php?format=json&action=query&list=categorymembers&cmtitle=Category)
    skip category (HTTP 429 rate limited: https://en.wikipedia.org/w/api.php?format=json&action=query&list=categorymembers&cmtitle=Category)
    skip category (HTTP 429 rate limited: https://en.wikipedia.org/w/api.php?format=json&action=query&list=categorymembers&cmtitle=Category)
    skip category (HTTP 429 rate limited: https://en.wikipedia.org/w/api.php?format=json&action=query&list=categorymembers&cmtitle=Category)
    skip category (HTTP 429 rate limited: https://en.wikipedia.org/w/api.php?format=json&action=query&list=categorymembers&cmtitle=Category)
    skip category (HTTP 429 rate limited: https://en.wikipedia.org/w/api.php?format=json&action=query&list=categorymembers&cmtitle=Category)
    skip category (HTTP 429 rate limited: https://en.wikipedia.org/w/api.php?format=json&action=query&list=categorymembers&cmtitle=Category)
    skip category (HTTP 429 rate limited: https://en.wikipedia.org/w/api.php?format=json&action=query&list=categorymembers&cmtitle=Category)
    skip category (HTTP 429 rate limited: https://en.wikipedia.org/w/api.php?format=json&action=query&list=categorymembers&cmtitle=Category)
    skip category (HTTP 429 rate limited: https://en.wikipedia.org/w/api.php?format=json&action=query&list=categorymembers&cmtitle=Category)
    skip category (HTTP 429 rate limited: https://en.wikipedia.org/w/api.php?format=json&action=query&list=categorymembers&cmtitle=Category)
    skip category (HTTP 429 rate limited: https://en.wikipedia.org/w/api.php?format=json&action=query&list=categorymembers&cmtitle=Category)
    skip category (HTTP 429 rate limited: https://en.wikipedia.org/w/api.php?format=json&action=query&list=categorymembers&cmtitle=Category)
    skip category (HTTP 429 rate limited: https://en.wikipedia.org/w/api.php?format=json&action=query&list=categorymembers&cmtitle=Category)
    skip category (HTTP 429 rate limited: https://en.wikipedia.org/w/api.php?format=json&action=query&list=categorymembers&cmtitle=Category)
    skip category (HTTP 429 rate limited: https://en.wikipedia.org/w/api.php?format=json&action=query&list=categorymembers&cmtitle=Category)
    skip category (HTTP 429 rate limited: https://en.wikipedia.org/w/api.php?format=json&action=query&list=categorymembers&cmtitle=Category)
    skip category (HTTP 429 rate limited: https://en.wikipedia.org/w/api.php?format=json&action=query&list=categorymembers&cmtitle=Category)
    skip category (HTTP 429 rate limited: https://en.wikipedia.org/w/api.php?format=json&action=query&list=categorymembers&cmtitle=Category)
    skip category (HTTP 429 rate limited: https://en.wikipedia.org/w/api.php?format=json&action=query&list=categorymembers&cmtitle=Category)
    skip category (HTTP 429 rate limited: https://en.wikipedia.org/w/api.php?format=json&action=query&list=categorymembers&cmtitle=Category)
    skip category (HTTP 429 rate limited: https://en.wikipedia.org/w/api.php?format=json&action=query&list=categorymembers&cmtitle=Category)
    skip category (HTTP 429 rate limited: https://en.wikipedia.org/w/api.php?format=json&action=query&list=categorymembers&cmtitle=Category)
    skip category (HTTP 429 rate limited: https://en.wikipedia.org/w/api.php?format=json&action=query&list=categorymembers&cmtitle=Category)
    skip category (HTTP 429 rate limited: https://en.wikipedia.org/w/api.php?format=json&action=query&list=categorymembers&cmtitle=Category)
    skip category (HTTP 429 rate limited: https://en.wikipedia.org/w/api.php?format=json&action=query&list=categorymembers&cmtitle=Category)
    skip category (HTTP 429 rate limited: https://en.wikipedia.org/w/api.php?format=json&action=query&list=categorymembers&cmtitle=Category)
    skip category (HTTP 429 rate limited: https://en.wikipedia.org/w/api.php?format=json&action=query&list=categorymembers&cmtitle=Category)
    skip category (HTTP 429 rate limited: https://en.wikipedia.org/w/api.php?format=json&action=query&list=categorymembers&cmtitle=Category)
    skip category (HTTP 429 rate limited: https://en.wikipedia.org/w/api.php?format=json&action=query&list=categorymembers&cmtitle=Category)
    skip category (HTTP 429 rate limited: https://en.wikipedia.org/w/api.php?format=json&action=query&list=categorymembers&cmtitle=Category)
    skip category (HTTP 429 rate limited: https://en.wikipedia.org/w/api.php?format=json&action=query&list=categorymembers&cmtitle=Category)
    skip category (HTTP 429 rate limited: https://en.wikipedia.org/w/api.php?format=json&action=query&list=categorymembers&cmtitle=Category)
    skip category (HTTP 429 rate limited: https://en.wikipedia.org/w/api.php?format=json&action=query&list=categorymembers&cmtitle=Category)
    skip category (HTTP 429 rate limited: https://en.wikipedia.org/w/api.php?format=json&action=query&list=categorymembers&cmtitle=Category)
    skip category (HTTP 429 rate limited: https://en.wikipedia.org/w/api.php?format=json&action=query&list=categorymembers&cmtitle=Category)
    skip category (HTTP 429 rate limited: https://en.wikipedia.org/w/api.php?format=json&action=query&list=categorymembers&cmtitle=Category)
    skip category (HTTP 429 rate limited: https://en.wikipedia.org/w/api.php?format=json&action=query&list=categorymembers&cmtitle=Category)
    skip category (HTTP 429 rate limited: https://en.wikipedia.org/w/api.php?format=json&action=query&list=categorymembers&cmtitle=Category)
    skip category (HTTP 429 rate limited: https://en.wikipedia.org/w/api.php?format=json&action=query&list=categorymembers&cmtitle=Category)
    skip category (HTTP 429 rate limited: https://en.wikipedia.org/w/api.php?format=json&action=query&list=categorymembers&cmtitle=Category)
    skip category (HTTP 429 rate limited: https://en.wikipedia.org/w/api.php?format=json&action=query&list=categorymembers&cmtitle=Category)
    skip category (HTTP 429 rate limited: https://en.wikipedia.org/w/api.php?format=json&action=query&list=categorymembers&cmtitle=Category)
    skip category (HTTP 429 rate limited: https://en.wikipedia.org/w/api.php?format=json&action=query&list=categorymembers&cmtitle=Category)
    skip category (HTTP 429 rate limited: https://en.wikipedia.org/w/api.php?format=json&action=query&list=categorymembers&cmtitle=Category)
    skip category (HTTP 429 rate limited: https://en.wikipedia.org/w/api.php?format=json&action=query&list=categorymembers&cmtitle=Category)
    skip category (HTTP 429 rate limited: https://en.wikipedia.org/w/api.php?format=json&action=query&list=categorymembers&cmtitle=Category)
    skip category (HTTP 429 rate limited: https://en.wikipedia.org/w/api.php?format=json&action=query&list=categorymembers&cmtitle=Category)
    skip category (HTTP 429 rate limited: https://en.wikipedia.org/w/api.php?format=json&action=query&list=categorymembers&cmtitle=Category)
    skip category (HTTP 429 rate limited: https://en.wikipedia.org/w/api.php?format=json&action=query&list=categorymembers&cmtitle=Category)
    skip category (HTTP 429 rate limited: https://en.wikipedia.org/w/api.php?format=json&action=query&list=categorymembers&cmtitle=Category)
    skip category (HTTP 429 rate limited: https://en.wikipedia.org/w/api.php?format=json&action=query&list=categorymembers&cmtitle=Category)
    skip category (HTTP 429 rate limited: https://en.wikipedia.org/w/api.php?format=json&action=query&list=categorymembers&cmtitle=Category)
    skip category (HTTP 429 rate limited: https://en.wikipedia.org/w/api.php?format=json&action=query&list=categorymembers&cmtitle=Category)
    skip category (HTTP 429 rate limited: https://en.wikipedia.org/w/api.php?format=json&action=query&list=categorymembers&cmtitle=Category)
    skip category (HTTP 429 rate limited: https://en.wikipedia.org/w/api.php?format=json&action=query&list=categorymembers&cmtitle=Category)
    skip category (HTTP 429 rate limited: https://en.wikipedia.org/w/api.php?format=json&action=query&list=categorymembers&cmtitle=Category)
    skip category (HTTP 429 rate limited: https://en.wikipedia.org/w/api.php?format=json&action=query&list=categorymembers&cmtitle=Category)
    skip category (HTTP 429 rate limited: https://en.wikipedia.org/w/api.php?format=json&action=query&list=categorymembers&cmtitle=Category)
    skip category (HTTP 429 rate limited: https://en.wikipedia.org/w/api.php?format=json&action=query&list=categorymembers&cmtitle=Category)
    skip category (HTTP 429 rate limited: https://en.wikipedia.org/w/api.php?format=json&action=query&list=categorymembers&cmtitle=Category)
    skip category (HTTP 429 rate limited: https://en.wikipedia.org/w/api.php?format=json&action=query&list=categorymembers&cmtitle=Category)
    skip category (HTTP 429 rate limited: https://en.wikipedia.org/w/api.php?format=json&action=query&list=categorymembers&cmtitle=Category)
    skip category (HTTP 429 rate limited: https://en.wikipedia.org/w/api.php?format=json&action=query&list=categorymembers&cmtitle=Category)
    skip category (HTTP 429 rate limited: https://en.wikipedia.org/w/api.php?format=json&action=query&list=categorymembers&cmtitle=Category)
    skip category (HTTP 429 rate limited: https://en.wikipedia.org/w/api.php?format=json&action=query&list=categorymembers&cmtitle=Category)
    skip category (HTTP 429 rate limited: https://en.wikipedia.org/w/api.php?format=json&action=query&list=categorymembers&cmtitle=Category)
    skip category (HTTP 429 rate limited: https://en.wikipedia.org/w/api.php?format=json&action=query&list=categorymembers&cmtitle=Category)
    skip category (HTTP 429 rate limited: https://en.wikipedia.org/w/api.php?format=json&action=query&list=categorymembers&cmtitle=Category)
    skip category (HTTP 429 rate limited: https://en.wikipedia.org/w/api.php?format=json&action=query&list=categorymembers&cmtitle=Category)
    skip category (HTTP 429 rate limited: https://en.wikipedia.org/w/api.php?format=json&action=query&list=categorymembers&cmtitle=Category)
    skip category (HTTP 429 rate limited: https://en.wikipedia.org/w/api.php?format=json&action=query&list=categorymembers&cmtitle=Category)
    skip category (HTTP 429 rate limited: https://en.wikipedia.org/w/api.php?format=json&action=query&list=categorymembers&cmtitle=Category)
    skip category (HTTP 429 rate limited: https://en.wikipedia.org/w/api.php?format=json&action=query&list=categorymembers&cmtitle=Category)
    skip category (HTTP 429 rate limited: https://en.wikipedia.org/w/api.php?format=json&action=query&list=categorymembers&cmtitle=Category)
    skip category (HTTP 429 rate limited: https://en.wikipedia.org/w/api.php?format=json&action=query&list=categorymembers&cmtitle=Category)
    skip category (HTTP 429 rate limited: https://en.wikipedia.org/w/api.php?format=json&action=query&list=categorymembers&cmtitle=Category)
    skip category (HTTP 429 rate limited: https://en.wikipedia.org/w/api.php?format=json&action=query&list=categorymembers&cmtitle=Category)
    skip category (HTTP 429 rate limited: https://en.wikipedia.org/w/api.php?format=json&action=query&list=categorymembers&cmtitle=Category)
    skip category (HTTP 429 rate limited: https://en.wikipedia.org/w/api.php?format=json&action=query&list=categorymembers&cmtitle=Category)
    skip category (HTTP 429 rate limited: https://en.wikipedia.org/w/api.php?format=json&action=query&list=categorymembers&cmtitle=Category)
    skip category (HTTP 429 rate limited: https://en.wikipedia.org/w/api.php?format=json&action=query&list=categorymembers&cmtitle=Category)
    skip category (HTTP 429 rate limited: https://en.wikipedia.org/w/api.php?format=json&action=query&list=categorymembers&cmtitle=Category)
    skip category (HTTP 429 rate limited: https://en.wikipedia.org/w/api.php?format=json&action=query&list=categorymembers&cmtitle=Category)
    skip category (HTTP 429 rate limited: https://en.wikipedia.org/w/api.php?format=json&action=query&list=categorymembers&cmtitle=Category)
    skip category (HTTP 429 rate limited: https://en.wikipedia.org/w/api.php?format=json&action=query&list=categorymembers&cmtitle=Category)
    skip category (HTTP 429 rate limited: https://en.wikipedia.org/w/api.php?format=json&action=query&list=categorymembers&cmtitle=Category)
    skip category (HTTP 429 rate limited: https://en.wikipedia.org/w/api.php?format=json&action=query&list=categorymembers&cmtitle=Category)
    skip category (HTTP 429 rate limited: https://en.wikipedia.org/w/api.php?format=json&action=query&list=categorymembers&cmtitle=Category)
    skip category (HTTP 429 rate limited: https://en.wikipedia.org/w/api.php?format=json&action=query&list=categorymembers&cmtitle=Category)
    skip category (HTTP 429 rate limited: https://en.wikipedia.org/w/api.php?format=json&action=query&list=categorymembers&cmtitle=Category)
    skip category (HTTP 429 rate limited: https://en.wikipedia.org/w/api.php?format=json&action=query&list=categorymembers&cmtitle=Category)
    skip category (HTTP 429 rate limited: https://en.wikipedia.org/w/api.php?format=json&action=query&list=categorymembers&cmtitle=Category)
    skip category (HTTP 429 rate limited: https://en.wikipedia.org/w/api.php?format=json&action=query&list=categorymembers&cmtitle=Category)
    skip category (HTTP 429 rate limited: https://en.wikipedia.org/w/api.php?format=json&action=query&list=categorymembers&cmtitle=Category)
    skip category (HTTP 429 rate limited: https://en.wikipedia.org/w/api.php?format=json&action=query&list=categorymembers&cmtitle=Category)
    skip category (HTTP 429 rate limited: https://en.wikipedia.org/w/api.php?format=json&action=query&list=categorymembers&cmtitle=Category)
    skip category (HTTP 429 rate limited: https://en.wikipedia.org/w/api.php?format=json&action=query&list=categorymembers&cmtitle=Category)
    skip category (HTTP 429 rate limited: https://en.wikipedia.org/w/api.php?format=json&action=query&list=categorymembers&cmtitle=Category)
    skip category (HTTP 429 rate limited: https://en.wikipedia.org/w/api.php?format=json&action=query&list=categorymembers&cmtitle=Category)
    skip category (HTTP 429 rate limited: https://en.wikipedia.org/w/api.php?format=json&action=query&list=categorymembers&cmtitle=Category)
    skip category (HTTP 429 rate limited: https://en.wikipedia.org/w/api.php?format=json&action=query&list=categorymembers&cmtitle=Category)
    skip category (HTTP 429 rate limited: https://en.wikipedia.org/w/api.php?format=json&action=query&list=categorymembers&cmtitle=Category)
    skip category (HTTP 429 rate limited: https://en.wikipedia.org/w/api.php?format=json&action=query&list=categorymembers&cmtitle=Category)
    skip category (HTTP 429 rate limited: https://en.wikipedia.org/w/api.php?format=json&action=query&list=categorymembers&cmtitle=Category)
    skip category (HTTP 429 rate limited: https://en.wikipedia.org/w/api.php?format=json&action=query&list=categorymembers&cmtitle=Category)
    skip category (HTTP 429 rate limited: https://en.wikipedia.org/w/api.php?format=json&action=query&list=categorymembers&cmtitle=Category)
    skip category (HTTP 429 rate limited: https://en.wikipedia.org/w/api.php?format=json&action=query&list=categorymembers&cmtitle=Category)
    skip category (HTTP 429 rate limited: https://en.wikipedia.org/w/api.php?format=json&action=query&list=categorymembers&cmtitle=Category)
    skip category (HTTP 429 rate limited: https://en.wikipedia.org/w/api.php?format=json&action=query&list=categorymembers&cmtitle=Category)
    skip category (HTTP 429 rate limited: https://en.wikipedia.org/w/api.php?format=json&action=query&list=categorymembers&cmtitle=Category)
    skip category (HTTP 429 rate limited: https://en.wikipedia.org/w/api.php?format=json&action=query&list=categorymembers&cmtitle=Category)
    skip category (HTTP 429 rate limited: https://en.wikipedia.org/w/api.php?format=json&action=query&list=categorymembers&cmtitle=Category)
    skip category (HTTP 429 rate limited: https://en.wikipedia.org/w/api.php?format=json&action=query&list=categorymembers&cmtitle=Category)
    skip category (HTTP 429 rate limited: https://en.wikipedia.org/w/api.php?format=json&action=query&list=categorymembers&cmtitle=Category)
    skip category (HTTP 429 rate limited: https://en.wikipedia.org/w/api.php?format=json&action=query&list=categorymembers&cmtitle=Category)
    skip category (HTTP 429 rate limited: https://en.wikipedia.org/w/api.php?format=json&action=query&list=categorymembers&cmtitle=Category)
    skip category (HTTP 429 rate limited: https://en.wikipedia.org/w/api.php?format=json&action=query&list=categorymembers&cmtitle=Category)
    skip category (HTTP 429 rate limited: https://en.wikipedia.org/w/api.php?format=json&action=query&list=categorymembers&cmtitle=Category)
    skip category (HTTP 429 rate limited: https://en.wikipedia.org/w/api.php?format=json&action=query&list=categorymembers&cmtitle=Category)
    skip category (HTTP 429 rate limited: https://en.wikipedia.org/w/api.php?format=json&action=query&list=categorymembers&cmtitle=Category)
    skip category (HTTP 429 rate limited: https://en.wikipedia.org/w/api.php?format=json&action=query&list=categorymembers&cmtitle=Category)
    skip category (HTTP 429 rate limited: https://en.wikipedia.org/w/api.php?format=json&action=query&list=categorymembers&cmtitle=Category)
    skip category (HTTP 429 rate limited: https://en.wikipedia.org/w/api.php?format=json&action=query&list=categorymembers&cmtitle=Category)
    skip category (HTTP 429 rate limited: https://en.wikipedia.org/w/api.php?format=json&action=query&list=categorymembers&cmtitle=Category)
    skip category (HTTP 429 rate limited: https://en.wikipedia.org/w/api.php?format=json&action=query&list=categorymembers&cmtitle=Category)
    skip category (HTTP 429 rate limited: https://en.wikipedia.org/w/api.php?format=json&action=query&list=categorymembers&cmtitle=Category)
    skip category (HTTP 429 rate limited: https://en.wikipedia.org/w/api.php?format=json&action=query&list=categorymembers&cmtitle=Category)
    skip category (HTTP 429 rate limited: https://en.wikipedia.org/w/api.php?format=json&action=query&list=categorymembers&cmtitle=Category)
    skip category (HTTP 429 rate limited: https://en.wikipedia.org/w/api.php?format=json&action=query&list=categorymembers&cmtitle=Category)
    skip category (HTTP 429 rate limited: https://en.wikipedia.org/w/api.php?format=json&action=query&list=categorymembers&cmtitle=Category)
    skip category (HTTP 429 rate limited: https://en.wikipedia.org/w/api.php?format=json&action=query&list=categorymembers&cmtitle=Category)
    skip category (HTTP 429 rate limited: https://en.wikipedia.org/w/api.php?format=json&action=query&list=categorymembers&cmtitle=Category)
    skip category (HTTP 429 rate limited: https://en.wikipedia.org/w/api.php?format=json&action=query&list=categorymembers&cmtitle=Category)
    skip category (HTTP 429 rate limited: https://en.wikipedia.org/w/api.php?format=json&action=query&list=categorymembers&cmtitle=Category)
    skip category (HTTP 429 rate limited: https://en.wikipedia.org/w/api.php?format=json&action=query&list=categorymembers&cmtitle=Category)
    skip category (HTTP 429 rate limited: https://en.wikipedia.org/w/api.php?format=json&action=query&list=categorymembers&cmtitle=Category)
    skip category (HTTP 429 rate limited: https://en.wikipedia.org/w/api.php?format=json&action=query&list=categorymembers&cmtitle=Category)
    skip category (HTTP 429 rate limited: https://en.wikipedia.org/w/api.php?format=json&action=query&list=categorymembers&cmtitle=Category)
    skip category (HTTP 429 rate limited: https://en.wikipedia.org/w/api.php?format=json&action=query&list=categorymembers&cmtitle=Category)
  intro batch failed: HTTP 429 rate limited: https://en.wikipedia.org/w/api.php?format=json&action=query&titles=Fatal+Fury&redirects=1&prop=revisions&rvprop=content&rvslots=main
    skip category (HTTP 429 rate limited: https://en.wikipedia.org/w/api.php?format=json&action=query&list=categorymembers&cmtitle=Category)
    skip category (HTTP 429 rate limited: https://en.wikipedia.org/w/api.php?format=json&action=query&list=categorymembers&cmtitle=Category)
    skip category (HTTP 429 rate limited: https://en.wikipedia.org/w/api.php?format=json&action=query&list=categorymembers&cmtitle=Category)
    skip category (HTTP 429 rate limited: https://en.wikipedia.org/w/api.php?format=json&action=query&list=categorymembers&cmtitle=Category)
    skip category (HTTP 429 rate limited: https://en.wikipedia.org/w/api.php?format=json&action=query&list=categorymembers&cmtitle=Category)
    skip category (HTTP 429 rate limited: https://en.wikipedia.org/w/api.php?format=json&action=query&list=categorymembers&cmtitle=Category)
    skip category (HTTP 429 rate limited: https://en.wikipedia.org/w/api.php?format=json&action=query&list=categorymembers&cmtitle=Category)
    skip category (HTTP 429 rate limited: https://en.wikipedia.org/w/api.php?format=json&action=query&list=categorymembers&cmtitle=Category)
    skip category (HTTP 429 rate limited: https://en.wikipedia.org/w/api.php?format=json&action=query&list=categorymembers&cmtitle=Category)
    skip category (HTTP 429 rate limited: https://en.wikipedia.org/w/api.php?format=json&action=query&list=categorymembers&cmtitle=Category)
    skip category (HTTP 429 rate limited: https://en.wikipedia.org/w/api.php?format=json&action=query&list=categorymembers&cmtitle=Category)
    skip category (HTTP 429 rate limited: https://en.wikipedia.org/w/api.php?format=json&action=query&list=categorymembers&cmtitle=Category)
    skip category (HTTP 429 rate limited: https://en.wikipedia.org/w/api.php?format=json&action=query&list=categorymembers&cmtitle=Category)
    skip category (HTTP 429 rate limited: https://en.wikipedia.org/w/api.php?format=json&action=query&list=categorymembers&cmtitle=Category)
    skip category (HTTP 429 rate limited: https://en.wikipedia.org/w/api.php?format=json&action=query&list=categorymembers&cmtitle=Category)
    skip category (HTTP 429 rate limited: https://en.wikipedia.org/w/api.php?format=json&action=query&list=categorymembers&cmtitle=Category)
    skip category (HTTP 429 rate limited: https://en.wikipedia.org/w/api.php?format=json&action=query&list=categorymembers&cmtitle=Category)
    skip category (HTTP 429 rate limited: https://en.wikipedia.org/w/api.php?format=json&action=query&list=categorymembers&cmtitle=Category)
    skip category (HTTP 429 rate limited: https://en.wikipedia.org/w/api.php?format=json&action=query&list=categorymembers&cmtitle=Category)
    skip category (HTTP 429 rate limited: https://en.wikipedia.org/w/api.php?format=json&action=query&list=categorymembers&cmtitle=Category)
    skip category (HTTP 429 rate limited: https://en.wikipedia.org/w/api.php?format=json&action=query&list=categorymembers&cmtitle=Category)
    skip category (HTTP 429 rate limited: https://en.wikipedia.org/w/api.php?format=json&action=query&list=categorymembers&cmtitle=Category)
    skip category (HTTP 429 rate limited: https://en.wikipedia.org/w/api.php?format=json&action=query&list=categorymembers&cmtitle=Category)
    skip category (HTTP 429 rate limited: https://en.wikipedia.org/w/api.php?format=json&action=query&list=categorymembers&cmtitle=Category)
    skip category (HTTP 429 rate limited: https://en.wikipedia.org/w/api.php?format=json&action=query&list=categorymembers&cmtitle=Category)
    skip category (HTTP 429 rate limited: https://en.wikipedia.org/w/api.php?format=json&action=query&list=categorymembers&cmtitle=Category)
    skip category (HTTP 429 rate limited: https://en.wikipedia.org/w/api.php?format=json&action=query&list=categorymembers&cmtitle=Category)
    skip category (HTTP 429 rate limited: https://en.wikipedia.org/w/api.php?format=json&action=query&list=categorymembers&cmtitle=Category)
    skip category (HTTP 429 rate limited: https://en.wikipedia.org/w/api.php?format=json&action=query&list=categorymembers&cmtitle=Category)
    skip category (HTTP 429 rate limited: https://en.wikipedia.org/w/api.php?format=json&action=query&list=categorymembers&cmtitle=Category)
    skip category (HTTP 429 rate limited: https://en.wikipedia.org/w/api.php?format=json&action=query&list=categorymembers&cmtitle=Category)
    skip category (HTTP 429 rate limited: https://en.wikipedia.org/w/api.php?format=json&action=query&list=categorymembers&cmtitle=Category)
    skip category (HTTP 429 rate limited: https://en.wikipedia.org/w/api.php?format=json&action=query&list=categorymembers&cmtitle=Category)
    skip category (HTTP 429 rate limited: https://en.wikipedia.org/w/api.php?format=json&action=query&list=categorymembers&cmtitle=Category)
    skip category (HTTP 429 rate limited: https://en.wikipedia.org/w/api.php?format=json&action=query&list=categorymembers&cmtitle=Category)
    skip category (HTTP 429 rate limited: https://en.wikipedia.org/w/api.php?format=json&action=query&list=categorymembers&cmtitle=Category)
    skip category (HTTP 429 rate limited: https://en.wikipedia.org/w/api.php?format=json&action=query&list=categorymembers&cmtitle=Category)
    skip category (HTTP 429 rate limited: https://en.wikipedia.org/w/api.php?format=json&action=query&list=categorymembers&cmtitle=Category)
    skip category (HTTP 429 rate limited: https://en.wikipedia.org/w/api.php?format=json&action=query&list=categorymembers&cmtitle=Category)
    skip category (HTTP 429 rate limited: https://en.wikipedia.org/w/api.php?format=json&action=query&list=categorymembers&cmtitle=Category)
    skip category (HTTP 429 rate limited: https://en.wikipedia.org/w/api.php?format=json&action=query&list=categorymembers&cmtitle=Category)
    skip category (HTTP 429 rate limited: https://en.wikipedia.org/w/api.php?format=json&action=query&list=categorymembers&cmtitle=Category)
    skip category (HTTP 429 rate limited: https://en.wikipedia.org/w/api.php?format=json&action=query&list=categorymembers&cmtitle=Category)
    skip category (HTTP 429 rate limited: https://en.wikipedia.org/w/api.php?format=json&action=query&list=categorymembers&cmtitle=Category)
    skip category (HTTP 429 rate limited: https://en.wikipedia.org/w/api.php?format=json&action=query&list=categorymembers&cmtitle=Category)
    skip category (HTTP 429 rate limited: https://en.wikipedia.org/w/api.php?format=json&action=query&list=categorymembers&cmtitle=Category)
    skip category (HTTP 429 rate limited: https://en.wikipedia.org/w/api.php?format=json&action=query&list=categorymembers&cmtitle=Category)
    skip category (HTTP 429 rate limited: https://en.wikipedia.org/w/api.php?format=json&action=query&list=categorymembers&cmtitle=Category)
    skip category (HTTP 429 rate limited: https://en.wikipedia.org/w/api.php?format=json&action=query&list=categorymembers&cmtitle=Category)
    skip category (HTTP 429 rate limited: https://en.wikipedia.org/w/api.php?format=json&action=query&list=categorymembers&cmtitle=Category)
    skip category (HTTP 429 rate limited: https://en.wikipedia.org/w/api.php?format=json&action=query&list=categorymembers&cmtitle=Category)
    skip category (HTTP 429 rate limited: https://en.wikipedia.org/w/api.php?format=json&action=query&list=categorymembers&cmtitle=Category)
    skip category (HTTP 429 rate limited: https://en.wikipedia.org/w/api.php?format=json&action=query&list=categorymembers&cmtitle=Category)
    skip category (HTTP 429 rate limited: https://en.wikipedia.org/w/api.php?format=json&action=query&list=categorymembers&cmtitle=Category)
    skip category (HTTP 429 rate limited: https://en.wikipedia.org/w/api.php?format=json&action=query&list=categorymembers&cmtitle=Category)
    skip category (HTTP 429 rate limited: https://en.wikipedia.org/w/api.php?format=json&action=query&list=categorymembers&cmtitle=Category)
    skip category (HTTP 429 rate limited: https://en.wikipedia.org/w/api.php?format=json&action=query&list=categorymembers&cmtitle=Category)
    skip category (HTTP 429 rate limited: https://en.wikipedia.org/w/api.php?format=json&action=query&list=categorymembers&cmtitle=Category)
    skip category (HTTP 429 rate limited: https://en.wikipedia.org/w/api.php?format=json&action=query&list=categorymembers&cmtitle=Category)
    skip category (HTTP 429 rate limited: https://en.wikipedia.org/w/api.php?format=json&action=query&list=categorymembers&cmtitle=Category)
    skip category (HTTP 429 rate limited: https://en.wikipedia.org/w/api.php?format=json&action=query&list=categorymembers&cmtitle=Category)
    skip category (HTTP 429 rate limited: https://en.wikipedia.org/w/api.php?format=json&action=query&list=categorymembers&cmtitle=Category)
    skip category (HTTP 429 rate limited: https://en.wikipedia.org/w/api.php?format=json&action=query&list=categorymembers&cmtitle=Category)
    skip category (HTTP 429 rate limited: https://en.wikipedia.org/w/api.php?format=json&action=query&list=categorymembers&cmtitle=Category)
    skip category (HTTP 429 rate limited: https://en.wikipedia.org/w/api.php?format=json&action=query&list=categorymembers&cmtitle=Category)
    skip category (HTTP 429 rate limited: https://en.wikipedia.org/w/api.php?format=json&action=query&list=categorymembers&cmtitle=Category)
    skip category (HTTP 429 rate limited: https://en.wikipedia.org/w/api.php?format=json&action=query&list=categorymembers&cmtitle=Category)
    skip category (HTTP 429 rate limited: https://en.wikipedia.org/w/api.php?format=json&action=query&list=categorymembers&cmtitle=Category)
    skip category (HTTP 429 rate limited: https://en.wikipedia.org/w/api.php?format=json&action=query&list=categorymembers&cmtitle=Category)
    skip category (HTTP 429 rate limited: https://en.wikipedia.org/w/api.php?format=json&action=query&list=categorymembers&cmtitle=Category)
    skip category (HTTP 429 rate limited: https://en.wikipedia.org/w/api.php?format=json&action=query&list=categorymembers&cmtitle=Category)
    skip category (HTTP 429 rate limited: https://en.wikipedia.org/w/api.php?format=json&action=query&list=categorymembers&cmtitle=Category)
    skip category (HTTP 429 rate limited: https://en.wikipedia.org/w/api.php?format=json&action=query&list=categorymembers&cmtitle=Category)
    skip category (HTTP 429 rate limited: https://en.wikipedia.org/w/api.php?format=json&action=query&list=categorymembers&cmtitle=Category)
    skip category (HTTP 429 rate limited: https://en.wikipedia.org/w/api.php?format=json&action=query&list=categorymembers&cmtitle=Category)
    skip category (HTTP 429 rate limited: https://en.wikipedia.org/w/api.php?format=json&action=query&list=categorymembers&cmtitle=Category)
    skip category (HTTP 429 rate limited: https://en.wikipedia.org/w/api.php?format=json&action=query&list=categorymembers&cmtitle=Category)
    skip category (HTTP 429 rate limited: https://en.wikipedia.org/w/api.php?format=json&action=query&list=categorymembers&cmtitle=Category)
    skip category (HTTP 429 rate limited: https://en.wikipedia.org/w/api.php?format=json&action=query&list=categorymembers&cmtitle=Category)
    skip category (HTTP 429 rate limited: https://en.wikipedia.org/w/api.php?format=json&action=query&list=categorymembers&cmtitle=Category)
    skip category (HTTP 429 rate limited: https://en.wikipedia.org/w/api.php?format=json&action=query&list=categorymembers&cmtitle=Category)
    skip category (HTTP 429 rate limited: https://en.wikipedia.org/w/api.php?format=json&action=query&list=categorymembers&cmtitle=Category)
    skip category (HTTP 429 rate limited: https://en.wikipedia.org/w/api.php?format=json&action=query&list=categorymembers&cmtitle=Category)
    skip category (HTTP 429 rate limited: https://en.wikipedia.org/w/api.php?format=json&action=query&list=categorymembers&cmtitle=Category)
    skip category (HTTP 429 rate limited: https://en.wikipedia.org/w/api.php?format=json&action=query&list=categorymembers&cmtitle=Category)
    skip category (HTTP 429 rate limited: https://en.wikipedia.org/w/api.php?format=json&action=query&list=categorymembers&cmtitle=Category)
    skip category (HTTP 429 rate limited: https://en.wikipedia.org/w/api.php?format=json&action=query&list=categorymembers&cmtitle=Category)
    skip category (HTTP 429 rate limited: https://en.wikipedia.org/w/api.php?format=json&action=query&list=categorymembers&cmtitle=Category)
    skip category (HTTP 429 rate limited: https://en.wikipedia.org/w/api.php?format=json&action=query&list=categorymembers&cmtitle=Category)
    skip category (HTTP 429 rate limited: https://en.wikipedia.org/w/api.php?format=json&action=query&list=categorymembers&cmtitle=Category)
    skip category (HTTP 429 rate limited: https://en.wikipedia.org/w/api.php?format=json&action=query&list=categorymembers&cmtitle=Category)
    skip category (HTTP 429 rate limited: https://en.wikipedia.org/w/api.php?format=json&action=query&list=categorymembers&cmtitle=Category)
    skip category (HTTP 429 rate limited: https://en.wikipedia.org/w/api.php?format=json&action=query&list=categorymembers&cmtitle=Category)
    skip category (HTTP 429 rate limited: https://en.wikipedia.org/w/api.php?format=json&action=query&list=categorymembers&cmtitle=Category)
    skip category (HTTP 429 rate limited: https://en.wikipedia.org/w/api.php?format=json&action=query&list=categorymembers&cmtitle=Category)
    skip category (HTTP 429 rate limited: https://en.wikipedia.org/w/api.php?format=json&action=query&list=categorymembers&cmtitle=Category)
    skip category (HTTP 429 rate limited: https://en.wikipedia.org/w/api.php?format=json&action=query&list=categorymembers&cmtitle=Category)
    skip category (HTTP 429 rate limited: https://en.wikipedia.org/w/api.php?format=json&action=query&list=categorymembers&cmtitle=Category)
    skip category (HTTP 429 rate limited: https://en.wikipedia.org/w/api.php?format=json&action=query&list=categorymembers&cmtitle=Category)
    skip category (HTTP 429 rate limited: https://en.wikipedia.org/w/api.php?format=json&action=query&list=categorymembers&cmtitle=Category)
    skip category (HTTP 429 rate limited: https://en.wikipedia.org/w/api.php?format=json&action=query&list=categorymembers&cmtitle=Category)
    skip category (HTTP 429 rate limited: https://en.wikipedia.org/w/api.php?format=json&action=query&list=categorymembers&cmtitle=Category)
    skip category (HTTP 429 rate limited: https://en.wikipedia.org/w/api.php?format=json&action=query&list=categorymembers&cmtitle=Category)
    skip category (HTTP 429 rate limited: https://en.wikipedia.org/w/api.php?format=json&action=query&list=categorymembers&cmtitle=Category)
    skip category (HTTP 429 rate limited: https://en.wikipedia.org/w/api.php?format=json&action=query&list=categorymembers&cmtitle=Category)
    skip category (HTTP 429 rate limited: https://en.wikipedia.org/w/api.php?format=json&action=query&list=categorymembers&cmtitle=Category)
    skip category (HTTP 429 rate limited: https://en.wikipedia.org/w/api.php?format=json&action=query&list=categorymembers&cmtitle=Category)
    skip category (HTTP 429 rate limited: https://en.wikipedia.org/w/api.php?format=json&action=query&list=categorymembers&cmtitle=Category)
    skip category (HTTP 429 rate limited: https://en.wikipedia.org/w/api.php?format=json&action=query&list=categorymembers&cmtitle=Category)
    skip category (HTTP 429 rate limited: https://en.wikipedia.org/w/api.php?format=json&action=query&list=categorymembers&cmtitle=Category)
    skip category (HTTP 429 rate limited: https://en.wikipedia.org/w/api.php?format=json&action=query&list=categorymembers&cmtitle=Category)
    skip category (HTTP 429 rate limited: https://en.wikipedia.org/w/api.php?format=json&action=query&list=categorymembers&cmtitle=Category)
    skip category (HTTP 429 rate limited: https://en.wikipedia.org/w/api.php?format=json&action=query&list=categorymembers&cmtitle=Category)
    skip category (HTTP 429 rate limited: https://en.wikipedia.org/w/api.php?format=json&action=query&list=categorymembers&cmtitle=Category)
    skip category (HTTP 429 rate limited: https://en.wikipedia.org/w/api.php?format=json&action=query&list=categorymembers&cmtitle=Category)
    skip category (HTTP 429 rate limited: https://en.wikipedia.org/w/api.php?format=json&action=query&list=categorymembers&cmtitle=Category)
    skip category (HTTP 429 rate limited: https://en.wikipedia.org/w/api.php?format=json&action=query&list=categorymembers&cmtitle=Category)
    skip category (HTTP 429 rate limited: https://en.wikipedia.org/w/api.php?format=json&action=query&list=categorymembers&cmtitle=Category)
    skip category (HTTP 429 rate limited: https://en.wikipedia.org/w/api.php?format=json&action=query&list=categorymembers&cmtitle=Category)
    skip category (HTTP 429 rate limited: https://en.wikipedia.org/w/api.php?format=json&action=query&list=categorymembers&cmtitle=Category)
    skip category (HTTP 429 rate limited: https://en.wikipedia.org/w/api.php?format=json&action=query&list=categorymembers&cmtitle=Category)
    skip category (HTTP 429 rate limited: https://en.wikipedia.org/w/api.php?format=json&action=query&list=categorymembers&cmtitle=Category)
    skip category (HTTP 429 rate limited: https://en.wikipedia.org/w/api.php?format=json&action=query&list=categorymembers&cmtitle=Category)
    skip category (HTTP 429 rate limited: https://en.wikipedia.org/w/api.php?format=json&action=query&list=categorymembers&cmtitle=Category)
    skip category (HTTP 429 rate limited: https://en.wikipedia.org/w/api.php?format=json&action=query&list=categorymembers&cmtitle=Category)
    skip category (HTTP 429 rate limited: https://en.wikipedia.org/w/api.php?format=json&action=query&list=categorymembers&cmtitle=Category)
    skip category (HTTP 429 rate limited: https://en.wikipedia.org/w/api.php?format=json&action=query&list=categorymembers&cmtitle=Category)
    skip category (HTTP 429 rate limited: https://en.wikipedia.org/w/api.php?format=json&action=query&list=categorymembers&cmtitle=Category)
    skip category (HTTP 429 rate limited: https://en.wikipedia.org/w/api.php?format=json&action=query&list=categorymembers&cmtitle=Category)
    skip category (HTTP 429 rate limited: https://en.wikipedia.org/w/api.php?format=json&action=query&list=categorymembers&cmtitle=Category)
    skip category (HTTP 429 rate limited: https://en.wikipedia.org/w/api.php?format=json&action=query&list=categorymembers&cmtitle=Category)
    skip category (HTTP 429 rate limited: https://en.wikipedia.org/w/api.php?format=json&action=query&list=categorymembers&cmtitle=Category)
    skip category (HTTP 429 rate limited: https://en.wikipedia.org/w/api.php?format=json&action=query&list=categorymembers&cmtitle=Category)
    skip category (HTTP 429 rate limited: https://en.wikipedia.org/w/api.php?format=json&action=query&list=categorymembers&cmtitle=Category)
    skip category (HTTP 429 rate limited: https://en.wikipedia.org/w/api.php?format=json&action=query&list=categorymembers&cmtitle=Category)
    skip category (HTTP 429 rate limited: https://en.wikipedia.org/w/api.php?format=json&action=query&list=categorymembers&cmtitle=Category)
    skip category (HTTP 429 rate limited: https://en.wikipedia.org/w/api.php?format=json&action=query&list=categorymembers&cmtitle=Category)
    skip category (HTTP 429 rate limited: https://en.wikipedia.org/w/api.php?format=json&action=query&list=categorymembers&cmtitle=Category)
    skip category (HTTP 429 rate limited: https://en.wikipedia.org/w/api.php?format=json&action=query&list=categorymembers&cmtitle=Category)
    skip category (HTTP 429 rate limited: https://en.wikipedia.org/w/api.php?format=json&action=query&list=categorymembers&cmtitle=Category)
    skip category (HTTP 429 rate limited: https://en.wikipedia.org/w/api.php?format=json&action=query&list=categorymembers&cmtitle=Category)
    skip category (HTTP 429 rate limited: https://en.wikipedia.org/w/api.php?format=json&action=query&list=categorymembers&cmtitle=Category)
    skip category (HTTP 429 rate limited: https://en.wikipedia.org/w/api.php?format=json&action=query&list=categorymembers&cmtitle=Category)
    skip category (HTTP 429 rate limited: https://en.wikipedia.org/w/api.php?format=json&action=query&list=categorymembers&cmtitle=Category)
    skip category (HTTP 429 rate limited: https://en.wikipedia.org/w/api.php?format=json&action=query&list=categorymembers&cmtitle=Category)
    skip category (HTTP 429 rate limited: https://en.wikipedia.org/w/api.php?format=json&action=query&list=categorymembers&cmtitle=Category)
    skip category (HTTP 429 rate limited: https://en.wikipedia.org/w/api.php?format=json&action=query&list=categorymembers&cmtitle=Category)
    skip category (HTTP 429 rate limited: https://en.wikipedia.org/w/api.php?format=json&action=query&list=categorymembers&cmtitle=Category)
    skip category (HTTP 429 rate limited: https://en.wikipedia.org/w/api.php?format=json&action=query&list=categorymembers&cmtitle=Category)
    skip category (HTTP 429 rate limited: https://en.wikipedia.org/w/api.php?format=json&action=query&list=categorymembers&cmtitle=Category)
    skip category (HTTP 429 rate limited: https://en.wikipedia.org/w/api.php?format=json&action=query&list=categorymembers&cmtitle=Category)
    skip category (HTTP 429 rate limited: https://en.wikipedia.org/w/api.php?format=json&action=query&list=categorymembers&cmtitle=Category)
    skip category (HTTP 429 rate limited: https://en.wikipedia.org/w/api.php?format=json&action=query&list=categorymembers&cmtitle=Category)
    skip category (HTTP 429 rate limited: https://en.wikipedia.org/w/api.php?format=json&action=query&list=categorymembers&cmtitle=Category)
    skip category (HTTP 429 rate limited: https://en.wikipedia.org/w/api.php?format=json&action=query&list=categorymembers&cmtitle=Category)
    skip category (HTTP 429 rate limited: https://en.wikipedia.org/w/api.php?format=json&action=query&list=categorymembers&cmtitle=Category)
    skip category (HTTP 429 rate limited: https://en.wikipedia.org/w/api.php?format=json&action=query&list=categorymembers&cmtitle=Category)
    skip category (HTTP 429 rate limited: https://en.wikipedia.org/w/api.php?format=json&action=query&list=categorymembers&cmtitle=Category)
    skip category (HTTP 429 rate limited: https://en.wikipedia.org/w/api.php?format=json&action=query&list=categorymembers&cmtitle=Category)
    skip category (HTTP 429 rate limited: https://en.wikipedia.org/w/api.php?format=json&action=query&list=categorymembers&cmtitle=Category)
    skip category (HTTP 429 rate limited: https://en.wikipedia.org/w/api.php?format=json&action=query&list=categorymembers&cmtitle=Category)
    skip category (HTTP 429 rate limited: https://en.wikipedia.org/w/api.php?format=json&action=query&list=categorymembers&cmtitle=Category)
    skip category (HTTP 429 rate limited: https://en.wikipedia.org/w/api.php?format=json&action=query&list=categorymembers&cmtitle=Category)
    skip category (HTTP 429 rate limited: https://en.wikipedia.org/w/api.php?format=json&action=query&list=categorymembers&cmtitle=Category)
    skip category (HTTP 429 rate limited: https://en.wikipedia.org/w/api.php?format=json&action=query&list=categorymembers&cmtitle=Category)
    skip category (HTTP 429 rate limited: https://en.wikipedia.org/w/api.php?format=json&action=query&list=categorymembers&cmtitle=Category)
    skip category (HTTP 429 rate limited: https://en.wikipedia.org/w/api.php?format=json&action=query&list=categorymembers&cmtitle=Category)
    skip category (HTTP 429 rate limited: https://en.wikipedia.org/w/api.php?format=json&action=query&list=categorymembers&cmtitle=Category)
    skip category (HTTP 429 rate limited: https://en.wikipedia.org/w/api.php?format=json&action=query&list=categorymembers&cmtitle=Category)
    skip category (HTTP 429 rate limited: https://en.wikipedia.org/w/api.php?format=json&action=query&list=categorymembers&cmtitle=Category)
    skip category (HTTP 429 rate limited: https://en.wikipedia.org/w/api.php?format=json&action=query&list=categorymembers&cmtitle=Category)
    skip category (HTTP 429 rate limited: https://en.wikipedia.org/w/api.php?format=json&action=query&list=categorymembers&cmtitle=Category)
    skip category (HTTP 429 rate limited: https://en.wikipedia.org/w/api.php?format=json&action=query&list=categorymembers&cmtitle=Category)
    skip category (HTTP 429 rate limited: https://en.wikipedia.org/w/api.php?format=json&action=query&list=categorymembers&cmtitle=Category)
    skip category (HTTP 429 rate limited: https://en.wikipedia.org/w/api.php?format=json&action=query&list=categorymembers&cmtitle=Category)
    skip category (HTTP 429 rate limited: https://en.wikipedia.org/w/api.php?format=json&action=query&list=categorymembers&cmtitle=Category)
    skip category (HTTP 429 rate limited: https://en.wikipedia.org/w/api.php?format=json&action=query&list=categorymembers&cmtitle=Category)
    skip category (HTTP 429 rate limited: https://en.wikipedia.org/w/api.php?format=json&action=query&list=categorymembers&cmtitle=Category)
    skip category (HTTP 429 rate limited: https://en.wikipedia.org/w/api.php?format=json&action=query&list=categorymembers&cmtitle=Category)
    skip category (HTTP 429 rate limited: https://en.wikipedia.org/w/api.php?format=json&action=query&list=categorymembers&cmtitle=Category)
    skip category (HTTP 429 rate limited: https://en.wikipedia.org/w/api.php?format=json&action=query&list=categorymembers&cmtitle=Category)
    skip category (HTTP 429 rate limited: https://en.wikipedia.org/w/api.php?format=json&action=query&list=categorymembers&cmtitle=Category)
    skip category (HTTP 429 rate limited: https://en.wikipedia.org/w/api.php?format=json&action=query&list=categorymembers&cmtitle=Category)
    skip category (HTTP 429 rate limited: https://en.wikipedia.org/w/api.php?format=json&action=query&list=categorymembers&cmtitle=Category)
    skip category (HTTP 429 rate limited: https://en.wikipedia.org/w/api.php?format=json&action=query&list=categorymembers&cmtitle=Category)
    skip category (HTTP 429 rate limited: https://en.wikipedia.org/w/api.php?format=json&action=query&list=categorymembers&cmtitle=Category)
    skip category (HTTP 429 rate limited: https://en.wikipedia.org/w/api.php?format=json&action=query&list=categorymembers&cmtitle=Category)
    skip category (HTTP 429 rate limited: https://en.wikipedia.org/w/api.php?format=json&action=query&list=categorymembers&cmtitle=Category)
    skip category (HTTP 429 rate limited: https://en.wikipedia.org/w/api.php?format=json&action=query&list=categorymembers&cmtitle=Category)
    skip category (HTTP 429 rate limited: https://en.wikipedia.org/w/api.php?format=json&action=query&list=categorymembers&cmtitle=Category)
    skip category (HTTP 429 rate limited: https://en.wikipedia.org/w/api.php?format=json&action=query&list=categorymembers&cmtitle=Category)
    skip category (HTTP 429 rate limited: https://en.wikipedia.org/w/api.php?format=json&action=query&list=categorymembers&cmtitle=Category)
    skip category (HTTP 429 rate limited: https://en.wikipedia.org/w/api.php?format=json&action=query&list=categorymembers&cmtitle=Category)
    skip category (HTTP 429 rate limited: https://en.wikipedia.org/w/api.php?format=json&action=query&list=categorymembers&cmtitle=Category)
    skip category (HTTP 429 rate limited: https://en.wikipedia.org/w/api.php?format=json&action=query&list=categorymembers&cmtitle=Category)
    skip category (HTTP 429 rate limited: https://en.wikipedia.org/w/api.php?format=json&action=query&list=categorymembers&cmtitle=Category)
    skip category (HTTP 429 rate limited: https://en.wikipedia.org/w/api.php?format=json&action=query&list=categorymembers&cmtitle=Category)
    skip category (HTTP 429 rate limited: https://en.wikipedia.org/w/api.php?format=json&action=query&list=categorymembers&cmtitle=Category)
    skip category (HTTP 429 rate limited: https://en.wikipedia.org/w/api.php?format=json&action=query&list=categorymembers&cmtitle=Category)
    skip category (HTTP 429 rate limited: https://en.wikipedia.org/w/api.php?format=json&action=query&list=categorymembers&cmtitle=Category)
    skip category (HTTP 429 rate limited: https://en.wikipedia.org/w/api.php?format=json&action=query&list=categorymembers&cmtitle=Category)
    skip category (HTTP 429 rate limited: https://en.wikipedia.org/w/api.php?format=json&action=query&list=categorymembers&cmtitle=Category)
    skip category (HTTP 429 rate limited: https://en.wikipedia.org/w/api.php?format=json&action=query&list=categorymembers&cmtitle=Category)
    skip category (HTTP 429 rate limited: https://en.wikipedia.org/w/api.php?format=json&action=query&list=categorymembers&cmtitle=Category)
    skip category (HTTP 429 rate limited: https://en.wikipedia.org/w/api.php?format=json&action=query&list=categorymembers&cmtitle=Category)
    skip category (HTTP 429 rate limited: https://en.wikipedia.org/w/api.php?format=json&action=query&list=categorymembers&cmtitle=Category)
    skip category (HTTP 429 rate limited: https://en.wikipedia.org/w/api.php?format=json&action=query&list=categorymembers&cmtitle=Category)
    skip category (HTTP 429 rate limited: https://en.wikipedia.org/w/api.php?format=json&action=query&list=categorymembers&cmtitle=Category)
    skip category (HTTP 429 rate limited: https://en.wikipedia.org/w/api.php?format=json&action=query&list=categorymembers&cmtitle=Category)
    skip category (HTTP 429 rate limited: https://en.wikipedia.org/w/api.php?format=json&action=query&list=categorymembers&cmtitle=Category)
    skip category (HTTP 429 rate limited: https://en.wikipedia.org/w/api.php?format=json&action=query&list=categorymembers&cmtitle=Category)
    skip category (HTTP 429 rate limited: https://en.wikipedia.org/w/api.php?format=json&action=query&list=categorymembers&cmtitle=Category)
    skip category (HTTP 429 rate limited: https://en.wikipedia.org/w/api.php?format=json&action=query&list=categorymembers&cmtitle=Category)
    skip category (HTTP 429 rate limited: https://en.wikipedia.org/w/api.php?format=json&action=query&list=categorymembers&cmtitle=Category)
    skip category (HTTP 429 rate limited: https://en.wikipedia.org/w/api.php?format=json&action=query&list=categorymembers&cmtitle=Category)
    skip category (HTTP 429 rate limited: https://en.wikipedia.org/w/api.php?format=json&action=query&list=categorymembers&cmtitle=Category)
    skip category (HTTP 429 rate limited: https://en.wikipedia.org/w/api.php?format=json&action=query&list=categorymembers&cmtitle=Category)
    skip category (HTTP 429 rate limited: https://en.wikipedia.org/w/api.php?format=json&action=query&list=categorymembers&cmtitle=Category)
    skip category (HTTP 429 rate limited: https://en.wikipedia.org/w/api.php?format=json&action=query&list=categorymembers&cmtitle=Category)
    skip category (HTTP 429 rate limited: https://en.wikipedia.org/w/api.php?format=json&action=query&list=categorymembers&cmtitle=Category)
    skip category (HTTP 429 rate limited: https://en.wikipedia.org/w/api.php?format=json&action=query&list=categorymembers&cmtitle=Category)
    skip category (HTTP 429 rate limited: https://en.wikipedia.org/w/api.php?format=json&action=query&list=categorymembers&cmtitle=Category)
    skip category (HTTP 429 rate limited: https://en.wikipedia.org/w/api.php?format=json&action=query&list=categorymembers&cmtitle=Category)
    skip category (HTTP 429 rate limited: https://en.wikipedia.org/w/api.php?format=json&action=query&list=categorymembers&cmtitle=Category)
    skip category (HTTP 429 rate limited: https://en.wikipedia.org/w/api.php?format=json&action=query&list=categorymembers&cmtitle=Category)
    skip category (HTTP 429 rate limited: https://en.wikipedia.org/w/api.php?format=json&action=query&list=categorymembers&cmtitle=Category)
    skip category (HTTP 429 rate limited: https://en.wikipedia.org/w/api.php?format=json&action=query&list=categorymembers&cmtitle=Category)
    skip category (HTTP 429 rate limited: https://en.wikipedia.org/w/api.php?format=json&action=query&list=categorymembers&cmtitle=Category)
    skip category (HTTP 429 rate limited: https://en.wikipedia.org/w/api.php?format=json&action=query&list=categorymembers&cmtitle=Category)
    skip category (HTTP 429 rate limited: https://en.wikipedia.org/w/api.php?format=json&action=query&list=categorymembers&cmtitle=Category)
    skip category (HTTP 429 rate limited: https://en.wikipedia.org/w/api.php?format=json&action=query&list=categorymembers&cmtitle=Category)
    skip category (HTTP 429 rate limited: https://en.wikipedia.org/w/api.php?format=json&action=query&list=categorymembers&cmtitle=Category)
    skip category (HTTP 429 rate limited: https://en.wikipedia.org/w/api.php?format=json&action=query&list=categorymembers&cmtitle=Category)
    skip category (HTTP 429 rate limited: https://en.wikipedia.org/w/api.php?format=json&action=query&list=categorymembers&cmtitle=Category)
    skip category (HTTP 429 rate limited: https://en.wikipedia.org/w/api.php?format=json&action=query&list=categorymembers&cmtitle=Category)
    skip category (HTTP 429 rate limited: https://en.wikipedia.org/w/api.php?format=json&action=query&list=categorymembers&cmtitle=Category)
    skip category (HTTP 429 rate limited: https://en.wikipedia.org/w/api.php?format=json&action=query&list=categorymembers&cmtitle=Category)
    skip category (HTTP 429 rate limited: https://en.wikipedia.org/w/api.php?format=json&action=query&list=categorymembers&cmtitle=Category)
    skip category (HTTP 429 rate limited: https://en.wikipedia.org/w/api.php?format=json&action=query&list=categorymembers&cmtitle=Category)
    skip category (HTTP 429 rate limited: https://en.wikipedia.org/w/api.php?format=json&action=query&list=categorymembers&cmtitle=Category)
    skip category (HTTP 429 rate limited: https://en.wikipedia.org/w/api.php?format=json&action=query&list=categorymembers&cmtitle=Category)
    skip category (HTTP 429 rate limited: https://en.wikipedia.org/w/api.php?format=json&action=query&list=categorymembers&cmtitle=Category)
    skip category (HTTP 429 rate limited: https://en.wikipedia.org/w/api.php?format=json&action=query&list=categorymembers&cmtitle=Category)
    skip category (HTTP 429 rate limited: https://en.wikipedia.org/w/api.php?format=json&action=query&list=categorymembers&cmtitle=Category)
    skip category (HTTP 429 rate limited: https://en.wikipedia.org/w/api.php?format=json&action=query&list=categorymembers&cmtitle=Category)
    skip category (HTTP 429 rate limited: https://en.wikipedia.org/w/api.php?format=json&action=query&list=categorymembers&cmtitle=Category)
  intro batch failed: HTTP 429 rate limited: https://en.wikipedia.org/w/api.php?format=json&action=query&titles=1900+Galveston+hurricane&redirects=1&prop=revisions&rvprop=content&rvslots=main
    skip category (HTTP 429 rate limited: https://en.wikipedia.org/w/api.php?format=json&action=query&list=categorymembers&cmtitle=Category)
    skip category (HTTP 429 rate limited: https://en.wikipedia.org/w/api.php?format=json&action=query&list=categorymembers&cmtitle=Category)
    skip category (HTTP 429 rate limited: https://en.wikipedia.org/w/api.php?format=json&action=query&list=categorymembers&cmtitle=Category)
    skip category (HTTP 429 rate limited: https://en.wikipedia.org/w/api.php?format=json&action=query&list=categorymembers&cmtitle=Category)
    skip category (HTTP 429 rate limited: https://en.wikipedia.org/w/api.php?format=json&action=query&list=categorymembers&cmtitle=Category)
    skip category (HTTP 429 rate limited: https://en.wikipedia.org/w/api.php?format=json&action=query&list=categorymembers&cmtitle=Category)
    skip category (HTTP 429 rate limited: https://en.wikipedia.org/w/api.php?format=json&action=query&list=categorymembers&cmtitle=Category)
    skip category (HTTP 429 rate limited: https://en.wikipedia.org/w/api.php?format=json&action=query&list=categorymembers&cmtitle=Category)
    skip category (HTTP 429 rate limited: https://en.wikipedia.org/w/api.php?format=json&action=query&list=categorymembers&cmtitle=Category)
    skip category (HTTP 429 rate limited: https://en.wikipedia.org/w/api.php?format=json&action=query&list=categorymembers&cmtitle=Category)
    skip category (HTTP 429 rate limited: https://en.wikipedia.org/w/api.php?format=json&action=query&list=categorymembers&cmtitle=Category)
  identity batch failed: HTTP 429 rate limited: https://en.wikipedia.org/w/api.php?format=json&action=query&titles=Mount+St.+Helens&redirects=1&prop=pageimages%7Cinfo&piprop=thumbnail%7Cname&pithumbsize=180&inprop=url
  intro batch failed: HTTP 429 rate limited: https://en.wikipedia.org/w/api.php?format=json&action=query&titles=Mount+St.+Helens&redirects=1&prop=revisions&rvprop=content&rvslots=main
    skip category (HTTP 429 rate limited: https://en.wikipedia.org/w/api.php?format=json&action=query&list=categorymembers&cmtitle=Category)
    skip category (HTTP 429 rate limited: https://en.wikipedia.org/w/api.php?format=json&action=query&list=categorymembers&cmtitle=Category)
    skip category (HTTP 429 rate limited: https://en.wikipedia.org/w/api.php?format=json&action=query&list=categorymembers&cmtitle=Category)
    skip category (HTTP 429 rate limited: https://en.wikipedia.org/w/api.php?format=json&action=query&list=categorymembers&cmtitle=Category)
    skip category (HTTP 429 rate limited: https://en.wikipedia.org/w/api.php?format=json&action=query&list=categorymembers&cmtitle=Category)
    skip category (HTTP 429 rate limited: https://en.wikipedia.org/w/api.php?format=json&action=query&list=categorymembers&cmtitle=Category)
    skip category (HTTP 429 rate limited: https://en.wikipedia.org/w/api.php?format=json&action=query&list=categorymembers&cmtitle=Category)
    skip category (HTTP 429 rate limited: https://en.wikipedia.org/w/api.php?format=json&action=query&list=categorymembers&cmtitle=Category)
    skip category (HTTP 429 rate limited: https://en.wikipedia.org/w/api.php?format=json&action=query&list=categorymembers&cmtitle=Category)
    skip category (HTTP 429 rate limited: https://en.wikipedia.org/w/api.php?format=json&action=query&list=categorymembers&cmtitle=Category)
    skip category (HTTP 429 rate limited: https://en.wikipedia.org/w/api.php?format=json&action=query&list=categorymembers&cmtitle=Category)
    skip category (HTTP 429 rate limited: https://en.wikipedia.org/w/api.php?format=json&action=query&list=categorymembers&cmtitle=Category)
    skip category (HTTP 429 rate limited: https://en.wikipedia.org/w/api.php?format=json&action=query&list=categorymembers&cmtitle=Category)
    skip category (HTTP 429 rate limited: https://en.wikipedia.org/w/api.php?format=json&action=query&list=categorymembers&cmtitle=Category)
    skip category (HTTP 429 rate limited: https://en.wikipedia.org/w/api.php?format=json&action=query&list=categorymembers&cmtitle=Category)
    skip category (HTTP 429 rate limited: https://en.wikipedia.org/w/api.php?format=json&action=query&list=categorymembers&cmtitle=Category)
    skip category (HTTP 429 rate limited: https://en.wikipedia.org/w/api.php?format=json&action=query&list=categorymembers&cmtitle=Category)
    skip category (HTTP 429 rate limited: https://en.wikipedia.org/w/api.php?format=json&action=query&list=categorymembers&cmtitle=Category)
    skip category (HTTP 429 rate limited: https://en.wikipedia.org/w/api.php?format=json&action=query&list=categorymembers&cmtitle=Category)
    skip category (HTTP 429 rate limited: https://en.wikipedia.org/w/api.php?format=json&action=query&list=categorymembers&cmtitle=Category)
    skip category (HTTP 429 rate limited: https://en.wikipedia.org/w/api.php?format=json&action=query&list=categorymembers&cmtitle=Category)
    skip category (HTTP 429 rate limited: https://en.wikipedia.org/w/api.php?format=json&action=query&list=categorymembers&cmtitle=Category)
    skip category (HTTP 429 rate limited: https://en.wikipedia.org/w/api.php?format=json&action=query&list=categorymembers&cmtitle=Category)
    skip category (HTTP 429 rate limited: https://en.wikipedia.org/w/api.php?format=json&action=query&list=categorymembers&cmtitle=Category)
    skip category (HTTP 429 rate limited: https://en.wikipedia.org/w/api.php?format=json&action=query&list=categorymembers&cmtitle=Category)
    skip category (HTTP 429 rate limited: https://en.wikipedia.org/w/api.php?format=json&action=query&list=categorymembers&cmtitle=Category)
    skip category (HTTP 429 rate limited: https://en.wikipedia.org/w/api.php?format=json&action=query&list=categorymembers&cmtitle=Category)
    skip category (HTTP 429 rate limited: https://en.wikipedia.org/w/api.php?format=json&action=query&list=categorymembers&cmtitle=Category)
    skip category (HTTP 429 rate limited: https://en.wikipedia.org/w/api.php?format=json&action=query&list=categorymembers&cmtitle=Category)
    skip category (HTTP 429 rate limited: https://en.wikipedia.org/w/api.php?format=json&action=query&list=categorymembers&cmtitle=Category)
    skip category (HTTP 429 rate limited: https://en.wikipedia.org/w/api.php?format=json&action=query&list=categorymembers&cmtitle=Category)
    skip category (HTTP 429 rate limited: https://en.wikipedia.org/w/api.php?format=json&action=query&list=categorymembers&cmtitle=Category)
    skip category (HTTP 429 rate limited: https://en.wikipedia.org/w/api.php?format=json&action=query&list=categorymembers&cmtitle=Category)
    skip category (HTTP 429 rate limited: https://en.wikipedia.org/w/api.php?format=json&action=query&list=categorymembers&cmtitle=Category)
    skip category (HTTP 429 rate limited: https://en.wikipedia.org/w/api.php?format=json&action=query&list=categorymembers&cmtitle=Category)
    skip category (HTTP 429 rate limited: https://en.wikipedia.org/w/api.php?format=json&action=query&list=categorymembers&cmtitle=Category)
    skip category (HTTP 429 rate limited: https://en.wikipedia.org/w/api.php?format=json&action=query&list=categorymembers&cmtitle=Category)
    skip category (HTTP 429 rate limited: https://en.wikipedia.org/w/api.php?format=json&action=query&list=categorymembers&cmtitle=Category)
    skip category (HTTP 429 rate limited: https://en.wikipedia.org/w/api.php?format=json&action=query&list=categorymembers&cmtitle=Category)
    skip category (HTTP 429 rate limited: https://en.wikipedia.org/w/api.php?format=json&action=query&list=categorymembers&cmtitle=Category)
    skip category (HTTP 429 rate limited: https://en.wikipedia.org/w/api.php?format=json&action=query&list=categorymembers&cmtitle=Category)
    skip category (HTTP 429 rate limited: https://en.wikipedia.org/w/api.php?format=json&action=query&list=categorymembers&cmtitle=Category)
    skip category (HTTP 429 rate limited: https://en.wikipedia.org/w/api.php?format=json&action=query&list=categorymembers&cmtitle=Category)
    skip category (HTTP 429 rate limited: https://en.wikipedia.org/w/api.php?format=json&action=query&list=categorymembers&cmtitle=Category)
    skip category (HTTP 429 rate limited: https://en.wikipedia.org/w/api.php?format=json&action=query&list=categorymembers&cmtitle=Category)
    skip category (HTTP 429 rate limited: https://en.wikipedia.org/w/api.php?format=json&action=query&list=categorymembers&cmtitle=Category)
    skip category (HTTP 429 rate limited: https://en.wikipedia.org/w/api.php?format=json&action=query&list=categorymembers&cmtitle=Category)
    skip category (HTTP 429 rate limited: https://en.wikipedia.org/w/api.php?format=json&action=query&list=categorymembers&cmtitle=Category)
    skip category (HTTP 429 rate limited: https://en.wikipedia.org/w/api.php?format=json&action=query&list=categorymembers&cmtitle=Category)
    skip category (HTTP 429 rate limited: https://en.wikipedia.org/w/api.php?format=json&action=query&list=categorymembers&cmtitle=Category)
    skip category (HTTP 429 rate limited: https://en.wikipedia.org/w/api.php?format=json&action=query&list=categorymembers&cmtitle=Category)
    skip category (HTTP 429 rate limited: https://en.wikipedia.org/w/api.php?format=json&action=query&list=categorymembers&cmtitle=Category)
    skip category (HTTP 429 rate limited: https://en.wikipedia.org/w/api.php?format=json&action=query&list=categorymembers&cmtitle=Category)
    skip category (HTTP 429 rate limited: https://en.wikipedia.org/w/api.php?format=json&action=query&list=categorymembers&cmtitle=Category)
    skip category (HTTP 429 rate limited: https://en.wikipedia.org/w/api.php?format=json&action=query&list=categorymembers&cmtitle=Category)
    skip category (HTTP 429 rate limited: https://en.wikipedia.org/w/api.php?format=json&action=query&list=categorymembers&cmtitle=Category)
    skip category (HTTP 429 rate limited: https://en.wikipedia.org/w/api.php?format=json&action=query&list=categorymembers&cmtitle=Category)
    skip category (HTTP 429 rate limited: https://en.wikipedia.org/w/api.php?format=json&action=query&list=categorymembers&cmtitle=Category)
    skip category (HTTP 429 rate limited: https://en.wikipedia.org/w/api.php?format=json&action=query&list=categorymembers&cmtitle=Category)
    skip category (HTTP 429 rate limited: https://en.wikipedia.org/w/api.php?format=json&action=query&list=categorymembers&cmtitle=Category)
    skip category (HTTP 429 rate limited: https://en.wikipedia.org/w/api.php?format=json&action=query&list=categorymembers&cmtitle=Category)
    skip category (HTTP 429 rate limited: https://en.wikipedia.org/w/api.php?format=json&action=query&list=categorymembers&cmtitle=Category)
    skip category (HTTP 429 rate limited: https://en.wikipedia.org/w/api.php?format=json&action=query&list=categorymembers&cmtitle=Category)
    skip category (HTTP 429 rate limited: https://en.wikipedia.org/w/api.php?format=json&action=query&list=categorymembers&cmtitle=Category)
    skip category (HTTP 429 rate limited: https://en.wikipedia.org/w/api.php?format=json&action=query&list=categorymembers&cmtitle=Category)
    skip category (HTTP 429 rate limited: https://en.wikipedia.org/w/api.php?format=json&action=query&list=categorymembers&cmtitle=Category)
    skip category (HTTP 429 rate limited: https://en.wikipedia.org/w/api.php?format=json&action=query&list=categorymembers&cmtitle=Category)
    skip category (HTTP 429 rate limited: https://en.wikipedia.org/w/api.php?format=json&action=query&list=categorymembers&cmtitle=Category)
    skip category (HTTP 429 rate limited: https://en.wikipedia.org/w/api.php?format=json&action=query&list=categorymembers&cmtitle=Category)
    skip category (HTTP 429 rate limited: https://en.wikipedia.org/w/api.php?format=json&action=query&list=categorymembers&cmtitle=Category)
    skip category (HTTP 429 rate limited: https://en.wikipedia.org/w/api.php?format=json&action=query&list=categorymembers&cmtitle=Category)
    skip category (HTTP 429 rate limited: https://en.wikipedia.org/w/api.php?format=json&action=query&list=categorymembers&cmtitle=Category)
    skip category (HTTP 429 rate limited: https://en.wikipedia.org/w/api.php?format=json&action=query&list=categorymembers&cmtitle=Category)
    skip category (HTTP 429 rate limited: https://en.wikipedia.org/w/api.php?format=json&action=query&list=categorymembers&cmtitle=Category)
    skip category (HTTP 429 rate limited: https://en.wikipedia.org/w/api.php?format=json&action=query&list=categorymembers&cmtitle=Category)
    skip category (HTTP 429 rate limited: https://en.wikipedia.org/w/api.php?format=json&action=query&list=categorymembers&cmtitle=Category)
    skip category (HTTP 429 rate limited: https://en.wikipedia.org/w/api.php?format=json&action=query&list=categorymembers&cmtitle=Category)
    skip category (HTTP 429 rate limited: https://en.wikipedia.org/w/api.php?format=json&action=query&list=categorymembers&cmtitle=Category)
    skip category (HTTP 429 rate limited: https://en.wikipedia.org/w/api.php?format=json&action=query&list=categorymembers&cmtitle=Category)
    skip category (HTTP 429 rate limited: https://en.wikipedia.org/w/api.php?format=json&action=query&list=categorymembers&cmtitle=Category)
    skip category (HTTP 429 rate limited: https://en.wikipedia.org/w/api.php?format=json&action=query&list=categorymembers&cmtitle=Category)
    skip category (HTTP 429 rate limited: https://en.wikipedia.org/w/api.php?format=json&action=query&list=categorymembers&cmtitle=Category)
    skip category (HTTP 429 rate limited: https://en.wikipedia.org/w/api.php?format=json&action=query&list=categorymembers&cmtitle=Category)
    skip category (HTTP 429 rate limited: https://en.wikipedia.org/w/api.php?format=json&action=query&list=categorymembers&cmtitle=Category)
    skip category (HTTP 429 rate limited: https://en.wikipedia.org/w/api.php?format=json&action=query&list=categorymembers&cmtitle=Category)
    skip category (HTTP 429 rate limited: https://en.wikipedia.org/w/api.php?format=json&action=query&list=categorymembers&cmtitle=Category)
    skip category (HTTP 429 rate limited: https://en.wikipedia.org/w/api.php?format=json&action=query&list=categorymembers&cmtitle=Category)
    skip category (HTTP 429 rate limited: https://en.wikipedia.org/w/api.php?format=json&action=query&list=categorymembers&cmtitle=Category)
    skip category (HTTP 429 rate limited: https://en.wikipedia.org/w/api.php?format=json&action=query&list=categorymembers&cmtitle=Category)
    skip category (HTTP 429 rate limited: https://en.wikipedia.org/w/api.php?format=json&action=query&list=categorymembers&cmtitle=Category)
    skip category (HTTP 429 rate limited: https://en.wikipedia.org/w/api.php?format=json&action=query&list=categorymembers&cmtitle=Category)
    skip category (HTTP 429 rate limited: https://en.wikipedia.org/w/api.php?format=json&action=query&list=categorymembers&cmtitle=Category)
    skip category (HTTP 429 rate limited: https://en.wikipedia.org/w/api.php?format=json&action=query&list=categorymembers&cmtitle=Category)
    skip category (HTTP 429 rate limited: https://en.wikipedia.org/w/api.php?format=json&action=query&list=categorymembers&cmtitle=Category)
    skip category (HTTP 429 rate limited: https://en.wikipedia.org/w/api.php?format=json&action=query&list=categorymembers&cmtitle=Category)
    skip category (HTTP 429 rate limited: https://en.wikipedia.org/w/api.php?format=json&action=query&list=categorymembers&cmtitle=Category)
    skip category (HTTP 429 rate limited: https://en.wikipedia.org/w/api.php?format=json&action=query&list=categorymembers&cmtitle=Category)
    skip category (HTTP 429 rate limited: https://en.wikipedia.org/w/api.php?format=json&action=query&list=categorymembers&cmtitle=Category)
    skip category (HTTP 429 rate limited: https://en.wikipedia.org/w/api.php?format=json&action=query&list=categorymembers&cmtitle=Category)
    skip category (HTTP 429 rate limited: https://en.wikipedia.org/w/api.php?format=json&action=query&list=categorymembers&cmtitle=Category)
    skip category (HTTP 429 rate limited: https://en.wikipedia.org/w/api.php?format=json&action=query&list=categorymembers&cmtitle=Category)
    skip category (HTTP 429 rate limited: https://en.wikipedia.org/w/api.php?format=json&action=query&list=categorymembers&cmtitle=Category)
    skip category (HTTP 429 rate limited: https://en.wikipedia.org/w/api.php?format=json&action=query&list=categorymembers&cmtitle=Category)
    skip category (HTTP 429 rate limited: https://en.wikipedia.org/w/api.php?format=json&action=query&list=categorymembers&cmtitle=Category)
    skip category (HTTP 429 rate limited: https://en.wikipedia.org/w/api.php?format=json&action=query&list=categorymembers&cmtitle=Category)
    skip category (HTTP 429 rate limited: https://en.wikipedia.org/w/api.php?format=json&action=query&list=categorymembers&cmtitle=Category)
    skip category (HTTP 429 rate limited: https://en.wikipedia.org/w/api.php?format=json&action=query&list=categorymembers&cmtitle=Category)
    skip category (HTTP 429 rate limited: https://en.wikipedia.org/w/api.php?format=json&action=query&list=categorymembers&cmtitle=Category)
    skip category (HTTP 429 rate limited: https://en.wikipedia.org/w/api.php?format=json&action=query&list=categorymembers&cmtitle=Category)
    skip category (HTTP 429 rate limited: https://en.wikipedia.org/w/api.php?format=json&action=query&list=categorymembers&cmtitle=Category)
    skip category (HTTP 429 rate limited: https://en.wikipedia.org/w/api.php?format=json&action=query&list=categorymembers&cmtitle=Category)
    skip category (HTTP 429 rate limited: https://en.wikipedia.org/w/api.php?format=json&action=query&list=categorymembers&cmtitle=Category)
    skip category (HTTP 429 rate limited: https://en.wikipedia.org/w/api.php?format=json&action=query&list=categorymembers&cmtitle=Category)
    skip category (HTTP 429 rate limited: https://en.wikipedia.org/w/api.php?format=json&action=query&list=categorymembers&cmtitle=Category)
    skip category (HTTP 429 rate limited: https://en.wikipedia.org/w/api.php?format=json&action=query&list=categorymembers&cmtitle=Category)
    skip category (HTTP 429 rate limited: https://en.wikipedia.org/w/api.php?format=json&action=query&list=categorymembers&cmtitle=Category)
    skip category (HTTP 429 rate limited: https://en.wikipedia.org/w/api.php?format=json&action=query&list=categorymembers&cmtitle=Category)
    skip category (HTTP 429 rate limited: https://en.wikipedia.org/w/api.php?format=json&action=query&list=categorymembers&cmtitle=Category)
    skip category (HTTP 429 rate limited: https://en.wikipedia.org/w/api.php?format=json&action=query&list=categorymembers&cmtitle=Category)
    skip category (HTTP 429 rate limited: https://en.wikipedia.org/w/api.php?format=json&action=query&list=categorymembers&cmtitle=Category)
    skip category (HTTP 429 rate limited: https://en.wikipedia.org/w/api.php?format=json&action=query&list=categorymembers&cmtitle=Category)
    skip category (HTTP 429 rate limited: https://en.wikipedia.org/w/api.php?format=json&action=query&list=categorymembers&cmtitle=Category)
    skip category (HTTP 429 rate limited: https://en.wikipedia.org/w/api.php?format=json&action=query&list=categorymembers&cmtitle=Category)
    skip category (HTTP 429 rate limited: https://en.wikipedia.org/w/api.php?format=json&action=query&list=categorymembers&cmtitle=Category)
    skip category (HTTP 429 rate limited: https://en.wikipedia.org/w/api.php?format=json&action=query&list=categorymembers&cmtitle=Category)
    skip category (HTTP 429 rate limited: https://en.wikipedia.org/w/api.php?format=json&action=query&list=categorymembers&cmtitle=Category)
    skip category (HTTP 429 rate limited: https://en.wikipedia.org/w/api.php?format=json&action=query&list=categorymembers&cmtitle=Category)
    skip category (HTTP 429 rate limited: https://en.wikipedia.org/w/api.php?format=json&action=query&list=categorymembers&cmtitle=Category)
    skip category (HTTP 429 rate limited: https://en.wikipedia.org/w/api.php?format=json&action=query&list=categorymembers&cmtitle=Category)
    skip category (HTTP 429 rate limited: https://en.wikipedia.org/w/api.php?format=json&action=query&list=categorymembers&cmtitle=Category)
    skip category (HTTP 429 rate limited: https://en.wikipedia.org/w/api.php?format=json&action=query&list=categorymembers&cmtitle=Category)
    skip category (HTTP 429 rate limited: https://en.wikipedia.org/w/api.php?format=json&action=query&list=categorymembers&cmtitle=Category)
    skip category (HTTP 429 rate limited: https://en.wikipedia.org/w/api.php?format=json&action=query&list=categorymembers&cmtitle=Category)
    skip category (HTTP 429 rate limited: https://en.wikipedia.org/w/api.php?format=json&action=query&list=categorymembers&cmtitle=Category)
    skip category (HTTP 429 rate limited: https://en.wikipedia.org/w/api.php?format=json&action=query&list=categorymembers&cmtitle=Category)
    skip category (HTTP 429 rate limited: https://en.wikipedia.org/w/api.php?format=json&action=query&list=categorymembers&cmtitle=Category)
    skip category (HTTP 429 rate limited: https://en.wikipedia.org/w/api.php?format=json&action=query&list=categorymembers&cmtitle=Category)
    skip category (HTTP 429 rate limited: https://en.wikipedia.org/w/api.php?format=json&action=query&list=categorymembers&cmtitle=Category)
    skip category (HTTP 429 rate limited: https://en.wikipedia.org/w/api.php?format=json&action=query&list=categorymembers&cmtitle=Category)
    skip category (HTTP 429 rate limited: https://en.wikipedia.org/w/api.php?format=json&action=query&list=categorymembers&cmtitle=Category)
    skip category (HTTP 429 rate limited: https://en.wikipedia.org/w/api.php?format=json&action=query&list=categorymembers&cmtitle=Category)
    skip category (HTTP 429 rate limited: https://en.wikipedia.org/w/api.php?format=json&action=query&list=categorymembers&cmtitle=Category)
    skip category (HTTP 429 rate limited: https://en.wikipedia.org/w/api.php?format=json&action=query&list=categorymembers&cmtitle=Category)
    skip category (HTTP 429 rate limited: https://en.wikipedia.org/w/api.php?format=json&action=query&list=categorymembers&cmtitle=Category)
    skip category (HTTP 429 rate limited: https://en.wikipedia.org/w/api.php?format=json&action=query&list=categorymembers&cmtitle=Category)
    skip category (HTTP 429 rate limited: https://en.wikipedia.org/w/api.php?format=json&action=query&list=categorymembers&cmtitle=Category)
    skip category (HTTP 429 rate limited: https://en.wikipedia.org/w/api.php?format=json&action=query&list=categorymembers&cmtitle=Category)
    skip category (HTTP 429 rate limited: https://en.wikipedia.org/w/api.php?format=json&action=query&list=categorymembers&cmtitle=Category)
    skip category (HTTP 429 rate limited: https://en.wikipedia.org/w/api.php?format=json&action=query&list=categorymembers&cmtitle=Category)
    skip category (HTTP 429 rate limited: https://en.wikipedia.org/w/api.php?format=json&action=query&list=categorymembers&cmtitle=Category)
    skip category (HTTP 429 rate limited: https://en.wikipedia.org/w/api.php?format=json&action=query&list=categorymembers&cmtitle=Category)
    skip category (HTTP 429 rate limited: https://en.wikipedia.org/w/api.php?format=json&action=query&list=categorymembers&cmtitle=Category)
    skip category (HTTP 429 rate limited: https://en.wikipedia.org/w/api.php?format=json&action=query&list=categorymembers&cmtitle=Category)
    skip category (HTTP 429 rate limited: https://en.wikipedia.org/w/api.php?format=json&action=query&list=categorymembers&cmtitle=Category)
    skip category (HTTP 429 rate limited: https://en.wikipedia.org/w/api.php?format=json&action=query&list=categorymembers&cmtitle=Category)
    skip category (HTTP 429 rate limited: https://en.wikipedia.org/w/api.php?format=json&action=query&list=categorymembers&cmtitle=Category)
    skip category (HTTP 429 rate limited: https://en.wikipedia.org/w/api.php?format=json&action=query&list=categorymembers&cmtitle=Category)
    skip category (HTTP 429 rate limited: https://en.wikipedia.org/w/api.php?format=json&action=query&list=categorymembers&cmtitle=Category)
    skip category (HTTP 429 rate limited: https://en.wikipedia.org/w/api.php?format=json&action=query&list=categorymembers&cmtitle=Category)
    skip category (HTTP 429 rate limited: https://en.wikipedia.org/w/api.php?format=json&action=query&list=categorymembers&cmtitle=Category)
    skip category (HTTP 429 rate limited: https://en.wikipedia.org/w/api.php?format=json&action=query&list=categorymembers&cmtitle=Category)
    skip category (HTTP 429 rate limited: https://en.wikipedia.org/w/api.php?format=json&action=query&list=categorymembers&cmtitle=Category)
    skip category (HTTP 429 rate limited: https://en.wikipedia.org/w/api.php?format=json&action=query&list=categorymembers&cmtitle=Category)
    skip category (HTTP 429 rate limited: https://en.wikipedia.org/w/api.php?format=json&action=query&list=categorymembers&cmtitle=Category)
    skip category (HTTP 429 rate limited: https://en.wikipedia.org/w/api.php?format=json&action=query&list=categorymembers&cmtitle=Category)
    skip category (HTTP 429 rate limited: https://en.wikipedia.org/w/api.php?format=json&action=query&list=categorymembers&cmtitle=Category)
    skip category (HTTP 429 rate limited: https://en.wikipedia.org/w/api.php?format=json&action=query&list=categorymembers&cmtitle=Category)
    skip category (HTTP 429 rate limited: https://en.wikipedia.org/w/api.php?format=json&action=query&list=categorymembers&cmtitle=Category)
    skip category (HTTP 429 rate limited: https://en.wikipedia.org/w/api.php?format=json&action=query&list=categorymembers&cmtitle=Category)
    skip category (HTTP 429 rate limited: https://en.wikipedia.org/w/api.php?format=json&action=query&list=categorymembers&cmtitle=Category)
    skip category (HTTP 429 rate limited: https://en.wikipedia.org/w/api.php?format=json&action=query&list=categorymembers&cmtitle=Category)
    skip category (HTTP 429 rate limited: https://en.wikipedia.org/w/api.php?format=json&action=query&list=categorymembers&cmtitle=Category)
    skip category (HTTP 429 rate limited: https://en.wikipedia.org/w/api.php?format=json&action=query&list=categorymembers&cmtitle=Category)
    skip category (HTTP 429 rate limited: https://en.wikipedia.org/w/api.php?format=json&action=query&list=categorymembers&cmtitle=Category)
    skip category (HTTP 429 rate limited: https://en.wikipedia.org/w/api.php?format=json&action=query&list=categorymembers&cmtitle=Category)
    skip category (HTTP 429 rate limited: https://en.wikipedia.org/w/api.php?format=json&action=query&list=categorymembers&cmtitle=Category)
    skip category (HTTP 429 rate limited: https://en.wikipedia.org/w/api.php?format=json&action=query&list=categorymembers&cmtitle=Category)
    skip category (HTTP 429 rate limited: https://en.wikipedia.org/w/api.php?format=json&action=query&list=categorymembers&cmtitle=Category)
    skip category (HTTP 429 rate limited: https://en.wikipedia.org/w/api.php?format=json&action=query&list=categorymembers&cmtitle=Category)
    skip category (HTTP 429 rate limited: https://en.wikipedia.org/w/api.php?format=json&action=query&list=categorymembers&cmtitle=Category)
    skip category (HTTP 429 rate limited: https://en.wikipedia.org/w/api.php?format=json&action=query&list=categorymembers&cmtitle=Category)
    skip category (HTTP 429 rate limited: https://en.wikipedia.org/w/api.php?format=json&action=query&list=categorymembers&cmtitle=Category)
    skip category (HTTP 429 rate limited: https://en.wikipedia.org/w/api.php?format=json&action=query&list=categorymembers&cmtitle=Category)
    skip category (HTTP 429 rate limited: https://en.wikipedia.org/w/api.php?format=json&action=query&list=categorymembers&cmtitle=Category)
    skip category (HTTP 429 rate limited: https://en.wikipedia.org/w/api.php?format=json&action=query&list=categorymembers&cmtitle=Category)
    skip category (HTTP 429 rate limited: https://en.wikipedia.org/w/api.php?format=json&action=query&list=categorymembers&cmtitle=Category)
    skip category (HTTP 429 rate limited: https://en.wikipedia.org/w/api.php?format=json&action=query&list=categorymembers&cmtitle=Category)
    skip category (HTTP 429 rate limited: https://en.wikipedia.org/w/api.php?format=json&action=query&list=categorymembers&cmtitle=Category)
    skip category (HTTP 429 rate limited: https://en.wikipedia.org/w/api.php?format=json&action=query&list=categorymembers&cmtitle=Category)
    skip category (HTTP 429 rate limited: https://en.wikipedia.org/w/api.php?format=json&action=query&list=categorymembers&cmtitle=Category)
    skip category (HTTP 429 rate limited: https://en.wikipedia.org/w/api.php?format=json&action=query&list=categorymembers&cmtitle=Category)
    skip category (HTTP 429 rate limited: https://en.wikipedia.org/w/api.php?format=json&action=query&list=categorymembers&cmtitle=Category)
    skip category (HTTP 429 rate limited: https://en.wikipedia.org/w/api.php?format=json&action=query&list=categorymembers&cmtitle=Category)
    skip category (HTTP 429 rate limited: https://en.wikipedia.org/w/api.php?format=json&action=query&list=categorymembers&cmtitle=Category)
    skip category (HTTP 429 rate limited: https://en.wikipedia.org/w/api.php?format=json&action=query&list=categorymembers&cmtitle=Category)
    skip category (HTTP 429 rate limited: https://en.wikipedia.org/w/api.php?format=json&action=query&list=categorymembers&cmtitle=Category)
    skip category (HTTP 429 rate limited: https://en.wikipedia.org/w/api.php?format=json&action=query&list=categorymembers&cmtitle=Category)
    skip category (HTTP 429 rate limited: https://en.wikipedia.org/w/api.php?format=json&action=query&list=categorymembers&cmtitle=Category)
    skip category (HTTP 429 rate limited: https://en.wikipedia.org/w/api.php?format=json&action=query&list=categorymembers&cmtitle=Category)
    skip category (HTTP 429 rate limited: https://en.wikipedia.org/w/api.php?format=json&action=query&list=categorymembers&cmtitle=Category)
    skip category (HTTP 429 rate limited: https://en.wikipedia.org/w/api.php?format=json&action=query&list=categorymembers&cmtitle=Category)
    skip category (HTTP 429 rate limited: https://en.wikipedia.org/w/api.php?format=json&action=query&list=categorymembers&cmtitle=Category)
    skip category (HTTP 429 rate limited: https://en.wikipedia.org/w/api.php?format=json&action=query&list=categorymembers&cmtitle=Category)
    skip category (HTTP 429 rate limited: https://en.wikipedia.org/w/api.php?format=json&action=query&list=categorymembers&cmtitle=Category)
    skip category (HTTP 429 rate limited: https://en.wikipedia.org/w/api.php?format=json&action=query&list=categorymembers&cmtitle=Category)
    skip category (HTTP 429 rate limited: https://en.wikipedia.org/w/api.php?format=json&action=query&list=categorymembers&cmtitle=Category)
    skip category (HTTP 429 rate limited: https://en.wikipedia.org/w/api.php?format=json&action=query&list=categorymembers&cmtitle=Category)
    skip category (HTTP 429 rate limited: https://en.wikipedia.org/w/api.php?format=json&action=query&list=categorymembers&cmtitle=Category)
    skip category (HTTP 429 rate limited: https://en.wikipedia.org/w/api.php?format=json&action=query&list=categorymembers&cmtitle=Category)
    skip category (HTTP 429 rate limited: https://en.wikipedia.org/w/api.php?format=json&action=query&list=categorymembers&cmtitle=Category)
    skip category (HTTP 429 rate limited: https://en.wikipedia.org/w/api.php?format=json&action=query&list=categorymembers&cmtitle=Category)
    skip category (HTTP 429 rate limited: https://en.wikipedia.org/w/api.php?format=json&action=query&list=categorymembers&cmtitle=Category)
    skip category (HTTP 429 rate limited: https://en.wikipedia.org/w/api.php?format=json&action=query&list=categorymembers&cmtitle=Category)
    skip category (HTTP 429 rate limited: https://en.wikipedia.org/w/api.php?format=json&action=query&list=categorymembers&cmtitle=Category)
    skip category (HTTP 429 rate limited: https://en.wikipedia.org/w/api.php?format=json&action=query&list=categorymembers&cmtitle=Category)
    skip category (HTTP 429 rate limited: https://en.wikipedia.org/w/api.php?format=json&action=query&list=categorymembers&cmtitle=Category)
    skip category (HTTP 429 rate limited: https://en.wikipedia.org/w/api.php?format=json&action=query&list=categorymembers&cmtitle=Category)
    skip category (HTTP 429 rate limited: https://en.wikipedia.org/w/api.php?format=json&action=query&list=categorymembers&cmtitle=Category)
    skip category (HTTP 429 rate limited: https://en.wikipedia.org/w/api.php?format=json&action=query&list=categorymembers&cmtitle=Category)
    skip category (HTTP 429 rate limited: https://en.wikipedia.org/w/api.php?format=json&action=query&list=categorymembers&cmtitle=Category)
    skip category (HTTP 429 rate limited: https://en.wikipedia.org/w/api.php?format=json&action=query&list=categorymembers&cmtitle=Category)
    skip category (HTTP 429 rate limited: https://en.wikipedia.org/w/api.php?format=json&action=query&list=categorymembers&cmtitle=Category)
    skip category (HTTP 429 rate limited: https://en.wikipedia.org/w/api.php?format=json&action=query&list=categorymembers&cmtitle=Category)
    skip category (HTTP 429 rate limited: https://en.wikipedia.org/w/api.php?format=json&action=query&list=categorymembers&cmtitle=Category)
    skip category (HTTP 429 rate limited: https://en.wikipedia.org/w/api.php?format=json&action=query&list=categorymembers&cmtitle=Category)
    skip category (HTTP 429 rate limited: https://en.wikipedia.org/w/api.php?format=json&action=query&list=categorymembers&cmtitle=Category)
    skip category (HTTP 429 rate limited: https://en.wikipedia.org/w/api.php?format=json&action=query&list=categorymembers&cmtitle=Category)
    skip category (HTTP 429 rate limited: https://en.wikipedia.org/w/api.php?format=json&action=query&list=categorymembers&cmtitle=Category)
    skip category (HTTP 429 rate limited: https://en.wikipedia.org/w/api.php?format=json&action=query&list=categorymembers&cmtitle=Category)
    skip category (HTTP 429 rate limited: https://en.wikipedia.org/w/api.php?format=json&action=query&list=categorymembers&cmtitle=Category)
    skip category (HTTP 429 rate limited: https://en.wikipedia.org/w/api.php?format=json&action=query&list=categorymembers&cmtitle=Category)
    skip category (HTTP 429 rate limited: https://en.wikipedia.org/w/api.php?format=json&action=query&list=categorymembers&cmtitle=Category)
    skip category (HTTP 429 rate limited: https://en.wikipedia.org/w/api.php?format=json&action=query&list=categorymembers&cmtitle=Category)
    skip category (HTTP 429 rate limited: https://en.wikipedia.org/w/api.php?format=json&action=query&list=categorymembers&cmtitle=Category)
    skip category (HTTP 429 rate limited: https://en.wikipedia.org/w/api.php?format=json&action=query&list=categorymembers&cmtitle=Category)
    skip category (HTTP 429 rate limited: https://en.wikipedia.org/w/api.php?format=json&action=query&list=categorymembers&cmtitle=Category)
    skip category (HTTP 429 rate limited: https://en.wikipedia.org/w/api.php?format=json&action=query&list=categorymembers&cmtitle=Category)
    skip category (HTTP 429 rate limited: https://en.wikipedia.org/w/api.php?format=json&action=query&list=categorymembers&cmtitle=Category)
    skip category (HTTP 429 rate limited: https://en.wikipedia.org/w/api.php?format=json&action=query&list=categorymembers&cmtitle=Category)
    skip category (HTTP 429 rate limited: https://en.wikipedia.org/w/api.php?format=json&action=query&list=categorymembers&cmtitle=Category)
    skip category (HTTP 429 rate limited: https://en.wikipedia.org/w/api.php?format=json&action=query&list=categorymembers&cmtitle=Category)
    skip category (HTTP 429 rate limited: https://en.wikipedia.org/w/api.php?format=json&action=query&list=categorymembers&cmtitle=Category)
    skip category (HTTP 429 rate limited: https://en.wikipedia.org/w/api.php?format=json&action=query&list=categorymembers&cmtitle=Category)
    skip category (HTTP 429 rate limited: https://en.wikipedia.org/w/api.php?format=json&action=query&list=categorymembers&cmtitle=Category)
    skip category (HTTP 429 rate limited: https://en.wikipedia.org/w/api.php?format=json&action=query&list=categorymembers&cmtitle=Category)
    skip category (HTTP 429 rate limited: https://en.wikipedia.org/w/api.php?format=json&action=query&list=categorymembers&cmtitle=Category)
    skip category (HTTP 429 rate limited: https://en.wikipedia.org/w/api.php?format=json&action=query&list=categorymembers&cmtitle=Category)
    skip category (HTTP 429 rate limited: https://en.wikipedia.org/w/api.php?format=json&action=query&list=categorymembers&cmtitle=Category)
    skip category (HTTP 429 rate limited: https://en.wikipedia.org/w/api.php?format=json&action=query&list=categorymembers&cmtitle=Category)
    skip category (HTTP 429 rate limited: https://en.wikipedia.org/w/api.php?format=json&action=query&list=categorymembers&cmtitle=Category)
    skip category (HTTP 429 rate limited: https://en.wikipedia.org/w/api.php?format=json&action=query&list=categorymembers&cmtitle=Category)
    skip category (HTTP 429 rate limited: https://en.wikipedia.org/w/api.php?format=json&action=query&list=categorymembers&cmtitle=Category)
    skip category (HTTP 429 rate limited: https://en.wikipedia.org/w/api.php?format=json&action=query&list=categorymembers&cmtitle=Category)
    skip category (HTTP 429 rate limited: https://en.wikipedia.org/w/api.php?format=json&action=query&list=categorymembers&cmtitle=Category)
    skip category (HTTP 429 rate limited: https://en.wikipedia.org/w/api.php?format=json&action=query&list=categorymembers&cmtitle=Category)
    skip category (HTTP 429 rate limited: https://en.wikipedia.org/w/api.php?format=json&action=query&list=categorymembers&cmtitle=Category)
    skip category (HTTP 429 rate limited: https://en.wikipedia.org/w/api.php?format=json&action=query&list=categorymembers&cmtitle=Category)
    skip category (HTTP 429 rate limited: https://en.wikipedia.org/w/api.php?format=json&action=query&list=categorymembers&cmtitle=Category)
    skip category (HTTP 429 rate limited: https://en.wikipedia.org/w/api.php?format=json&action=query&list=categorymembers&cmtitle=Category)
    skip category (HTTP 429 rate limited: https://en.wikipedia.org/w/api.php?format=json&action=query&list=categorymembers&cmtitle=Category)
    skip category (HTTP 429 rate limited: https://en.wikipedia.org/w/api.php?format=json&action=query&list=categorymembers&cmtitle=Category)
    skip category (HTTP 429 rate limited: https://en.wikipedia.org/w/api.php?format=json&action=query&list=categorymembers&cmtitle=Category)
    skip category (HTTP 429 rate limited: https://en.wikipedia.org/w/api.php?format=json&action=query&list=categorymembers&cmtitle=Category)
    skip category (HTTP 429 rate limited: https://en.wikipedia.org/w/api.php?format=json&action=query&list=categorymembers&cmtitle=Category)
    skip category (HTTP 429 rate limited: https://en.wikipedia.org/w/api.php?format=json&action=query&list=categorymembers&cmtitle=Category)
    skip category (HTTP 429 rate limited: https://en.wikipedia.org/w/api.php?format=json&action=query&list=categorymembers&cmtitle=Category)
    skip category (HTTP 429 rate limited: https://en.wikipedia.org/w/api.php?format=json&action=query&list=categorymembers&cmtitle=Category)
    skip category (HTTP 429 rate limited: https://en.wikipedia.org/w/api.php?format=json&action=query&list=categorymembers&cmtitle=Category)
    skip category (HTTP 429 rate limited: https://en.wikipedia.org/w/api.php?format=json&action=query&list=categorymembers&cmtitle=Category)
    skip category (HTTP 429 rate limited: https://en.wikipedia.org/w/api.php?format=json&action=query&list=categorymembers&cmtitle=Category)
    skip category (HTTP 429 rate limited: https://en.wikipedia.org/w/api.php?format=json&action=query&list=categorymembers&cmtitle=Category)
    skip category (HTTP 429 rate limited: https://en.wikipedia.org/w/api.php?format=json&action=query&list=categorymembers&cmtitle=Category)
    skip category (HTTP 429 rate limited: https://en.wikipedia.org/w/api.php?format=json&action=query&list=categorymembers&cmtitle=Category)
    skip category (HTTP 429 rate limited: https://en.wikipedia.org/w/api.php?format=json&action=query&list=categorymembers&cmtitle=Category)
    skip category (HTTP 429 rate limited: https://en.wikipedia.org/w/api.php?format=json&action=query&list=categorymembers&cmtitle=Category)
    skip category (HTTP 429 rate limited: https://en.wikipedia.org/w/api.php?format=json&action=query&list=categorymembers&cmtitle=Category)
    skip category (HTTP 429 rate limited: https://en.wikipedia.org/w/api.php?format=json&action=query&list=categorymembers&cmtitle=Category)
    skip category (HTTP 429 rate limited: https://en.wikipedia.org/w/api.php?format=json&action=query&list=categorymembers&cmtitle=Category)
    skip category (HTTP 429 rate limited: https://en.wikipedia.org/w/api.php?format=json&action=query&list=categorymembers&cmtitle=Category)
    skip category (HTTP 429 rate limited: https://en.wikipedia.org/w/api.php?format=json&action=query&list=categorymembers&cmtitle=Category)
    skip category (HTTP 429 rate limited: https://en.wikipedia.org/w/api.php?format=json&action=query&list=categorymembers&cmtitle=Category)
    skip category (HTTP 429 rate limited: https://en.wikipedia.org/w/api.php?format=json&action=query&list=categorymembers&cmtitle=Category)
    skip category (HTTP 429 rate limited: https://en.wikipedia.org/w/api.php?format=json&action=query&list=categorymembers&cmtitle=Category)
    skip category (HTTP 429 rate limited: https://en.wikipedia.org/w/api.php?format=json&action=query&list=categorymembers&cmtitle=Category)
    skip category (HTTP 429 rate limited: https://en.wikipedia.org/w/api.php?format=json&action=query&list=categorymembers&cmtitle=Category)
    skip category (HTTP 429 rate limited: https://en.wikipedia.org/w/api.php?format=json&action=query&list=categorymembers&cmtitle=Category)
    skip category (HTTP 429 rate limited: https://en.wikipedia.org/w/api.php?format=json&action=query&list=categorymembers&cmtitle=Category)
    skip category (HTTP 429 rate limited: https://en.wikipedia.org/w/api.php?format=json&action=query&list=categorymembers&cmtitle=Category)
    skip category (HTTP 429 rate limited: https://en.wikipedia.org/w/api.php?format=json&action=query&list=categorymembers&cmtitle=Category)
    skip category (HTTP 429 rate limited: https://en.wikipedia.org/w/api.php?format=json&action=query&list=categorymembers&cmtitle=Category)
    skip category (HTTP 429 rate limited: https://en.wikipedia.org/w/api.php?format=json&action=query&list=categorymembers&cmtitle=Category)
    skip category (HTTP 429 rate limited: https://en.wikipedia.org/w/api.php?format=json&action=query&list=categorymembers&cmtitle=Category)
    skip category (HTTP 429 rate limited: https://en.wikipedia.org/w/api.php?format=json&action=query&list=categorymembers&cmtitle=Category)
    skip category (HTTP 429 rate limited: https://en.wikipedia.org/w/api.php?format=json&action=query&list=categorymembers&cmtitle=Category)
    skip category (HTTP 429 rate limited: https://en.wikipedia.org/w/api.php?format=json&action=query&list=categorymembers&cmtitle=Category)
    skip category (HTTP 429 rate limited: https://en.wikipedia.org/w/api.php?format=json&action=query&list=categorymembers&cmtitle=Category)
    skip category (HTTP 429 rate limited: https://en.wikipedia.org/w/api.php?format=json&action=query&list=categorymembers&cmtitle=Category)
    skip category (HTTP 429 rate limited: https://en.wikipedia.org/w/api.php?format=json&action=query&list=categorymembers&cmtitle=Category)
    skip category (HTTP 429 rate limited: https://en.wikipedia.org/w/api.php?format=json&action=query&list=categorymembers&cmtitle=Category)
    skip category (HTTP 429 rate limited: https://en.wikipedia.org/w/api.php?format=json&action=query&list=categorymembers&cmtitle=Category)
    skip category (HTTP 429 rate limited: https://en.wikipedia.org/w/api.php?format=json&action=query&list=categorymembers&cmtitle=Category)
  identity batch failed: HTTP 429 rate limited: https://en.wikipedia.org/w/api.php?format=json&action=query&titles=Foreign+visitors+graffiti+at+Persepolis&redirects=1&prop=pageimages%7Cinfo&piprop=thumbnail%7Cname&pithumbsize=180&inprop=url
  intro batch failed: HTTP 429 rate limited: https://en.wikipedia.org/w/api.php?format=json&action=query&titles=Foreign+visitors+graffiti+at+Persepolis&redirects=1&prop=revisions&rvprop=content&rvslots=main
  [rich] Fandom batch failed: HTTP 429 rate limited: https://en.wikipedia.org/w/api.php?format=json&action=query&titles=Persepolis%7CForeign+visitors+graffiti+at+Persepolis&redirects=1&prop=revisions&rvprop=content&rvslots=main

Page generation failed:
Error: Connection terminated due to connection timeout
    at C:\Users\tknvrs\tonolore\tonolore\server\node_modules\pg-pool\index.js:45:11
    at process.processTicksAndRejections (node:internal/process/task_queues:104:5)
    at async main (C:\Users\tknvrs\tonolore\tonolore\scripts\generate\pages\generatePages.js:877:28) {
  [cause]: Error: Connection terminated unexpectedly
      at Connection.<anonymous> (C:\Users\tknvrs\tonolore\tonolore\server\node_modules\pg\lib\client.js:204:73)
      at Object.onceWrapper (node:events:630:28)
      at Connection.emit (node:events:509:28)
      at Socket.<anonymous> (C:\Users\tknvrs\tonolore\tonolore\server\node_modules\pg\lib\connection.js:64:12)
      at Socket.emit (node:events:509:28)
      at TCP.<anonymous> (node:net:351:12)
}
[grow] tick failed for persepolis-comic/Persepolis: generatePages.js exited with code 1
    skip category (HTTP 429 rate limited: https://en.wikipedia.org/w/api.php?format=json&action=query&list=categorymembers&cmtitle=Category)
    skip category (HTTP 429 rate limited: https://en.wikipedia.org/w/api.php?format=json&action=query&list=categorymembers&cmtitle=Category)
    skip category (HTTP 429 rate limited: https://en.wikipedia.org/w/api.php?format=json&action=query&list=categorymembers&cmtitle=Category)
    skip category (HTTP 429 rate limited: https://en.wikipedia.org/w/api.php?format=json&action=query&list=categorymembers&cmtitle=Category)
    skip category (HTTP 429 rate limited: https://en.wikipedia.org/w/api.php?format=json&action=query&list=categorymembers&cmtitle=Category)
    skip category (HTTP 429 rate limited: https://en.wikipedia.org/w/api.php?format=json&action=query&list=categorymembers&cmtitle=Category)
    skip category (HTTP 429 rate limited: https://en.wikipedia.org/w/api.php?format=json&action=query&list=categorymembers&cmtitle=Category)
    skip category (HTTP 429 rate limited: https://en.wikipedia.org/w/api.php?format=json&action=query&list=categorymembers&cmtitle=Category)
    skip category (HTTP 429 rate limited: https://en.wikipedia.org/w/api.php?format=json&action=query&list=categorymembers&cmtitle=Category)
    skip category (HTTP 429 rate limited: https://en.wikipedia.org/w/api.php?format=json&action=query&list=categorymembers&cmtitle=Category)
    skip category (HTTP 429 rate limited: https://en.wikipedia.org/w/api.php?format=json&action=query&list=categorymembers&cmtitle=Category)
    skip category (HTTP 429 rate limited: https://en.wikipedia.org/w/api.php?format=json&action=query&list=categorymembers&cmtitle=Category)
    skip category (HTTP 429 rate limited: https://en.wikipedia.org/w/api.php?format=json&action=query&list=categorymembers&cmtitle=Category)
    skip category (HTTP 429 rate limited: https://en.wikipedia.org/w/api.php?format=json&action=query&list=categorymembers&cmtitle=Category)
    skip category (HTTP 429 rate limited: https://en.wikipedia.org/w/api.php?format=json&action=query&list=categorymembers&cmtitle=Category)
    skip category (HTTP 429 rate limited: https://en.wikipedia.org/w/api.php?format=json&action=query&list=categorymembers&cmtitle=Category)
    skip category (HTTP 429 rate limited: https://en.wikipedia.org/w/api.php?format=json&action=query&list=categorymembers&cmtitle=Category)
    skip category (HTTP 429 rate limited: https://en.wikipedia.org/w/api.php?format=json&action=query&list=categorymembers&cmtitle=Category)
    skip category (HTTP 429 rate limited: https://en.wikipedia.org/w/api.php?format=json&action=query&list=categorymembers&cmtitle=Category)
    skip category (HTTP 429 rate limited: https://en.wikipedia.org/w/api.php?format=json&action=query&list=categorymembers&cmtitle=Category)
    skip category (HTTP 429 rate limited: https://en.wikipedia.org/w/api.php?format=json&action=query&list=categorymembers&cmtitle=Category)
    skip category (HTTP 429 rate limited: https://en.wikipedia.org/w/api.php?format=json&action=query&list=categorymembers&cmtitle=Category)
  intro batch failed: HTTP 429 rate limited: https://en.wikipedia.org/w/api.php?format=json&action=query&titles=Hearthstone&redirects=1&prop=revisions&rvprop=content&rvslots=main
    skip category (HTTP 429 rate limited: https://en.wikipedia.org/w/api.php?format=json&action=query&list=categorymembers&cmtitle=Category)
    skip category (HTTP 429 rate limited: https://en.wikipedia.org/w/api.php?format=json&action=query&list=categorymembers&cmtitle=Category)
    skip category (HTTP 429 rate limited: https://en.wikipedia.org/w/api.php?format=json&action=query&list=categorymembers&cmtitle=Category)
    skip category (HTTP 429 rate limited: https://en.wikipedia.org/w/api.php?format=json&action=query&list=categorymembers&cmtitle=Category)
    skip category (HTTP 429 rate limited: https://en.wikipedia.org/w/api.php?format=json&action=query&list=categorymembers&cmtitle=Category)
    skip category (HTTP 429 rate limited: https://en.wikipedia.org/w/api.php?format=json&action=query&list=categorymembers&cmtitle=Category)
    skip category (HTTP 429 rate limited: https://en.wikipedia.org/w/api.php?format=json&action=query&list=categorymembers&cmtitle=Category)
    skip category (HTTP 429 rate limited: https://en.wikipedia.org/w/api.php?format=json&action=query&list=categorymembers&cmtitle=Category)
    skip category (HTTP 429 rate limited: https://en.wikipedia.org/w/api.php?format=json&action=query&list=categorymembers&cmtitle=Category)
    skip category (HTTP 429 rate limited: https://en.wikipedia.org/w/api.php?format=json&action=query&list=categorymembers&cmtitle=Category)
    skip category (HTTP 404 for https://wwe.fandom.com/api.php?format=json&action=query&list=categorymembers&cmtitle=Category%3AWWE+wrestle)
    skip category (HTTP 404 for https://wwe.fandom.com/api.php?format=json&action=query&list=categorymembers&cmtitle=Category%3AFormer+WWE+)
    skip category (HTTP 404 for https://wwe.fandom.com/api.php?format=json&action=query&list=categorymembers&cmtitle=Category%3AWWE+champio)
    skip category (HTTP 404 for https://wwe.fandom.com/api.php?format=json&action=query&list=categorymembers&cmtitle=Category%3AWWE+pay-per)
    skip category (HTTP 404 for https://egyptian-mythology.fandom.com/api.php?format=json&action=query&list=categorymembers&cmtitle=Categor)
    skip category (HTTP 404 for https://egyptian-mythology.fandom.com/api.php?format=json&action=query&list=categorymembers&cmtitle=Categor)
    skip category (HTTP 404 for https://pathfinderwiki.com/api.php?format=json&action=query&list=categorymembers&cmtitle=Category%3ACharact)
    skip category (HTTP 404 for https://pathfinderwiki.com/api.php?format=json&action=query&list=categorymembers&cmtitle=Category%3ANations)
    skip category (HTTP 404 for https://pathfinderwiki.com/api.php?format=json&action=query&list=categorymembers&cmtitle=Category%3AOrganiz)
    skip category (HTTP 404 for https://www.sarna.net/api.php?format=json&action=query&list=categorymembers&cmtitle=Category%3ACharacters&c)
    skip category (HTTP 404 for https://www.sarna.net/api.php?format=json&action=query&list=categorymembers&cmtitle=Category%3ABattleMechs&)
    skip category (HTTP 404 for https://www.sarna.net/api.php?format=json&action=query&list=categorymembers&cmtitle=Category%3APlanets&cmli)
    skip category (HTTP 429 rate limited: https://en.wikipedia.org/w/api.php?format=json&action=query&list=categorymembers&cmtitle=Category)
    skip category (HTTP 429 rate limited: https://en.wikipedia.org/w/api.php?format=json&action=query&list=categorymembers&cmtitle=Category)
    skip category (HTTP 429 rate limited: https://en.wikipedia.org/w/api.php?format=json&action=query&list=categorymembers&cmtitle=Category)
    skip category (HTTP 429 rate limited: https://en.wikipedia.org/w/api.php?format=json&action=query&list=categorymembers&cmtitle=Category)
    skip category (HTTP 429 rate limited: https://en.wikipedia.org/w/api.php?format=json&action=query&list=categorymembers&cmtitle=Category)
    skip category (HTTP 429 rate limited: https://en.wikipedia.org/w/api.php?format=json&action=query&list=categorymembers&cmtitle=Category)
    skip category (HTTP 429 rate limited: https://en.wikipedia.org/w/api.php?format=json&action=query&list=categorymembers&cmtitle=Category)
    skip category (HTTP 429 rate limited: https://en.wikipedia.org/w/api.php?format=json&action=query&list=categorymembers&cmtitle=Category)
    skip category (HTTP 429 rate limited: https://en.wikipedia.org/w/api.php?format=json&action=query&list=categorymembers&cmtitle=Category)
    skip category (HTTP 429 rate limited: https://en.wikipedia.org/w/api.php?format=json&action=query&list=categorymembers&cmtitle=Category)
    skip category (HTTP 429 rate limited: https://en.wikipedia.org/w/api.php?format=json&action=query&list=categorymembers&cmtitle=Category)
    skip category (HTTP 429 rate limited: https://en.wikipedia.org/w/api.php?format=json&action=query&list=categorymembers&cmtitle=Category)
    skip category (HTTP 429 rate limited: https://en.wikipedia.org/w/api.php?format=json&action=query&list=categorymembers&cmtitle=Category)
    skip category (HTTP 429 rate limited: https://en.wikipedia.org/w/api.php?format=json&action=query&list=categorymembers&cmtitle=Category)
    skip category (HTTP 429 rate limited: https://en.wikipedia.org/w/api.php?format=json&action=query&list=categorymembers&cmtitle=Category)
    skip category (HTTP 429 rate limited: https://en.wikipedia.org/w/api.php?format=json&action=query&list=categorymembers&cmtitle=Category)
    skip category (HTTP 429 rate limited: https://en.wikipedia.org/w/api.php?format=json&action=query&list=categorymembers&cmtitle=Category)
    skip category (HTTP 429 rate limited: https://en.wikipedia.org/w/api.php?format=json&action=query&list=categorymembers&cmtitle=Category)
    skip category (HTTP 429 rate limited: https://en.wikipedia.org/w/api.php?format=json&action=query&list=categorymembers&cmtitle=Category)
    skip category (HTTP 429 rate limited: https://en.wikipedia.org/w/api.php?format=json&action=query&list=categorymembers&cmtitle=Category)
    skip category (HTTP 429 rate limited: https://en.wikipedia.org/w/api.php?format=json&action=query&list=categorymembers&cmtitle=Category)
    skip category (HTTP 429 rate limited: https://en.wikipedia.org/w/api.php?format=json&action=query&list=categorymembers&cmtitle=Category)
    skip category (HTTP 429 rate limited: https://en.wikipedia.org/w/api.php?format=json&action=query&list=categorymembers&cmtitle=Category)
    skip category (HTTP 429 rate limited: https://en.wikipedia.org/w/api.php?format=json&action=query&list=categorymembers&cmtitle=Category)
    skip category (HTTP 429 rate limited: https://en.wikipedia.org/w/api.php?format=json&action=query&list=categorymembers&cmtitle=Category)
    skip category (HTTP 429 rate limited: https://en.wikipedia.org/w/api.php?format=json&action=query&list=categorymembers&cmtitle=Category)
    skip category (HTTP 429 rate limited: https://en.wikipedia.org/w/api.php?format=json&action=query&list=categorymembers&cmtitle=Category)
    skip category (HTTP 429 rate limited: https://en.wikipedia.org/w/api.php?format=json&action=query&list=categorymembers&cmtitle=Category)
    skip category (HTTP 429 rate limited: https://en.wikipedia.org/w/api.php?format=json&action=query&list=categorymembers&cmtitle=Category)
    skip category (HTTP 429 rate limited: https://en.wikipedia.org/w/api.php?format=json&action=query&list=categorymembers&cmtitle=Category)
    skip category (HTTP 429 rate limited: https://en.wikipedia.org/w/api.php?format=json&action=query&list=categorymembers&cmtitle=Category)
    skip category (HTTP 429 rate limited: https://en.wikipedia.org/w/api.php?format=json&action=query&list=categorymembers&cmtitle=Category)
    skip category (HTTP 429 rate limited: https://en.wikipedia.org/w/api.php?format=json&action=query&list=categorymembers&cmtitle=Category)
    skip category (HTTP 429 rate limited: https://en.wikipedia.org/w/api.php?format=json&action=query&list=categorymembers&cmtitle=Category)
    skip category (HTTP 429 rate limited: https://en.wikipedia.org/w/api.php?format=json&action=query&list=categorymembers&cmtitle=Category)
    skip category (HTTP 429 rate limited: https://en.wikipedia.org/w/api.php?format=json&action=query&list=categorymembers&cmtitle=Category)
    skip category (HTTP 429 rate limited: https://en.wikipedia.org/w/api.php?format=json&action=query&list=categorymembers&cmtitle=Category)
    skip category (HTTP 429 rate limited: https://en.wikipedia.org/w/api.php?format=json&action=query&list=categorymembers&cmtitle=Category)
    skip category (HTTP 429 rate limited: https://en.wikipedia.org/w/api.php?format=json&action=query&list=categorymembers&cmtitle=Category)
    skip category (HTTP 429 rate limited: https://en.wikipedia.org/w/api.php?format=json&action=query&list=categorymembers&cmtitle=Category)
    skip category (HTTP 429 rate limited: https://en.wikipedia.org/w/api.php?format=json&action=query&list=categorymembers&cmtitle=Category)
    skip category (HTTP 429 rate limited: https://en.wikipedia.org/w/api.php?format=json&action=query&list=categorymembers&cmtitle=Category)
    skip category (HTTP 429 rate limited: https://en.wikipedia.org/w/api.php?format=json&action=query&list=categorymembers&cmtitle=Category)
    skip category (HTTP 429 rate limited: https://en.wikipedia.org/w/api.php?format=json&action=query&list=categorymembers&cmtitle=Category)
    skip category (HTTP 429 rate limited: https://en.wikipedia.org/w/api.php?format=json&action=query&list=categorymembers&cmtitle=Category)
    skip category (HTTP 429 rate limited: https://en.wikipedia.org/w/api.php?format=json&action=query&list=categorymembers&cmtitle=Category)
    skip category (HTTP 429 rate limited: https://en.wikipedia.org/w/api.php?format=json&action=query&list=categorymembers&cmtitle=Category)
    skip category (HTTP 429 rate limited: https://en.wikipedia.org/w/api.php?format=json&action=query&list=categorymembers&cmtitle=Category)
    skip category (HTTP 429 rate limited: https://en.wikipedia.org/w/api.php?format=json&action=query&list=categorymembers&cmtitle=Category)
    skip category (HTTP 429 rate limited: https://en.wikipedia.org/w/api.php?format=json&action=query&list=categorymembers&cmtitle=Category)
    skip category (HTTP 429 rate limited: https://en.wikipedia.org/w/api.php?format=json&action=query&list=categorymembers&cmtitle=Category)
    skip category (HTTP 429 rate limited: https://en.wikipedia.org/w/api.php?format=json&action=query&list=categorymembers&cmtitle=Category)
    skip category (HTTP 429 rate limited: https://en.wikipedia.org/w/api.php?format=json&action=query&list=categorymembers&cmtitle=Category)
    skip category (HTTP 429 rate limited: https://en.wikipedia.org/w/api.php?format=json&action=query&list=categorymembers&cmtitle=Category)
    skip category (HTTP 429 rate limited: https://en.wikipedia.org/w/api.php?format=json&action=query&list=categorymembers&cmtitle=Category)
    skip category (HTTP 429 rate limited: https://en.wikipedia.org/w/api.php?format=json&action=query&list=categorymembers&cmtitle=Category)
    skip category (HTTP 429 rate limited: https://en.wikipedia.org/w/api.php?format=json&action=query&list=categorymembers&cmtitle=Category)
    skip category (HTTP 429 rate limited: https://en.wikipedia.org/w/api.php?format=json&action=query&list=categorymembers&cmtitle=Category)
    skip category (HTTP 429 rate limited: https://en.wikipedia.org/w/api.php?format=json&action=query&list=categorymembers&cmtitle=Category)
    skip category (HTTP 429 rate limited: https://en.wikipedia.org/w/api.php?format=json&action=query&list=categorymembers&cmtitle=Category)
    skip category (HTTP 429 rate limited: https://en.wikipedia.org/w/api.php?format=json&action=query&list=categorymembers&cmtitle=Category)
    skip category (HTTP 429 rate limited: https://en.wikipedia.org/w/api.php?format=json&action=query&list=categorymembers&cmtitle=Category)
    skip category (HTTP 429 rate limited: https://en.wikipedia.org/w/api.php?format=json&action=query&list=categorymembers&cmtitle=Category)
    skip category (HTTP 429 rate limited: https://en.wikipedia.org/w/api.php?format=json&action=query&list=categorymembers&cmtitle=Category)
    skip category (HTTP 429 rate limited: https://en.wikipedia.org/w/api.php?format=json&action=query&list=categorymembers&cmtitle=Category)
    skip category (HTTP 429 rate limited: https://en.wikipedia.org/w/api.php?format=json&action=query&list=categorymembers&cmtitle=Category)
    skip category (HTTP 429 rate limited: https://en.wikipedia.org/w/api.php?format=json&action=query&list=categorymembers&cmtitle=Category)
    skip category (HTTP 429 rate limited: https://en.wikipedia.org/w/api.php?format=json&action=query&list=categorymembers&cmtitle=Category)
    skip category (HTTP 429 rate limited: https://en.wikipedia.org/w/api.php?format=json&action=query&list=categorymembers&cmtitle=Category)
    skip category (HTTP 429 rate limited: https://en.wikipedia.org/w/api.php?format=json&action=query&list=categorymembers&cmtitle=Category)
    skip category (HTTP 429 rate limited: https://en.wikipedia.org/w/api.php?format=json&action=query&list=categorymembers&cmtitle=Category)
    skip category (HTTP 429 rate limited: https://en.wikipedia.org/w/api.php?format=json&action=query&list=categorymembers&cmtitle=Category)
    skip category (HTTP 429 rate limited: https://en.wikipedia.org/w/api.php?format=json&action=query&list=categorymembers&cmtitle=Category)
    skip category (HTTP 429 rate limited: https://en.wikipedia.org/w/api.php?format=json&action=query&list=categorymembers&cmtitle=Category)
    skip category (HTTP 429 rate limited: https://en.wikipedia.org/w/api.php?format=json&action=query&list=categorymembers&cmtitle=Category)
    skip category (HTTP 429 rate limited: https://en.wikipedia.org/w/api.php?format=json&action=query&list=categorymembers&cmtitle=Category)
    skip category (HTTP 429 rate limited: https://en.wikipedia.org/w/api.php?format=json&action=query&list=categorymembers&cmtitle=Category)
    skip category (HTTP 429 rate limited: https://en.wikipedia.org/w/api.php?format=json&action=query&list=categorymembers&cmtitle=Category)
    skip category (HTTP 429 rate limited: https://en.wikipedia.org/w/api.php?format=json&action=query&list=categorymembers&cmtitle=Category)
    skip category (HTTP 429 rate limited: https://en.wikipedia.org/w/api.php?format=json&action=query&list=categorymembers&cmtitle=Category)
    skip category (HTTP 429 rate limited: https://en.wikipedia.org/w/api.php?format=json&action=query&list=categorymembers&cmtitle=Category)
    skip category (HTTP 429 rate limited: https://en.wikipedia.org/w/api.php?format=json&action=query&list=categorymembers&cmtitle=Category)
    skip category (HTTP 429 rate limited: https://en.wikipedia.org/w/api.php?format=json&action=query&list=categorymembers&cmtitle=Category)
    skip category (HTTP 429 rate limited: https://en.wikipedia.org/w/api.php?format=json&action=query&list=categorymembers&cmtitle=Category)
    skip category (HTTP 429 rate limited: https://en.wikipedia.org/w/api.php?format=json&action=query&list=categorymembers&cmtitle=Category)
    skip category (HTTP 429 rate limited: https://en.wikipedia.org/w/api.php?format=json&action=query&list=categorymembers&cmtitle=Category)
    skip category (HTTP 429 rate limited: https://en.wikipedia.org/w/api.php?format=json&action=query&list=categorymembers&cmtitle=Category)
    skip category (HTTP 429 rate limited: https://en.wikipedia.org/w/api.php?format=json&action=query&list=categorymembers&cmtitle=Category)
    skip category (HTTP 429 rate limited: https://en.wikipedia.org/w/api.php?format=json&action=query&list=categorymembers&cmtitle=Category)
    skip category (HTTP 429 rate limited: https://en.wikipedia.org/w/api.php?format=json&action=query&list=categorymembers&cmtitle=Category)
    skip category (HTTP 429 rate limited: https://en.wikipedia.org/w/api.php?format=json&action=query&list=categorymembers&cmtitle=Category)
    skip category (HTTP 429 rate limited: https://en.wikipedia.org/w/api.php?format=json&action=query&list=categorymembers&cmtitle=Category)
    skip category (HTTP 429 rate limited: https://en.wikipedia.org/w/api.php?format=json&action=query&list=categorymembers&cmtitle=Category)
    skip category (HTTP 429 rate limited: https://en.wikipedia.org/w/api.php?format=json&action=query&list=categorymembers&cmtitle=Category)
    skip category (HTTP 429 rate limited: https://en.wikipedia.org/w/api.php?format=json&action=query&list=categorymembers&cmtitle=Category)
    skip category (HTTP 429 rate limited: https://en.wikipedia.org/w/api.php?format=json&action=query&list=categorymembers&cmtitle=Category)
    skip category (HTTP 429 rate limited: https://en.wikipedia.org/w/api.php?format=json&action=query&list=categorymembers&cmtitle=Category)
    skip category (HTTP 429 rate limited: https://en.wikipedia.org/w/api.php?format=json&action=query&list=categorymembers&cmtitle=Category)
    skip category (HTTP 429 rate limited: https://en.wikipedia.org/w/api.php?format=json&action=query&list=categorymembers&cmtitle=Category)
    skip category (HTTP 429 rate limited: https://en.wikipedia.org/w/api.php?format=json&action=query&list=categorymembers&cmtitle=Category)
    skip category (HTTP 429 rate limited: https://en.wikipedia.org/w/api.php?format=json&action=query&list=categorymembers&cmtitle=Category)
    skip category (HTTP 429 rate limited: https://en.wikipedia.org/w/api.php?format=json&action=query&list=categorymembers&cmtitle=Category)
    skip category (HTTP 429 rate limited: https://en.wikipedia.org/w/api.php?format=json&action=query&list=categorymembers&cmtitle=Category)
    skip category (HTTP 429 rate limited: https://en.wikipedia.org/w/api.php?format=json&action=query&list=categorymembers&cmtitle=Category)
    skip category (HTTP 429 rate limited: https://en.wikipedia.org/w/api.php?format=json&action=query&list=categorymembers&cmtitle=Category)
    skip category (HTTP 429 rate limited: https://en.wikipedia.org/w/api.php?format=json&action=query&list=categorymembers&cmtitle=Category)
    skip category (HTTP 429 rate limited: https://en.wikipedia.org/w/api.php?format=json&action=query&list=categorymembers&cmtitle=Category)
    skip category (HTTP 429 rate limited: https://en.wikipedia.org/w/api.php?format=json&action=query&list=categorymembers&cmtitle=Category)
    skip category (HTTP 429 rate limited: https://en.wikipedia.org/w/api.php?format=json&action=query&list=categorymembers&cmtitle=Category)
    skip category (HTTP 429 rate limited: https://en.wikipedia.org/w/api.php?format=json&action=query&list=categorymembers&cmtitle=Category)
    skip category (HTTP 429 rate limited: https://en.wikipedia.org/w/api.php?format=json&action=query&list=categorymembers&cmtitle=Category)
    skip category (HTTP 429 rate limited: https://en.wikipedia.org/w/api.php?format=json&action=query&list=categorymembers&cmtitle=Category)
    skip category (HTTP 429 rate limited: https://en.wikipedia.org/w/api.php?format=json&action=query&list=categorymembers&cmtitle=Category)
    skip category (HTTP 429 rate limited: https://en.wikipedia.org/w/api.php?format=json&action=query&list=categorymembers&cmtitle=Category)
    skip category (HTTP 429 rate limited: https://en.wikipedia.org/w/api.php?format=json&action=query&list=categorymembers&cmtitle=Category)
    skip category (HTTP 429 rate limited: https://en.wikipedia.org/w/api.php?format=json&action=query&list=categorymembers&cmtitle=Category)
    skip category (HTTP 429 rate limited: https://en.wikipedia.org/w/api.php?format=json&action=query&list=categorymembers&cmtitle=Category)
    skip category (HTTP 429 rate limited: https://en.wikipedia.org/w/api.php?format=json&action=query&list=categorymembers&cmtitle=Category)
    skip category (HTTP 429 rate limited: https://en.wikipedia.org/w/api.php?format=json&action=query&list=categorymembers&cmtitle=Category)
    skip category (HTTP 429 rate limited: https://en.wikipedia.org/w/api.php?format=json&action=query&list=categorymembers&cmtitle=Category)
    skip category (HTTP 429 rate limited: https://en.wikipedia.org/w/api.php?format=json&action=query&list=categorymembers&cmtitle=Category)
    skip category (HTTP 429 rate limited: https://en.wikipedia.org/w/api.php?format=json&action=query&list=categorymembers&cmtitle=Category)
    skip category (HTTP 429 rate limited: https://en.wikipedia.org/w/api.php?format=json&action=query&list=categorymembers&cmtitle=Category)
    skip category (HTTP 429 rate limited: https://en.wikipedia.org/w/api.php?format=json&action=query&list=categorymembers&cmtitle=Category)
    skip category (HTTP 429 rate limited: https://en.wikipedia.org/w/api.php?format=json&action=query&list=categorymembers&cmtitle=Category)
    skip category (HTTP 429 rate limited: https://en.wikipedia.org/w/api.php?format=json&action=query&list=categorymembers&cmtitle=Category)
    skip category (HTTP 429 rate limited: https://en.wikipedia.org/w/api.php?format=json&action=query&list=categorymembers&cmtitle=Category)
    skip category (HTTP 429 rate limited: https://en.wikipedia.org/w/api.php?format=json&action=query&list=categorymembers&cmtitle=Category)
    skip category (HTTP 429 rate limited: https://en.wikipedia.org/w/api.php?format=json&action=query&list=categorymembers&cmtitle=Category)
    skip category (HTTP 429 rate limited: https://en.wikipedia.org/w/api.php?format=json&action=query&list=categorymembers&cmtitle=Category)
    skip category (HTTP 429 rate limited: https://en.wikipedia.org/w/api.php?format=json&action=query&list=categorymembers&cmtitle=Category)
    skip category (HTTP 429 rate limited: https://en.wikipedia.org/w/api.php?format=json&action=query&list=categorymembers&cmtitle=Category)
    skip category (HTTP 429 rate limited: https://en.wikipedia.org/w/api.php?format=json&action=query&list=categorymembers&cmtitle=Category)
    skip category (HTTP 429 rate limited: https://en.wikipedia.org/w/api.php?format=json&action=query&list=categorymembers&cmtitle=Category)
    skip category (HTTP 429 rate limited: https://en.wikipedia.org/w/api.php?format=json&action=query&list=categorymembers&cmtitle=Category)
    skip category (HTTP 429 rate limited: https://en.wikipedia.org/w/api.php?format=json&action=query&list=categorymembers&cmtitle=Category)
    skip category (HTTP 429 rate limited: https://en.wikipedia.org/w/api.php?format=json&action=query&list=categorymembers&cmtitle=Category)
    skip category (HTTP 429 rate limited: https://en.wikipedia.org/w/api.php?format=json&action=query&list=categorymembers&cmtitle=Category)
    skip category (HTTP 429 rate limited: https://en.wikipedia.org/w/api.php?format=json&action=query&list=categorymembers&cmtitle=Category)
    skip category (HTTP 429 rate limited: https://en.wikipedia.org/w/api.php?format=json&action=query&list=categorymembers&cmtitle=Category)
    skip category (HTTP 429 rate limited: https://en.wikipedia.org/w/api.php?format=json&action=query&list=categorymembers&cmtitle=Category)
    skip category (HTTP 429 rate limited: https://en.wikipedia.org/w/api.php?format=json&action=query&list=categorymembers&cmtitle=Category)
    skip category (HTTP 429 rate limited: https://en.wikipedia.org/w/api.php?format=json&action=query&list=categorymembers&cmtitle=Category)
    skip category (HTTP 429 rate limited: https://en.wikipedia.org/w/api.php?format=json&action=query&list=categorymembers&cmtitle=Category)
    skip category (HTTP 429 rate limited: https://en.wikipedia.org/w/api.php?format=json&action=query&list=categorymembers&cmtitle=Category)
    skip category (HTTP 429 rate limited: https://en.wikipedia.org/w/api.php?format=json&action=query&list=categorymembers&cmtitle=Category)
    skip category (HTTP 429 rate limited: https://en.wikipedia.org/w/api.php?format=json&action=query&list=categorymembers&cmtitle=Category)
    skip category (HTTP 429 rate limited: https://en.wikipedia.org/w/api.php?format=json&action=query&list=categorymembers&cmtitle=Category)
    skip category (HTTP 429 rate limited: https://en.wikipedia.org/w/api.php?format=json&action=query&list=categorymembers&cmtitle=Category)
    skip category (HTTP 429 rate limited: https://en.wikipedia.org/w/api.php?format=json&action=query&list=categorymembers&cmtitle=Category)
    skip category (HTTP 429 rate limited: https://en.wikipedia.org/w/api.php?format=json&action=query&list=categorymembers&cmtitle=Category)
  intro batch failed: HTTP 429 rate limited: https://en.wikipedia.org/w/api.php?format=json&action=query&titles=The+Owl+House&redirects=1&prop=revisions&rvprop=content&rvslots=main
    skip category (HTTP 429 rate limited: https://en.wikipedia.org/w/api.php?format=json&action=query&list=categorymembers&cmtitle=Category)
    skip category (HTTP 429 rate limited: https://en.wikipedia.org/w/api.php?format=json&action=query&list=categorymembers&cmtitle=Category)
    skip category (HTTP 429 rate limited: https://en.wikipedia.org/w/api.php?format=json&action=query&list=categorymembers&cmtitle=Category)
    skip category (HTTP 429 rate limited: https://en.wikipedia.org/w/api.php?format=json&action=query&list=categorymembers&cmtitle=Category)
    skip category (HTTP 429 rate limited: https://en.wikipedia.org/w/api.php?format=json&action=query&list=categorymembers&cmtitle=Category)
    skip category (HTTP 429 rate limited: https://en.wikipedia.org/w/api.php?format=json&action=query&list=categorymembers&cmtitle=Category)
    skip category (HTTP 429 rate limited: https://en.wikipedia.org/w/api.php?format=json&action=query&list=categorymembers&cmtitle=Category)
    skip category (HTTP 429 rate limited: https://en.wikipedia.org/w/api.php?format=json&action=query&list=categorymembers&cmtitle=Category)
    skip category (HTTP 429 rate limited: https://en.wikipedia.org/w/api.php?format=json&action=query&list=categorymembers&cmtitle=Category)
    skip category (HTTP 429 rate limited: https://en.wikipedia.org/w/api.php?format=json&action=query&list=categorymembers&cmtitle=Category)
    skip category (HTTP 429 rate limited: https://en.wikipedia.org/w/api.php?format=json&action=query&list=categorymembers&cmtitle=Category)
    skip category (HTTP 429 rate limited: https://en.wikipedia.org/w/api.php?format=json&action=query&list=categorymembers&cmtitle=Category)
  identity batch failed: HTTP 429 rate limited: https://en.wikipedia.org/w/api.php?format=json&action=query&titles=Polly+Pocket&redirects=1&prop=pageimages%7Cinfo&piprop=thumbnail%7Cname&pithumbsize=180&inprop=url
  intro batch failed: HTTP 429 rate limited: https://en.wikipedia.org/w/api.php?format=json&action=query&titles=Polly+Pocket&redirects=1&prop=revisions&rvprop=content&rvslots=main
    skip category (HTTP 429 rate limited: https://en.wikipedia.org/w/api.php?format=json&action=query&list=categorymembers&cmtitle=Category)
    skip category (HTTP 429 rate limited: https://en.wikipedia.org/w/api.php?format=json&action=query&list=categorymembers&cmtitle=Category)
    skip category (HTTP 429 rate limited: https://en.wikipedia.org/w/api.php?format=json&action=query&list=categorymembers&cmtitle=Category)
  intro batch failed: HTTP 429 rate limited: https://en.wikipedia.org/w/api.php?format=json&action=query&titles=Beanie+Babies&redirects=1&prop=revisions&rvprop=content&rvslots=main
    skip category (HTTP 429 rate limited: https://en.wikipedia.org/w/api.php?format=json&action=query&list=categorymembers&cmtitle=Category)
    skip category (HTTP 429 rate limited: https://en.wikipedia.org/w/api.php?format=json&action=query&list=categorymembers&cmtitle=Category)
    skip category (HTTP 429 rate limited: https://en.wikipedia.org/w/api.php?format=json&action=query&list=categorymembers&cmtitle=Category)
    skip category (HTTP 429 rate limited: https://en.wikipedia.org/w/api.php?format=json&action=query&list=categorymembers&cmtitle=Category)
    skip category (HTTP 429 rate limited: https://en.wikipedia.org/w/api.php?format=json&action=query&list=categorymembers&cmtitle=Category)
    skip category (HTTP 429 rate limited: https://en.wikipedia.org/w/api.php?format=json&action=query&list=categorymembers&cmtitle=Category)
    skip category (HTTP 429 rate limited: https://en.wikipedia.org/w/api.php?format=json&action=query&list=categorymembers&cmtitle=Category)
    skip category (HTTP 429 rate limited: https://en.wikipedia.org/w/api.php?format=json&action=query&list=categorymembers&cmtitle=Category)
    skip category (HTTP 429 rate limited: https://en.wikipedia.org/w/api.php?format=json&action=query&list=categorymembers&cmtitle=Category)
    skip category (HTTP 429 rate limited: https://en.wikipedia.org/w/api.php?format=json&action=query&list=categorymembers&cmtitle=Category)
    skip category (HTTP 429 rate limited: https://en.wikipedia.org/w/api.php?format=json&action=query&list=categorymembers&cmtitle=Category)
    skip category (HTTP 429 rate limited: https://en.wikipedia.org/w/api.php?format=json&action=query&list=categorymembers&cmtitle=Category)
    skip category (HTTP 429 rate limited: https://en.wikipedia.org/w/api.php?format=json&action=query&list=categorymembers&cmtitle=Category)
  [rich] Fandom batch failed: HTTP 429 rate limited: https://en.wikipedia.org/w/api.php?format=json&action=query&titles=Voltron&redirects=1&prop=revisions&rvprop=content&rvslots=main
  [rich] Wikipedia batch failed: HTTP 429 for https://en.wikipedia.org/w/api.php?action=query&format=json&origin=*&titles=Voltron&redirects=1&prop=extracts&explaintext=1&exintro=1&exlimit=max: You are making too many requests to the API.
Please follow the best practices at <https://www.mediawiki.org/wiki/Wikimedia_APIs/Rate_limits>.
If you are unsure how to get the access you need, contact 
  [rich] Wikipedia batch failed: HTTP 429 for https://en.wikipedia.org/w/api.php?action=query&format=json&origin=*&titles=Voltron&redirects=1&prop=extracts&explaintext=1&exintro=1&exlimit=max: You are making too many requests to the API.
Please follow the best practices at <https://www.mediawiki.org/wiki/Wikimedia_APIs/Rate_limits>.
If you are unsure how to get the access you need, contact 
    skip category (HTTP 429 rate limited: https://en.wikipedia.org/w/api.php?format=json&action=query&list=categorymembers&cmtitle=Category)
    skip category (HTTP 429 rate limited: https://en.wikipedia.org/w/api.php?format=json&action=query&list=categorymembers&cmtitle=Category)
    skip category (HTTP 429 rate limited: https://en.wikipedia.org/w/api.php?format=json&action=query&list=categorymembers&cmtitle=Category)
    skip category (HTTP 429 rate limited: https://en.wikipedia.org/w/api.php?format=json&action=query&list=categorymembers&cmtitle=Category)
    skip category (HTTP 429 rate limited: https://en.wikipedia.org/w/api.php?format=json&action=query&list=categorymembers&cmtitle=Category)
    skip category (HTTP 429 rate limited: https://en.wikipedia.org/w/api.php?format=json&action=query&list=categorymembers&cmtitle=Category)
    skip category (HTTP 429 rate limited: https://en.wikipedia.org/w/api.php?format=json&action=query&list=categorymembers&cmtitle=Category)
    skip category (HTTP 429 rate limited: https://en.wikipedia.org/w/api.php?format=json&action=query&list=categorymembers&cmtitle=Category)
    skip category (HTTP 429 rate limited: https://en.wikipedia.org/w/api.php?format=json&action=query&list=categorymembers&cmtitle=Category)
    skip category (HTTP 429 rate limited: https://en.wikipedia.org/w/api.php?format=json&action=query&list=categorymembers&cmtitle=Category)
    skip category (HTTP 429 rate limited: https://en.wikipedia.org/w/api.php?format=json&action=query&list=categorymembers&cmtitle=Category)
    skip category (HTTP 429 rate limited: https://en.wikipedia.org/w/api.php?format=json&action=query&list=categorymembers&cmtitle=Category)
    skip category (HTTP 429 rate limited: https://en.wikipedia.org/w/api.php?format=json&action=query&list=categorymembers&cmtitle=Category)
    skip category (HTTP 429 rate limited: https://en.wikipedia.org/w/api.php?format=json&action=query&list=categorymembers&cmtitle=Category)
    skip category (HTTP 429 rate limited: https://en.wikipedia.org/w/api.php?format=json&action=query&list=categorymembers&cmtitle=Category)
    skip category (HTTP 429 rate limited: https://en.wikipedia.org/w/api.php?format=json&action=query&list=categorymembers&cmtitle=Category)
    skip category (HTTP 429 rate limited: https://en.wikipedia.org/w/api.php?format=json&action=query&list=categorymembers&cmtitle=Category)
    skip category (HTTP 429 rate limited: https://en.wikipedia.org/w/api.php?format=json&action=query&list=categorymembers&cmtitle=Category)
    skip category (HTTP 429 rate limited: https://en.wikipedia.org/w/api.php?format=json&action=query&list=categorymembers&cmtitle=Category)
  identity batch failed: HTTP 429 rate limited: https://en.wikipedia.org/w/api.php?format=json&action=query&titles=All+Japan+Pro+Wrestling&redirects=1&prop=pageimages%7Cinfo&piprop=thumbnail%7Cname&pithumbsize=180&inprop=url
  intro batch failed: HTTP 429 rate limited: https://en.wikipedia.org/w/api.php?format=json&action=query&titles=All+Japan+Pro+Wrestling&redirects=1&prop=revisions&rvprop=content&rvslots=main
    skip category (HTTP 429 rate limited: https://en.wikipedia.org/w/api.php?format=json&action=query&list=categorymembers&cmtitle=Category)
    skip category (HTTP 429 rate limited: https://en.wikipedia.org/w/api.php?format=json&action=query&list=categorymembers&cmtitle=Category)
    skip category (HTTP 429 rate limited: https://en.wikipedia.org/w/api.php?format=json&action=query&list=categorymembers&cmtitle=Category)
    skip category (HTTP 429 rate limited: https://en.wikipedia.org/w/api.php?format=json&action=query&list=categorymembers&cmtitle=Category)
    skip category (HTTP 429 rate limited: https://en.wikipedia.org/w/api.php?format=json&action=query&list=categorymembers&cmtitle=Category)
    skip category (HTTP 429 rate limited: https://en.wikipedia.org/w/api.php?format=json&action=query&list=categorymembers&cmtitle=Category)
    skip category (HTTP 429 rate limited: https://en.wikipedia.org/w/api.php?format=json&action=query&list=categorymembers&cmtitle=Category)
    skip category (HTTP 429 rate limited: https://en.wikipedia.org/w/api.php?format=json&action=query&list=categorymembers&cmtitle=Category)
    skip category (HTTP 429 rate limited: https://en.wikipedia.org/w/api.php?format=json&action=query&list=categorymembers&cmtitle=Category)
    skip category (HTTP 429 rate limited: https://en.wikipedia.org/w/api.php?format=json&action=query&list=categorymembers&cmtitle=Category)
    skip category (HTTP 429 rate limited: https://en.wikipedia.org/w/api.php?format=json&action=query&list=categorymembers&cmtitle=Category)
    skip category (HTTP 429 rate limited: https://en.wikipedia.org/w/api.php?format=json&action=query&list=categorymembers&cmtitle=Category)
    skip category (HTTP 429 rate limited: https://en.wikipedia.org/w/api.php?format=json&action=query&list=categorymembers&cmtitle=Category)
    skip category (HTTP 429 rate limited: https://en.wikipedia.org/w/api.php?format=json&action=query&list=categorymembers&cmtitle=Category)
    skip category (HTTP 429 rate limited: https://en.wikipedia.org/w/api.php?format=json&action=query&list=categorymembers&cmtitle=Category)
    skip category (HTTP 429 rate limited: https://en.wikipedia.org/w/api.php?format=json&action=query&list=categorymembers&cmtitle=Category)
    skip category (HTTP 429 rate limited: https://en.wikipedia.org/w/api.php?format=json&action=query&list=categorymembers&cmtitle=Category)
    skip category (HTTP 429 rate limited: https://en.wikipedia.org/w/api.php?format=json&action=query&list=categorymembers&cmtitle=Category)
    skip category (HTTP 429 rate limited: https://en.wikipedia.org/w/api.php?format=json&action=query&list=categorymembers&cmtitle=Category)
    skip category (HTTP 429 rate limited: https://en.wikipedia.org/w/api.php?format=json&action=query&list=categorymembers&cmtitle=Category)
    skip category (HTTP 429 rate limited: https://en.wikipedia.org/w/api.php?format=json&action=query&list=categorymembers&cmtitle=Category)
    skip category (HTTP 429 rate limited: https://en.wikipedia.org/w/api.php?format=json&action=query&list=categorymembers&cmtitle=Category)
    skip category (HTTP 429 rate limited: https://en.wikipedia.org/w/api.php?format=json&action=query&list=categorymembers&cmtitle=Category)
    skip category (HTTP 429 rate limited: https://en.wikipedia.org/w/api.php?format=json&action=query&list=categorymembers&cmtitle=Category)
    skip category (HTTP 429 rate limited: https://en.wikipedia.org/w/api.php?format=json&action=query&list=categorymembers&cmtitle=Category)
    skip category (HTTP 429 rate limited: https://en.wikipedia.org/w/api.php?format=json&action=query&list=categorymembers&cmtitle=Category)
    skip category (HTTP 429 rate limited: https://en.wikipedia.org/w/api.php?format=json&action=query&list=categorymembers&cmtitle=Category)
    skip category (HTTP 429 rate limited: https://en.wikipedia.org/w/api.php?format=json&action=query&list=categorymembers&cmtitle=Category)
    skip category (HTTP 429 rate limited: https://en.wikipedia.org/w/api.php?format=json&action=query&list=categorymembers&cmtitle=Category)
    skip category (HTTP 429 rate limited: https://en.wikipedia.org/w/api.php?format=json&action=query&list=categorymembers&cmtitle=Category)
    skip category (HTTP 429 rate limited: https://en.wikipedia.org/w/api.php?format=json&action=query&list=categorymembers&cmtitle=Category)
    skip category (HTTP 429 rate limited: https://en.wikipedia.org/w/api.php?format=json&action=query&list=categorymembers&cmtitle=Category)
    skip category (HTTP 429 rate limited: https://en.wikipedia.org/w/api.php?format=json&action=query&list=categorymembers&cmtitle=Category)
    skip category (HTTP 429 rate limited: https://en.wikipedia.org/w/api.php?format=json&action=query&list=categorymembers&cmtitle=Category)
    skip category (HTTP 429 rate limited: https://en.wikipedia.org/w/api.php?format=json&action=query&list=categorymembers&cmtitle=Category)
    skip category (HTTP 429 rate limited: https://en.wikipedia.org/w/api.php?format=json&action=query&list=categorymembers&cmtitle=Category)
    skip category (HTTP 429 rate limited: https://en.wikipedia.org/w/api.php?format=json&action=query&list=categorymembers&cmtitle=Category)
    skip category (HTTP 429 rate limited: https://en.wikipedia.org/w/api.php?format=json&action=query&list=categorymembers&cmtitle=Category)
    skip category (HTTP 429 rate limited: https://en.wikipedia.org/w/api.php?format=json&action=query&list=categorymembers&cmtitle=Category)
    skip category (HTTP 429 rate limited: https://en.wikipedia.org/w/api.php?format=json&action=query&list=categorymembers&cmtitle=Category)
    skip category (HTTP 429 rate limited: https://en.wikipedia.org/w/api.php?format=json&action=query&list=categorymembers&cmtitle=Category)
    skip category (HTTP 429 rate limited: https://en.wikipedia.org/w/api.php?format=json&action=query&list=categorymembers&cmtitle=Category)
    skip category (HTTP 429 rate limited: https://en.wikipedia.org/w/api.php?format=json&action=query&list=categorymembers&cmtitle=Category)
    skip category (HTTP 429 rate limited: https://en.wikipedia.org/w/api.php?format=json&action=query&list=categorymembers&cmtitle=Category)
    skip category (HTTP 429 rate limited: https://en.wikipedia.org/w/api.php?format=json&action=query&list=categorymembers&cmtitle=Category)
    skip category (HTTP 429 rate limited: https://en.wikipedia.org/w/api.php?format=json&action=query&list=categorymembers&cmtitle=Category)
    skip category (HTTP 429 rate limited: https://en.wikipedia.org/w/api.php?format=json&action=query&list=categorymembers&cmtitle=Category)
    skip category (HTTP 429 rate limited: https://en.wikipedia.org/w/api.php?format=json&action=query&list=categorymembers&cmtitle=Category)
    skip category (HTTP 429 rate limited: https://en.wikipedia.org/w/api.php?format=json&action=query&list=categorymembers&cmtitle=Category)
    skip category (HTTP 429 rate limited: https://en.wikipedia.org/w/api.php?format=json&action=query&list=categorymembers&cmtitle=Category)
    skip category (HTTP 429 rate limited: https://en.wikipedia.org/w/api.php?format=json&action=query&list=categorymembers&cmtitle=Category)
    skip category (HTTP 429 rate limited: https://en.wikipedia.org/w/api.php?format=json&action=query&list=categorymembers&cmtitle=Category)
    skip category (HTTP 429 rate limited: https://en.wikipedia.org/w/api.php?format=json&action=query&list=categorymembers&cmtitle=Category)
    skip category (HTTP 429 rate limited: https://en.wikipedia.org/w/api.php?format=json&action=query&list=categorymembers&cmtitle=Category)
    skip category (HTTP 429 rate limited: https://en.wikipedia.org/w/api.php?format=json&action=query&list=categorymembers&cmtitle=Category)
    skip category (HTTP 429 rate limited: https://en.wikipedia.org/w/api.php?format=json&action=query&list=categorymembers&cmtitle=Category)
    skip category (HTTP 429 rate limited: https://en.wikipedia.org/w/api.php?format=json&action=query&list=categorymembers&cmtitle=Category)
    skip category (HTTP 429 rate limited: https://en.wikipedia.org/w/api.php?format=json&action=query&list=categorymembers&cmtitle=Category)
    skip category (HTTP 429 rate limited: https://en.wikipedia.org/w/api.php?format=json&action=query&list=categorymembers&cmtitle=Category)
    skip category (HTTP 429 rate limited: https://en.wikipedia.org/w/api.php?format=json&action=query&list=categorymembers&cmtitle=Category)
    skip category (HTTP 429 rate limited: https://en.wikipedia.org/w/api.php?format=json&action=query&list=categorymembers&cmtitle=Category)
    skip category (HTTP 429 rate limited: https://en.wikipedia.org/w/api.php?format=json&action=query&list=categorymembers&cmtitle=Category)
    skip category (HTTP 429 rate limited: https://en.wikipedia.org/w/api.php?format=json&action=query&list=categorymembers&cmtitle=Category)
    skip category (HTTP 429 rate limited: https://en.wikipedia.org/w/api.php?format=json&action=query&list=categorymembers&cmtitle=Category)
    skip category (HTTP 429 rate limited: https://en.wikipedia.org/w/api.php?format=json&action=query&list=categorymembers&cmtitle=Category)
    skip category (HTTP 429 rate limited: https://en.wikipedia.org/w/api.php?format=json&action=query&list=categorymembers&cmtitle=Category)
    skip category (HTTP 429 rate limited: https://en.wikipedia.org/w/api.php?format=json&action=query&list=categorymembers&cmtitle=Category)
    skip category (HTTP 429 rate limited: https://en.wikipedia.org/w/api.php?format=json&action=query&list=categorymembers&cmtitle=Category)
    skip category (HTTP 429 rate limited: https://en.wikipedia.org/w/api.php?format=json&action=query&list=categorymembers&cmtitle=Category)
    skip category (HTTP 429 rate limited: https://en.wikipedia.org/w/api.php?format=json&action=query&list=categorymembers&cmtitle=Category)
    skip category (HTTP 429 rate limited: https://en.wikipedia.org/w/api.php?format=json&action=query&list=categorymembers&cmtitle=Category)
    skip category (HTTP 429 rate limited: https://en.wikipedia.org/w/api.php?format=json&action=query&list=categorymembers&cmtitle=Category)
    skip category (HTTP 429 rate limited: https://en.wikipedia.org/w/api.php?format=json&action=query&list=categorymembers&cmtitle=Category)
    skip category (HTTP 429 rate limited: https://en.wikipedia.org/w/api.php?format=json&action=query&list=categorymembers&cmtitle=Category)
    skip category (HTTP 429 rate limited: https://en.wikipedia.org/w/api.php?format=json&action=query&list=categorymembers&cmtitle=Category)
    skip category (HTTP 429 rate limited: https://en.wikipedia.org/w/api.php?format=json&action=query&list=categorymembers&cmtitle=Category)
    skip category (HTTP 429 rate limited: https://en.wikipedia.org/w/api.php?format=json&action=query&list=categorymembers&cmtitle=Category)
    skip category (HTTP 429 rate limited: https://en.wikipedia.org/w/api.php?format=json&action=query&list=categorymembers&cmtitle=Category)
    skip category (HTTP 429 rate limited: https://en.wikipedia.org/w/api.php?format=json&action=query&list=categorymembers&cmtitle=Category)
    skip category (HTTP 429 rate limited: https://en.wikipedia.org/w/api.php?format=json&action=query&list=categorymembers&cmtitle=Category)
    skip category (HTTP 429 rate limited: https://en.wikipedia.org/w/api.php?format=json&action=query&list=categorymembers&cmtitle=Category)
    skip category (HTTP 429 rate limited: https://en.wikipedia.org/w/api.php?format=json&action=query&list=categorymembers&cmtitle=Category)
    skip category (HTTP 429 rate limited: https://en.wikipedia.org/w/api.php?format=json&action=query&list=categorymembers&cmtitle=Category)
    skip category (HTTP 429 rate limited: https://en.wikipedia.org/w/api.php?format=json&action=query&list=categorymembers&cmtitle=Category)
    skip category (HTTP 429 rate limited: https://en.wikipedia.org/w/api.php?format=json&action=query&list=categorymembers&cmtitle=Category)
    skip category (HTTP 429 rate limited: https://en.wikipedia.org/w/api.php?format=json&action=query&list=categorymembers&cmtitle=Category)
  intro batch failed: HTTP 429 rate limited: https://en.wikipedia.org/w/api.php?format=json&action=query&titles=Neopets&redirects=1&prop=revisions&rvprop=content&rvslots=main
    skip category (HTTP 429 rate limited: https://en.wikipedia.org/w/api.php?format=json&action=query&list=categorymembers&cmtitle=Category)
    skip category (HTTP 429 rate limited: https://en.wikipedia.org/w/api.php?format=json&action=query&list=categorymembers&cmtitle=Category)
    skip category (HTTP 429 rate limited: https://en.wikipedia.org/w/api.php?format=json&action=query&list=categorymembers&cmtitle=Category)
    skip category (HTTP 429 rate limited: https://en.wikipedia.org/w/api.php?format=json&action=query&list=categorymembers&cmtitle=Category)
    skip category (HTTP 429 rate limited: https://en.wikipedia.org/w/api.php?format=json&action=query&list=categorymembers&cmtitle=Category)
    skip category (HTTP 429 rate limited: https://en.wikipedia.org/w/api.php?format=json&action=query&list=categorymembers&cmtitle=Category)
    skip category (HTTP 429 rate limited: https://en.wikipedia.org/w/api.php?format=json&action=query&list=categorymembers&cmtitle=Category)
    skip category (HTTP 429 rate limited: https://en.wikipedia.org/w/api.php?format=json&action=query&list=categorymembers&cmtitle=Category)
    skip category (HTTP 429 rate limited: https://en.wikipedia.org/w/api.php?format=json&action=query&list=categorymembers&cmtitle=Category)
    skip category (HTTP 429 rate limited: https://en.wikipedia.org/w/api.php?format=json&action=query&list=categorymembers&cmtitle=Category)
    skip category (HTTP 429 rate limited: https://en.wikipedia.org/w/api.php?format=json&action=query&list=categorymembers&cmtitle=Category)
    skip category (HTTP 429 rate limited: https://en.wikipedia.org/w/api.php?format=json&action=query&list=categorymembers&cmtitle=Category)
    skip category (HTTP 429 rate limited: https://en.wikipedia.org/w/api.php?format=json&action=query&list=categorymembers&cmtitle=Category)
    skip category (HTTP 429 rate limited: https://en.wikipedia.org/w/api.php?format=json&action=query&list=categorymembers&cmtitle=Category)
    skip category (HTTP 429 rate limited: https://en.wikipedia.org/w/api.php?format=json&action=query&list=categorymembers&cmtitle=Category)
    skip category (HTTP 429 rate limited: https://en.wikipedia.org/w/api.php?format=json&action=query&list=categorymembers&cmtitle=Category)
    skip category (HTTP 429 rate limited: https://en.wikipedia.org/w/api.php?format=json&action=query&list=categorymembers&cmtitle=Category)
    skip category (HTTP 429 rate limited: https://en.wikipedia.org/w/api.php?format=json&action=query&list=categorymembers&cmtitle=Category)
    skip category (HTTP 429 rate limited: https://en.wikipedia.org/w/api.php?format=json&action=query&list=categorymembers&cmtitle=Category)
    skip category (HTTP 429 rate limited: https://en.wikipedia.org/w/api.php?format=json&action=query&list=categorymembers&cmtitle=Category)
    skip category (HTTP 429 rate limited: https://en.wikipedia.org/w/api.php?format=json&action=query&list=categorymembers&cmtitle=Category)
    skip category (HTTP 429 rate limited: https://en.wikipedia.org/w/api.php?format=json&action=query&list=categorymembers&cmtitle=Category)
    skip category (HTTP 429 rate limited: https://en.wikipedia.org/w/api.php?format=json&action=query&list=categorymembers&cmtitle=Category)
    skip category (HTTP 429 rate limited: https://en.wikipedia.org/w/api.php?format=json&action=query&list=categorymembers&cmtitle=Category)
    skip category (HTTP 429 rate limited: https://en.wikipedia.org/w/api.php?format=json&action=query&list=categorymembers&cmtitle=Category)
    skip category (HTTP 429 rate limited: https://en.wikipedia.org/w/api.php?format=json&action=query&list=categorymembers&cmtitle=Category)
    skip category (HTTP 429 rate limited: https://en.wikipedia.org/w/api.php?format=json&action=query&list=categorymembers&cmtitle=Category)
    skip category (HTTP 429 rate limited: https://en.wikipedia.org/w/api.php?format=json&action=query&list=categorymembers&cmtitle=Category)
    skip category (HTTP 429 rate limited: https://en.wikipedia.org/w/api.php?format=json&action=query&list=categorymembers&cmtitle=Category)
    skip category (HTTP 429 rate limited: https://en.wikipedia.org/w/api.php?format=json&action=query&list=categorymembers&cmtitle=Category)
    skip category (HTTP 429 rate limited: https://en.wikipedia.org/w/api.php?format=json&action=query&list=categorymembers&cmtitle=Category)
    skip category (HTTP 429 rate limited: https://en.wikipedia.org/w/api.php?format=json&action=query&list=categorymembers&cmtitle=Category)
    skip category (HTTP 429 rate limited: https://en.wikipedia.org/w/api.php?format=json&action=query&list=categorymembers&cmtitle=Category)
    skip category (HTTP 429 rate limited: https://en.wikipedia.org/w/api.php?format=json&action=query&list=categorymembers&cmtitle=Category)
    skip category (HTTP 429 rate limited: https://en.wikipedia.org/w/api.php?format=json&action=query&list=categorymembers&cmtitle=Category)
    skip category (HTTP 429 rate limited: https://en.wikipedia.org/w/api.php?format=json&action=query&list=categorymembers&cmtitle=Category)
    skip category (HTTP 429 rate limited: https://en.wikipedia.org/w/api.php?format=json&action=query&list=categorymembers&cmtitle=Category)
    skip category (HTTP 429 rate limited: https://en.wikipedia.org/w/api.php?format=json&action=query&list=categorymembers&cmtitle=Category)
    skip category (HTTP 429 rate limited: https://en.wikipedia.org/w/api.php?format=json&action=query&list=categorymembers&cmtitle=Category)
    skip category (HTTP 429 rate limited: https://en.wikipedia.org/w/api.php?format=json&action=query&list=categorymembers&cmtitle=Category)
    skip category (HTTP 429 rate limited: https://en.wikipedia.org/w/api.php?format=json&action=query&list=categorymembers&cmtitle=Category)
    skip category (HTTP 429 rate limited: https://en.wikipedia.org/w/api.php?format=json&action=query&list=categorymembers&cmtitle=Category)
    skip category (HTTP 429 rate limited: https://en.wikipedia.org/w/api.php?format=json&action=query&list=categorymembers&cmtitle=Category)
    skip category (HTTP 429 rate limited: https://en.wikipedia.org/w/api.php?format=json&action=query&list=categorymembers&cmtitle=Category)
    skip category (HTTP 429 rate limited: https://en.wikipedia.org/w/api.php?format=json&action=query&list=categorymembers&cmtitle=Category)
    skip category (HTTP 429 rate limited: https://en.wikipedia.org/w/api.php?format=json&action=query&list=categorymembers&cmtitle=Category)
    skip category (HTTP 429 rate limited: https://en.wikipedia.org/w/api.php?format=json&action=query&list=categorymembers&cmtitle=Category)
    skip category (HTTP 429 rate limited: https://en.wikipedia.org/w/api.php?format=json&action=query&list=categorymembers&cmtitle=Category)
    skip category (HTTP 429 rate limited: https://en.wikipedia.org/w/api.php?format=json&action=query&list=categorymembers&cmtitle=Category)
    skip category (HTTP 429 rate limited: https://en.wikipedia.org/w/api.php?format=json&action=query&list=categorymembers&cmtitle=Category)
    skip category (HTTP 429 rate limited: https://en.wikipedia.org/w/api.php?format=json&action=query&list=categorymembers&cmtitle=Category)
    skip category (HTTP 429 rate limited: https://en.wikipedia.org/w/api.php?format=json&action=query&list=categorymembers&cmtitle=Category)
    skip category (HTTP 429 rate limited: https://en.wikipedia.org/w/api.php?format=json&action=query&list=categorymembers&cmtitle=Category)
    skip category (HTTP 429 rate limited: https://en.wikipedia.org/w/api.php?format=json&action=query&list=categorymembers&cmtitle=Category)
    skip category (HTTP 429 rate limited: https://en.wikipedia.org/w/api.php?format=json&action=query&list=categorymembers&cmtitle=Category)
    skip category (HTTP 429 rate limited: https://en.wikipedia.org/w/api.php?format=json&action=query&list=categorymembers&cmtitle=Category)
    skip category (HTTP 429 rate limited: https://en.wikipedia.org/w/api.php?format=json&action=query&list=categorymembers&cmtitle=Category)
    skip category (HTTP 429 rate limited: https://en.wikipedia.org/w/api.php?format=json&action=query&list=categorymembers&cmtitle=Category)
    skip category (HTTP 429 rate limited: https://en.wikipedia.org/w/api.php?format=json&action=query&list=categorymembers&cmtitle=Category)
    skip category (HTTP 429 rate limited: https://en.wikipedia.org/w/api.php?format=json&action=query&list=categorymembers&cmtitle=Category)
    skip category (HTTP 429 rate limited: https://en.wikipedia.org/w/api.php?format=json&action=query&list=categorymembers&cmtitle=Category)
    skip category (HTTP 429 rate limited: https://en.wikipedia.org/w/api.php?format=json&action=query&list=categorymembers&cmtitle=Category)
    skip category (HTTP 429 rate limited: https://en.wikipedia.org/w/api.php?format=json&action=query&list=categorymembers&cmtitle=Category)
    skip category (HTTP 429 rate limited: https://en.wikipedia.org/w/api.php?format=json&action=query&list=categorymembers&cmtitle=Category)
    skip category (HTTP 429 rate limited: https://en.wikipedia.org/w/api.php?format=json&action=query&list=categorymembers&cmtitle=Category)
    skip category (HTTP 429 rate limited: https://en.wikipedia.org/w/api.php?format=json&action=query&list=categorymembers&cmtitle=Category)
    skip category (HTTP 429 rate limited: https://en.wikipedia.org/w/api.php?format=json&action=query&list=categorymembers&cmtitle=Category)
    skip category (HTTP 429 rate limited: https://en.wikipedia.org/w/api.php?format=json&action=query&list=categorymembers&cmtitle=Category)
    skip category (HTTP 429 rate limited: https://en.wikipedia.org/w/api.php?format=json&action=query&list=categorymembers&cmtitle=Category)
    skip category (HTTP 429 rate limited: https://en.wikipedia.org/w/api.php?format=json&action=query&list=categorymembers&cmtitle=Category)
    skip category (HTTP 429 rate limited: https://en.wikipedia.org/w/api.php?format=json&action=query&list=categorymembers&cmtitle=Category)
    skip category (HTTP 429 rate limited: https://en.wikipedia.org/w/api.php?format=json&action=query&list=categorymembers&cmtitle=Category)
    skip category (HTTP 429 rate limited: https://en.wikipedia.org/w/api.php?format=json&action=query&list=categorymembers&cmtitle=Category)
    skip category (HTTP 429 rate limited: https://en.wikipedia.org/w/api.php?format=json&action=query&list=categorymembers&cmtitle=Category)
    skip category (HTTP 429 rate limited: https://en.wikipedia.org/w/api.php?format=json&action=query&list=categorymembers&cmtitle=Category)
    skip category (HTTP 429 rate limited: https://en.wikipedia.org/w/api.php?format=json&action=query&list=categorymembers&cmtitle=Category)
    skip category (HTTP 429 rate limited: https://en.wikipedia.org/w/api.php?format=json&action=query&list=categorymembers&cmtitle=Category)
    skip category (HTTP 429 rate limited: https://en.wikipedia.org/w/api.php?format=json&action=query&list=categorymembers&cmtitle=Category)
    skip category (HTTP 429 rate limited: https://en.wikipedia.org/w/api.php?format=json&action=query&list=categorymembers&cmtitle=Category)
    skip category (HTTP 429 rate limited: https://en.wikipedia.org/w/api.php?format=json&action=query&list=categorymembers&cmtitle=Category)
    skip category (HTTP 429 rate limited: https://en.wikipedia.org/w/api.php?format=json&action=query&list=categorymembers&cmtitle=Category)
    skip category (HTTP 429 rate limited: https://en.wikipedia.org/w/api.php?format=json&action=query&list=categorymembers&cmtitle=Category)
    skip category (HTTP 429 rate limited: https://en.wikipedia.org/w/api.php?format=json&action=query&list=categorymembers&cmtitle=Category)
    skip category (HTTP 429 rate limited: https://en.wikipedia.org/w/api.php?format=json&action=query&list=categorymembers&cmtitle=Category)
    skip category (HTTP 429 rate limited: https://en.wikipedia.org/w/api.php?format=json&action=query&list=categorymembers&cmtitle=Category)
    skip category (HTTP 429 rate limited: https://en.wikipedia.org/w/api.php?format=json&action=query&list=categorymembers&cmtitle=Category)
    skip category (HTTP 429 rate limited: https://en.wikipedia.org/w/api.php?format=json&action=query&list=categorymembers&cmtitle=Category)
    skip category (HTTP 429 rate limited: https://en.wikipedia.org/w/api.php?format=json&action=query&list=categorymembers&cmtitle=Category)
    skip category (HTTP 429 rate limited: https://en.wikipedia.org/w/api.php?format=json&action=query&list=categorymembers&cmtitle=Category)
    skip category (HTTP 429 rate limited: https://en.wikipedia.org/w/api.php?format=json&action=query&list=categorymembers&cmtitle=Category)
    skip category (HTTP 429 rate limited: https://en.wikipedia.org/w/api.php?format=json&action=query&list=categorymembers&cmtitle=Category)
    skip category (HTTP 429 rate limited: https://en.wikipedia.org/w/api.php?format=json&action=query&list=categorymembers&cmtitle=Category)
    skip category (HTTP 429 rate limited: https://en.wikipedia.org/w/api.php?format=json&action=query&list=categorymembers&cmtitle=Category)
    skip category (HTTP 429 rate limited: https://en.wikipedia.org/w/api.php?format=json&action=query&list=categorymembers&cmtitle=Category)
    skip category (HTTP 429 rate limited: https://en.wikipedia.org/w/api.php?format=json&action=query&list=categorymembers&cmtitle=Category)
    skip category (HTTP 429 rate limited: https://en.wikipedia.org/w/api.php?format=json&action=query&list=categorymembers&cmtitle=Category)
    skip category (HTTP 429 rate limited: https://en.wikipedia.org/w/api.php?format=json&action=query&list=categorymembers&cmtitle=Category)
    skip category (HTTP 429 rate limited: https://en.wikipedia.org/w/api.php?format=json&action=query&list=categorymembers&cmtitle=Category)
    skip category (HTTP 429 rate limited: https://en.wikipedia.org/w/api.php?format=json&action=query&list=categorymembers&cmtitle=Category)
    skip category (HTTP 429 rate limited: https://en.wikipedia.org/w/api.php?format=json&action=query&list=categorymembers&cmtitle=Category)
    skip category (HTTP 429 rate limited: https://en.wikipedia.org/w/api.php?format=json&action=query&list=categorymembers&cmtitle=Category)
    skip category (HTTP 429 rate limited: https://en.wikipedia.org/w/api.php?format=json&action=query&list=categorymembers&cmtitle=Category)
    skip category (HTTP 429 rate limited: https://en.wikipedia.org/w/api.php?format=json&action=query&list=categorymembers&cmtitle=Category)
    skip category (HTTP 429 rate limited: https://en.wikipedia.org/w/api.php?format=json&action=query&list=categorymembers&cmtitle=Category)
    skip category (HTTP 429 rate limited: https://en.wikipedia.org/w/api.php?format=json&action=query&list=categorymembers&cmtitle=Category)
    skip category (HTTP 429 rate limited: https://en.wikipedia.org/w/api.php?format=json&action=query&list=categorymembers&cmtitle=Category)
    skip category (HTTP 429 rate limited: https://en.wikipedia.org/w/api.php?format=json&action=query&list=categorymembers&cmtitle=Category)
    skip category (HTTP 429 rate limited: https://en.wikipedia.org/w/api.php?format=json&action=query&list=categorymembers&cmtitle=Category)
    skip category (HTTP 429 rate limited: https://en.wikipedia.org/w/api.php?format=json&action=query&list=categorymembers&cmtitle=Category)
    skip category (HTTP 429 rate limited: https://en.wikipedia.org/w/api.php?format=json&action=query&list=categorymembers&cmtitle=Category)
    skip category (HTTP 429 rate limited: https://en.wikipedia.org/w/api.php?format=json&action=query&list=categorymembers&cmtitle=Category)
    skip category (HTTP 429 rate limited: https://en.wikipedia.org/w/api.php?format=json&action=query&list=categorymembers&cmtitle=Category)
    skip category (HTTP 429 rate limited: https://en.wikipedia.org/w/api.php?format=json&action=query&list=categorymembers&cmtitle=Category)
    skip category (HTTP 429 rate limited: https://en.wikipedia.org/w/api.php?format=json&action=query&list=categorymembers&cmtitle=Category)
    skip category (HTTP 429 rate limited: https://en.wikipedia.org/w/api.php?format=json&action=query&list=categorymembers&cmtitle=Category)
    skip category (HTTP 429 rate limited: https://en.wikipedia.org/w/api.php?format=json&action=query&list=categorymembers&cmtitle=Category)
    skip category (HTTP 429 rate limited: https://en.wikipedia.org/w/api.php?format=json&action=query&list=categorymembers&cmtitle=Category)
    skip category (HTTP 429 rate limited: https://en.wikipedia.org/w/api.php?format=json&action=query&list=categorymembers&cmtitle=Category)
    skip category (HTTP 429 rate limited: https://en.wikipedia.org/w/api.php?format=json&action=query&list=categorymembers&cmtitle=Category)
    skip category (HTTP 429 rate limited: https://en.wikipedia.org/w/api.php?format=json&action=query&list=categorymembers&cmtitle=Category)
    skip category (HTTP 429 rate limited: https://en.wikipedia.org/w/api.php?format=json&action=query&list=categorymembers&cmtitle=Category)
    skip category (HTTP 429 rate limited: https://en.wikipedia.org/w/api.php?format=json&action=query&list=categorymembers&cmtitle=Category)
    skip category (HTTP 429 rate limited: https://en.wikipedia.org/w/api.php?format=json&action=query&list=categorymembers&cmtitle=Category)
    skip category (HTTP 429 rate limited: https://en.wikipedia.org/w/api.php?format=json&action=query&list=categorymembers&cmtitle=Category)
    skip category (HTTP 429 rate limited: https://en.wikipedia.org/w/api.php?format=json&action=query&list=categorymembers&cmtitle=Category)
    skip category (HTTP 429 rate limited: https://en.wikipedia.org/w/api.php?format=json&action=query&list=categorymembers&cmtitle=Category)
    skip category (HTTP 429 rate limited: https://en.wikipedia.org/w/api.php?format=json&action=query&list=categorymembers&cmtitle=Category)
    skip category (HTTP 429 rate limited: https://en.wikipedia.org/w/api.php?format=json&action=query&list=categorymembers&cmtitle=Category)
    skip category (HTTP 429 rate limited: https://en.wikipedia.org/w/api.php?format=json&action=query&list=categorymembers&cmtitle=Category)
    skip category (HTTP 429 rate limited: https://en.wikipedia.org/w/api.php?format=json&action=query&list=categorymembers&cmtitle=Category)
    skip category (HTTP 429 rate limited: https://en.wikipedia.org/w/api.php?format=json&action=query&list=categorymembers&cmtitle=Category)
    skip category (HTTP 429 rate limited: https://en.wikipedia.org/w/api.php?format=json&action=query&list=categorymembers&cmtitle=Category)
    skip category (HTTP 429 rate limited: https://en.wikipedia.org/w/api.php?format=json&action=query&list=categorymembers&cmtitle=Category)
    skip category (HTTP 429 rate limited: https://en.wikipedia.org/w/api.php?format=json&action=query&list=categorymembers&cmtitle=Category)
    skip category (HTTP 429 rate limited: https://en.wikipedia.org/w/api.php?format=json&action=query&list=categorymembers&cmtitle=Category)
    skip category (HTTP 429 rate limited: https://en.wikipedia.org/w/api.php?format=json&action=query&list=categorymembers&cmtitle=Category)
    skip category (HTTP 429 rate limited: https://en.wikipedia.org/w/api.php?format=json&action=query&list=categorymembers&cmtitle=Category)
    skip category (HTTP 429 rate limited: https://en.wikipedia.org/w/api.php?format=json&action=query&list=categorymembers&cmtitle=Category)
    skip category (HTTP 429 rate limited: https://en.wikipedia.org/w/api.php?format=json&action=query&list=categorymembers&cmtitle=Category)
    skip category (HTTP 429 rate limited: https://en.wikipedia.org/w/api.php?format=json&action=query&list=categorymembers&cmtitle=Category)
    skip category (HTTP 429 rate limited: https://en.wikipedia.org/w/api.php?format=json&action=query&list=categorymembers&cmtitle=Category)
    skip category (HTTP 429 rate limited: https://en.wikipedia.org/w/api.php?format=json&action=query&list=categorymembers&cmtitle=Category)
    skip category (HTTP 429 rate limited: https://en.wikipedia.org/w/api.php?format=json&action=query&list=categorymembers&cmtitle=Category)
    skip category (HTTP 429 rate limited: https://en.wikipedia.org/w/api.php?format=json&action=query&list=categorymembers&cmtitle=Category)
    skip category (HTTP 429 rate limited: https://en.wikipedia.org/w/api.php?format=json&action=query&list=categorymembers&cmtitle=Category)
    skip category (HTTP 429 rate limited: https://en.wikipedia.org/w/api.php?format=json&action=query&list=categorymembers&cmtitle=Category)
    skip category (HTTP 429 rate limited: https://en.wikipedia.org/w/api.php?format=json&action=query&list=categorymembers&cmtitle=Category)
    skip category (HTTP 429 rate limited: https://en.wikipedia.org/w/api.php?format=json&action=query&list=categorymembers&cmtitle=Category)
    skip category (HTTP 429 rate limited: https://en.wikipedia.org/w/api.php?format=json&action=query&list=categorymembers&cmtitle=Category)
    skip category (HTTP 429 rate limited: https://en.wikipedia.org/w/api.php?format=json&action=query&list=categorymembers&cmtitle=Category)
    skip category (HTTP 429 rate limited: https://en.wikipedia.org/w/api.php?format=json&action=query&list=categorymembers&cmtitle=Category)
    skip category (HTTP 429 rate limited: https://en.wikipedia.org/w/api.php?format=json&action=query&list=categorymembers&cmtitle=Category)
    skip category (HTTP 429 rate limited: https://en.wikipedia.org/w/api.php?format=json&action=query&list=categorymembers&cmtitle=Category)
    skip category (HTTP 429 rate limited: https://en.wikipedia.org/w/api.php?format=json&action=query&list=categorymembers&cmtitle=Category)
    skip category (HTTP 429 rate limited: https://en.wikipedia.org/w/api.php?format=json&action=query&list=categorymembers&cmtitle=Category)
    skip category (HTTP 429 rate limited: https://en.wikipedia.org/w/api.php?format=json&action=query&list=categorymembers&cmtitle=Category)
    skip category (HTTP 429 rate limited: https://en.wikipedia.org/w/api.php?format=json&action=query&list=categorymembers&cmtitle=Category)
    skip category (HTTP 429 rate limited: https://en.wikipedia.org/w/api.php?format=json&action=query&list=categorymembers&cmtitle=Category)
    skip category (HTTP 429 rate limited: https://en.wikipedia.org/w/api.php?format=json&action=query&list=categorymembers&cmtitle=Category)
    skip category (HTTP 429 rate limited: https://en.wikipedia.org/w/api.php?format=json&action=query&list=categorymembers&cmtitle=Category)
    skip category (HTTP 429 rate limited: https://en.wikipedia.org/w/api.php?format=json&action=query&list=categorymembers&cmtitle=Category)
    skip category (HTTP 429 rate limited: https://en.wikipedia.org/w/api.php?format=json&action=query&list=categorymembers&cmtitle=Category)
    skip category (HTTP 429 rate limited: https://en.wikipedia.org/w/api.php?format=json&action=query&list=categorymembers&cmtitle=Category)
    skip category (HTTP 429 rate limited: https://en.wikipedia.org/w/api.php?format=json&action=query&list=categorymembers&cmtitle=Category)
    skip category (HTTP 429 rate limited: https://en.wikipedia.org/w/api.php?format=json&action=query&list=categorymembers&cmtitle=Category)
    skip category (HTTP 429 rate limited: https://en.wikipedia.org/w/api.php?format=json&action=query&list=categorymembers&cmtitle=Category)
    skip category (HTTP 429 rate limited: https://en.wikipedia.org/w/api.php?format=json&action=query&list=categorymembers&cmtitle=Category)
    skip category (HTTP 429 rate limited: https://en.wikipedia.org/w/api.php?format=json&action=query&list=categorymembers&cmtitle=Category)
    skip category (HTTP 429 rate limited: https://en.wikipedia.org/w/api.php?format=json&action=query&list=categorymembers&cmtitle=Category)
    skip category (HTTP 429 rate limited: https://en.wikipedia.org/w/api.php?format=json&action=query&list=categorymembers&cmtitle=Category)
    skip category (HTTP 429 rate limited: https://en.wikipedia.org/w/api.php?format=json&action=query&list=categorymembers&cmtitle=Category)
    skip category (HTTP 429 rate limited: https://en.wikipedia.org/w/api.php?format=json&action=query&list=categorymembers&cmtitle=Category)
    skip category (HTTP 429 rate limited: https://en.wikipedia.org/w/api.php?format=json&action=query&list=categorymembers&cmtitle=Category)
    skip category (HTTP 429 rate limited: https://en.wikipedia.org/w/api.php?format=json&action=query&list=categorymembers&cmtitle=Category)
    skip category (HTTP 429 rate limited: https://en.wikipedia.org/w/api.php?format=json&action=query&list=categorymembers&cmtitle=Category)
  intro batch failed: HTTP 429 rate limited: https://en.wikipedia.org/w/api.php?format=json&action=query&titles=Panama+Canal&redirects=1&prop=revisions&rvprop=content&rvslots=main
    skip category (HTTP 429 rate limited: https://en.wikipedia.org/w/api.php?format=json&action=query&list=categorymembers&cmtitle=Category)
    skip category (HTTP 429 rate limited: https://en.wikipedia.org/w/api.php?format=json&action=query&list=categorymembers&cmtitle=Category)
    skip category (HTTP 429 rate limited: https://en.wikipedia.org/w/api.php?format=json&action=query&list=categorymembers&cmtitle=Category)
    skip category (HTTP 429 rate limited: https://en.wikipedia.org/w/api.php?format=json&action=query&list=categorymembers&cmtitle=Category)
    skip category (HTTP 429 rate limited: https://en.wikipedia.org/w/api.php?format=json&action=query&list=categorymembers&cmtitle=Category)
    skip category (HTTP 429 rate limited: https://en.wikipedia.org/w/api.php?format=json&action=query&list=categorymembers&cmtitle=Category)
    skip category (HTTP 429 rate limited: https://en.wikipedia.org/w/api.php?format=json&action=query&list=categorymembers&cmtitle=Category)
    skip category (HTTP 429 rate limited: https://en.wikipedia.org/w/api.php?format=json&action=query&list=categorymembers&cmtitle=Category)
    skip category (HTTP 429 rate limited: https://en.wikipedia.org/w/api.php?format=json&action=query&list=categorymembers&cmtitle=Category)
    skip category (HTTP 429 rate limited: https://en.wikipedia.org/w/api.php?format=json&action=query&list=categorymembers&cmtitle=Category)
    skip category (HTTP 429 rate limited: https://en.wikipedia.org/w/api.php?format=json&action=query&list=categorymembers&cmtitle=Category)
    skip category (HTTP 429 rate limited: https://en.wikipedia.org/w/api.php?format=json&action=query&list=categorymembers&cmtitle=Category)
    skip category (HTTP 429 rate limited: https://en.wikipedia.org/w/api.php?format=json&action=query&list=categorymembers&cmtitle=Category)
    skip category (HTTP 429 rate limited: https://en.wikipedia.org/w/api.php?format=json&action=query&list=categorymembers&cmtitle=Category)
    skip category (HTTP 429 rate limited: https://en.wikipedia.org/w/api.php?format=json&action=query&list=categorymembers&cmtitle=Category)
    skip category (HTTP 429 rate limited: https://en.wikipedia.org/w/api.php?format=json&action=query&list=categorymembers&cmtitle=Category)
    skip category (HTTP 429 rate limited: https://en.wikipedia.org/w/api.php?format=json&action=query&list=categorymembers&cmtitle=Category)
    skip category (HTTP 429 rate limited: https://en.wikipedia.org/w/api.php?format=json&action=query&list=categorymembers&cmtitle=Category)
    skip category (HTTP 429 rate limited: https://en.wikipedia.org/w/api.php?format=json&action=query&list=categorymembers&cmtitle=Category)
    skip category (HTTP 429 rate limited: https://en.wikipedia.org/w/api.php?format=json&action=query&list=categorymembers&cmtitle=Category)
    skip category (HTTP 429 rate limited: https://en.wikipedia.org/w/api.php?format=json&action=query&list=categorymembers&cmtitle=Category)
    skip category (HTTP 429 rate limited: https://en.wikipedia.org/w/api.php?format=json&action=query&list=categorymembers&cmtitle=Category)
    skip category (HTTP 429 rate limited: https://en.wikipedia.org/w/api.php?format=json&action=query&list=categorymembers&cmtitle=Category)
    skip category (HTTP 429 rate limited: https://en.wikipedia.org/w/api.php?format=json&action=query&list=categorymembers&cmtitle=Category)
    skip category (HTTP 429 rate limited: https://en.wikipedia.org/w/api.php?format=json&action=query&list=categorymembers&cmtitle=Category)
    skip category (HTTP 429 rate limited: https://en.wikipedia.org/w/api.php?format=json&action=query&list=categorymembers&cmtitle=Category)
    skip category (HTTP 429 rate limited: https://en.wikipedia.org/w/api.php?format=json&action=query&list=categorymembers&cmtitle=Category)
    skip category (HTTP 429 rate limited: https://en.wikipedia.org/w/api.php?format=json&action=query&list=categorymembers&cmtitle=Category)
    skip category (HTTP 429 rate limited: https://en.wikipedia.org/w/api.php?format=json&action=query&list=categorymembers&cmtitle=Category)
    skip category (HTTP 429 rate limited: https://en.wikipedia.org/w/api.php?format=json&action=query&list=categorymembers&cmtitle=Category)
    skip category (HTTP 429 rate limited: https://en.wikipedia.org/w/api.php?format=json&action=query&list=categorymembers&cmtitle=Category)
    skip category (HTTP 429 rate limited: https://en.wikipedia.org/w/api.php?format=json&action=query&list=categorymembers&cmtitle=Category)
    skip category (HTTP 429 rate limited: https://en.wikipedia.org/w/api.php?format=json&action=query&list=categorymembers&cmtitle=Category)
    skip category (HTTP 429 rate limited: https://en.wikipedia.org/w/api.php?format=json&action=query&list=categorymembers&cmtitle=Category)
    skip category (HTTP 429 rate limited: https://en.wikipedia.org/w/api.php?format=json&action=query&list=categorymembers&cmtitle=Category)
    skip category (HTTP 429 rate limited: https://en.wikipedia.org/w/api.php?format=json&action=query&list=categorymembers&cmtitle=Category)
    skip category (HTTP 429 rate limited: https://en.wikipedia.org/w/api.php?format=json&action=query&list=categorymembers&cmtitle=Category)
    skip category (HTTP 429 rate limited: https://en.wikipedia.org/w/api.php?format=json&action=query&list=categorymembers&cmtitle=Category)
    skip category (HTTP 429 rate limited: https://en.wikipedia.org/w/api.php?format=json&action=query&list=categorymembers&cmtitle=Category)
    skip category (HTTP 429 rate limited: https://en.wikipedia.org/w/api.php?format=json&action=query&list=categorymembers&cmtitle=Category)
    skip category (HTTP 429 rate limited: https://en.wikipedia.org/w/api.php?format=json&action=query&list=categorymembers&cmtitle=Category)
    skip category (HTTP 429 rate limited: https://en.wikipedia.org/w/api.php?format=json&action=query&list=categorymembers&cmtitle=Category)
    skip category (HTTP 429 rate limited: https://en.wikipedia.org/w/api.php?format=json&action=query&list=categorymembers&cmtitle=Category)
    skip category (HTTP 429 rate limited: https://en.wikipedia.org/w/api.php?format=json&action=query&list=categorymembers&cmtitle=Category)
    skip category (HTTP 429 rate limited: https://en.wikipedia.org/w/api.php?format=json&action=query&list=categorymembers&cmtitle=Category)
    skip category (HTTP 429 rate limited: https://en.wikipedia.org/w/api.php?format=json&action=query&list=categorymembers&cmtitle=Category)
    skip category (HTTP 429 rate limited: https://en.wikipedia.org/w/api.php?format=json&action=query&list=categorymembers&cmtitle=Category)
    skip category (HTTP 429 rate limited: https://en.wikipedia.org/w/api.php?format=json&action=query&list=categorymembers&cmtitle=Category)
    skip category (HTTP 429 rate limited: https://en.wikipedia.org/w/api.php?format=json&action=query&list=categorymembers&cmtitle=Category)
    skip category (HTTP 429 rate limited: https://en.wikipedia.org/w/api.php?format=json&action=query&list=categorymembers&cmtitle=Category)
    skip category (HTTP 429 rate limited: https://en.wikipedia.org/w/api.php?format=json&action=query&list=categorymembers&cmtitle=Category)
    skip category (HTTP 429 rate limited: https://en.wikipedia.org/w/api.php?format=json&action=query&list=categorymembers&cmtitle=Category)
    skip category (HTTP 429 rate limited: https://en.wikipedia.org/w/api.php?format=json&action=query&list=categorymembers&cmtitle=Category)
    skip category (HTTP 429 rate limited: https://en.wikipedia.org/w/api.php?format=json&action=query&list=categorymembers&cmtitle=Category)
    skip category (HTTP 429 rate limited: https://en.wikipedia.org/w/api.php?format=json&action=query&list=categorymembers&cmtitle=Category)
    skip category (HTTP 429 rate limited: https://en.wikipedia.org/w/api.php?format=json&action=query&list=categorymembers&cmtitle=Category)
    skip category (HTTP 429 rate limited: https://en.wikipedia.org/w/api.php?format=json&action=query&list=categorymembers&cmtitle=Category)
    skip category (HTTP 429 rate limited: https://en.wikipedia.org/w/api.php?format=json&action=query&list=categorymembers&cmtitle=Category)
    skip category (HTTP 429 rate limited: https://en.wikipedia.org/w/api.php?format=json&action=query&list=categorymembers&cmtitle=Category)
    skip category (HTTP 429 rate limited: https://en.wikipedia.org/w/api.php?format=json&action=query&list=categorymembers&cmtitle=Category)
    skip category (HTTP 429 rate limited: https://en.wikipedia.org/w/api.php?format=json&action=query&list=categorymembers&cmtitle=Category)
    skip category (HTTP 429 rate limited: https://en.wikipedia.org/w/api.php?format=json&action=query&list=categorymembers&cmtitle=Category)
    skip category (HTTP 429 rate limited: https://en.wikipedia.org/w/api.php?format=json&action=query&list=categorymembers&cmtitle=Category)
    skip category (HTTP 429 rate limited: https://en.wikipedia.org/w/api.php?format=json&action=query&list=categorymembers&cmtitle=Category)
    skip category (HTTP 429 rate limited: https://en.wikipedia.org/w/api.php?format=json&action=query&list=categorymembers&cmtitle=Category)
    skip category (HTTP 429 rate limited: https://en.wikipedia.org/w/api.php?format=json&action=query&list=categorymembers&cmtitle=Category)
    skip category (HTTP 429 rate limited: https://en.wikipedia.org/w/api.php?format=json&action=query&list=categorymembers&cmtitle=Category)
    skip category (HTTP 429 rate limited: https://en.wikipedia.org/w/api.php?format=json&action=query&list=categorymembers&cmtitle=Category)
    skip category (HTTP 429 rate limited: https://en.wikipedia.org/w/api.php?format=json&action=query&list=categorymembers&cmtitle=Category)
    skip category (HTTP 429 rate limited: https://en.wikipedia.org/w/api.php?format=json&action=query&list=categorymembers&cmtitle=Category)
    skip category (HTTP 429 rate limited: https://en.wikipedia.org/w/api.php?format=json&action=query&list=categorymembers&cmtitle=Category)
    skip category (HTTP 429 rate limited: https://en.wikipedia.org/w/api.php?format=json&action=query&list=categorymembers&cmtitle=Category)
    skip category (HTTP 429 rate limited: https://en.wikipedia.org/w/api.php?format=json&action=query&list=categorymembers&cmtitle=Category)
    skip category (HTTP 429 rate limited: https://en.wikipedia.org/w/api.php?format=json&action=query&list=categorymembers&cmtitle=Category)
    skip category (HTTP 429 rate limited: https://en.wikipedia.org/w/api.php?format=json&action=query&list=categorymembers&cmtitle=Category)
    skip category (HTTP 429 rate limited: https://en.wikipedia.org/w/api.php?format=json&action=query&list=categorymembers&cmtitle=Category)
    skip category (HTTP 429 rate limited: https://en.wikipedia.org/w/api.php?format=json&action=query&list=categorymembers&cmtitle=Category)
    skip category (HTTP 429 rate limited: https://en.wikipedia.org/w/api.php?format=json&action=query&list=categorymembers&cmtitle=Category)
    skip category (HTTP 429 rate limited: https://en.wikipedia.org/w/api.php?format=json&action=query&list=categorymembers&cmtitle=Category)
    skip category (HTTP 429 rate limited: https://en.wikipedia.org/w/api.php?format=json&action=query&list=categorymembers&cmtitle=Category)
    skip category (HTTP 429 rate limited: https://en.wikipedia.org/w/api.php?format=json&action=query&list=categorymembers&cmtitle=Category)
    skip category (HTTP 429 rate limited: https://en.wikipedia.org/w/api.php?format=json&action=query&list=categorymembers&cmtitle=Category)
    skip category (HTTP 429 rate limited: https://en.wikipedia.org/w/api.php?format=json&action=query&list=categorymembers&cmtitle=Category)
    skip category (HTTP 429 rate limited: https://en.wikipedia.org/w/api.php?format=json&action=query&list=categorymembers&cmtitle=Category)
    skip category (HTTP 429 rate limited: https://en.wikipedia.org/w/api.php?format=json&action=query&list=categorymembers&cmtitle=Category)
    skip category (HTTP 429 rate limited: https://en.wikipedia.org/w/api.php?format=json&action=query&list=categorymembers&cmtitle=Category)
    skip category (HTTP 429 rate limited: https://en.wikipedia.org/w/api.php?format=json&action=query&list=categorymembers&cmtitle=Category)
    skip category (HTTP 429 rate limited: https://en.wikipedia.org/w/api.php?format=json&action=query&list=categorymembers&cmtitle=Category)
    skip category (HTTP 429 rate limited: https://en.wikipedia.org/w/api.php?format=json&action=query&list=categorymembers&cmtitle=Category)
    skip category (HTTP 429 rate limited: https://en.wikipedia.org/w/api.php?format=json&action=query&list=categorymembers&cmtitle=Category)
    skip category (HTTP 429 rate limited: https://en.wikipedia.org/w/api.php?format=json&action=query&list=categorymembers&cmtitle=Category)
    skip category (HTTP 429 rate limited: https://en.wikipedia.org/w/api.php?format=json&action=query&list=categorymembers&cmtitle=Category)
    skip category (HTTP 429 rate limited: https://en.wikipedia.org/w/api.php?format=json&action=query&list=categorymembers&cmtitle=Category)
    skip category (HTTP 429 rate limited: https://en.wikipedia.org/w/api.php?format=json&action=query&list=categorymembers&cmtitle=Category)
    skip category (HTTP 429 rate limited: https://en.wikipedia.org/w/api.php?format=json&action=query&list=categorymembers&cmtitle=Category)
    skip category (HTTP 429 rate limited: https://en.wikipedia.org/w/api.php?format=json&action=query&list=categorymembers&cmtitle=Category)
    skip category (HTTP 429 rate limited: https://en.wikipedia.org/w/api.php?format=json&action=query&list=categorymembers&cmtitle=Category)
    skip category (HTTP 429 rate limited: https://en.wikipedia.org/w/api.php?format=json&action=query&list=categorymembers&cmtitle=Category)
    skip category (HTTP 429 rate limited: https://en.wikipedia.org/w/api.php?format=json&action=query&list=categorymembers&cmtitle=Category)
    skip category (HTTP 429 rate limited: https://en.wikipedia.org/w/api.php?format=json&action=query&list=categorymembers&cmtitle=Category)
    skip category (HTTP 429 rate limited: https://en.wikipedia.org/w/api.php?format=json&action=query&list=categorymembers&cmtitle=Category)
    skip category (HTTP 429 rate limited: https://en.wikipedia.org/w/api.php?format=json&action=query&list=categorymembers&cmtitle=Category)
    skip category (HTTP 429 rate limited: https://en.wikipedia.org/w/api.php?format=json&action=query&list=categorymembers&cmtitle=Category)
    skip category (HTTP 429 rate limited: https://en.wikipedia.org/w/api.php?format=json&action=query&list=categorymembers&cmtitle=Category)
    skip category (HTTP 429 rate limited: https://en.wikipedia.org/w/api.php?format=json&action=query&list=categorymembers&cmtitle=Category)
    skip category (HTTP 429 rate limited: https://en.wikipedia.org/w/api.php?format=json&action=query&list=categorymembers&cmtitle=Category)
    skip category (HTTP 429 rate limited: https://en.wikipedia.org/w/api.php?format=json&action=query&list=categorymembers&cmtitle=Category)
    skip category (HTTP 429 rate limited: https://en.wikipedia.org/w/api.php?format=json&action=query&list=categorymembers&cmtitle=Category)
    skip category (HTTP 429 rate limited: https://en.wikipedia.org/w/api.php?format=json&action=query&list=categorymembers&cmtitle=Category)
    skip category (HTTP 429 rate limited: https://en.wikipedia.org/w/api.php?format=json&action=query&list=categorymembers&cmtitle=Category)
    skip category (HTTP 429 rate limited: https://en.wikipedia.org/w/api.php?format=json&action=query&list=categorymembers&cmtitle=Category)
    skip category (HTTP 429 rate limited: https://en.wikipedia.org/w/api.php?format=json&action=query&list=categorymembers&cmtitle=Category)
    skip category (HTTP 429 rate limited: https://en.wikipedia.org/w/api.php?format=json&action=query&list=categorymembers&cmtitle=Category)
    skip category (HTTP 429 rate limited: https://en.wikipedia.org/w/api.php?format=json&action=query&list=categorymembers&cmtitle=Category)
    skip category (HTTP 429 rate limited: https://en.wikipedia.org/w/api.php?format=json&action=query&list=categorymembers&cmtitle=Category)
    skip category (HTTP 429 rate limited: https://en.wikipedia.org/w/api.php?format=json&action=query&list=categorymembers&cmtitle=Category)
    skip category (HTTP 429 rate limited: https://en.wikipedia.org/w/api.php?format=json&action=query&list=categorymembers&cmtitle=Category)
    skip category (HTTP 429 rate limited: https://en.wikipedia.org/w/api.php?format=json&action=query&list=categorymembers&cmtitle=Category)
    skip category (HTTP 429 rate limited: https://en.wikipedia.org/w/api.php?format=json&action=query&list=categorymembers&cmtitle=Category)
    skip category (HTTP 429 rate limited: https://en.wikipedia.org/w/api.php?format=json&action=query&list=categorymembers&cmtitle=Category)
    skip category (HTTP 429 rate limited: https://en.wikipedia.org/w/api.php?format=json&action=query&list=categorymembers&cmtitle=Category)
    skip category (HTTP 429 rate limited: https://en.wikipedia.org/w/api.php?format=json&action=query&list=categorymembers&cmtitle=Category)
    skip category (HTTP 429 rate limited: https://en.wikipedia.org/w/api.php?format=json&action=query&list=categorymembers&cmtitle=Category)
    skip category (HTTP 429 rate limited: https://en.wikipedia.org/w/api.php?format=json&action=query&list=categorymembers&cmtitle=Category)
    skip category (HTTP 429 rate limited: https://en.wikipedia.org/w/api.php?format=json&action=query&list=categorymembers&cmtitle=Category)
    skip category (HTTP 429 rate limited: https://en.wikipedia.org/w/api.php?format=json&action=query&list=categorymembers&cmtitle=Category)
    skip category (HTTP 429 rate limited: https://en.wikipedia.org/w/api.php?format=json&action=query&list=categorymembers&cmtitle=Category)
    skip category (HTTP 429 rate limited: https://en.wikipedia.org/w/api.php?format=json&action=query&list=categorymembers&cmtitle=Category)
    skip category (HTTP 429 rate limited: https://en.wikipedia.org/w/api.php?format=json&action=query&list=categorymembers&cmtitle=Category)
    skip category (HTTP 429 rate limited: https://en.wikipedia.org/w/api.php?format=json&action=query&list=categorymembers&cmtitle=Category)
    skip category (HTTP 429 rate limited: https://en.wikipedia.org/w/api.php?format=json&action=query&list=categorymembers&cmtitle=Category)
    skip category (HTTP 429 rate limited: https://en.wikipedia.org/w/api.php?format=json&action=query&list=categorymembers&cmtitle=Category)
    skip category (HTTP 429 rate limited: https://en.wikipedia.org/w/api.php?format=json&action=query&list=categorymembers&cmtitle=Category)
    skip category (HTTP 429 rate limited: https://en.wikipedia.org/w/api.php?format=json&action=query&list=categorymembers&cmtitle=Category)
    skip category (HTTP 429 rate limited: https://en.wikipedia.org/w/api.php?format=json&action=query&list=categorymembers&cmtitle=Category)
    skip category (HTTP 429 rate limited: https://en.wikipedia.org/w/api.php?format=json&action=query&list=categorymembers&cmtitle=Category)
    skip category (HTTP 429 rate limited: https://en.wikipedia.org/w/api.php?format=json&action=query&list=categorymembers&cmtitle=Category)
    skip category (HTTP 429 rate limited: https://en.wikipedia.org/w/api.php?format=json&action=query&list=categorymembers&cmtitle=Category)
    skip category (HTTP 429 rate limited: https://en.wikipedia.org/w/api.php?format=json&action=query&list=categorymembers&cmtitle=Category)
    skip category (HTTP 429 rate limited: https://en.wikipedia.org/w/api.php?format=json&action=query&list=categorymembers&cmtitle=Category)
    skip category (HTTP 429 rate limited: https://en.wikipedia.org/w/api.php?format=json&action=query&list=categorymembers&cmtitle=Category)
    skip category (HTTP 429 rate limited: https://en.wikipedia.org/w/api.php?format=json&action=query&list=categorymembers&cmtitle=Category)
    skip category (HTTP 429 rate limited: https://en.wikipedia.org/w/api.php?format=json&action=query&list=categorymembers&cmtitle=Category)
    skip category (HTTP 429 rate limited: https://en.wikipedia.org/w/api.php?format=json&action=query&list=categorymembers&cmtitle=Category)
    skip category (HTTP 429 rate limited: https://en.wikipedia.org/w/api.php?format=json&action=query&list=categorymembers&cmtitle=Category)
    skip category (HTTP 429 rate limited: https://en.wikipedia.org/w/api.php?format=json&action=query&list=categorymembers&cmtitle=Category)
    skip category (HTTP 429 rate limited: https://en.wikipedia.org/w/api.php?format=json&action=query&list=categorymembers&cmtitle=Category)
    skip category (HTTP 429 rate limited: https://en.wikipedia.org/w/api.php?format=json&action=query&list=categorymembers&cmtitle=Category)
    skip category (HTTP 429 rate limited: https://en.wikipedia.org/w/api.php?format=json&action=query&list=categorymembers&cmtitle=Category)
    skip category (HTTP 429 rate limited: https://en.wikipedia.org/w/api.php?format=json&action=query&list=categorymembers&cmtitle=Category)
    skip category (HTTP 429 rate limited: https://en.wikipedia.org/w/api.php?format=json&action=query&list=categorymembers&cmtitle=Category)
    skip category (HTTP 429 rate limited: https://en.wikipedia.org/w/api.php?format=json&action=query&list=categorymembers&cmtitle=Category)
    skip category (HTTP 429 rate limited: https://en.wikipedia.org/w/api.php?format=json&action=query&list=categorymembers&cmtitle=Category)
    skip category (HTTP 429 rate limited: https://en.wikipedia.org/w/api.php?format=json&action=query&list=categorymembers&cmtitle=Category)
    skip category (HTTP 429 rate limited: https://en.wikipedia.org/w/api.php?format=json&action=query&list=categorymembers&cmtitle=Category)
    skip category (HTTP 429 rate limited: https://en.wikipedia.org/w/api.php?format=json&action=query&list=categorymembers&cmtitle=Category)
    skip category (HTTP 429 rate limited: https://en.wikipedia.org/w/api.php?format=json&action=query&list=categorymembers&cmtitle=Category)
    skip category (HTTP 429 rate limited: https://en.wikipedia.org/w/api.php?format=json&action=query&list=categorymembers&cmtitle=Category)
    skip category (HTTP 429 rate limited: https://en.wikipedia.org/w/api.php?format=json&action=query&list=categorymembers&cmtitle=Category)
    skip category (HTTP 429 rate limited: https://en.wikipedia.org/w/api.php?format=json&action=query&list=categorymembers&cmtitle=Category)
    skip category (HTTP 429 rate limited: https://en.wikipedia.org/w/api.php?format=json&action=query&list=categorymembers&cmtitle=Category)
    skip category (HTTP 429 rate limited: https://en.wikipedia.org/w/api.php?format=json&action=query&list=categorymembers&cmtitle=Category)
    skip category (HTTP 429 rate limited: https://en.wikipedia.org/w/api.php?format=json&action=query&list=categorymembers&cmtitle=Category)
    skip category (HTTP 429 rate limited: https://en.wikipedia.org/w/api.php?format=json&action=query&list=categorymembers&cmtitle=Category)
    skip category (HTTP 429 rate limited: https://en.wikipedia.org/w/api.php?format=json&action=query&list=categorymembers&cmtitle=Category)
    skip category (HTTP 429 rate limited: https://en.wikipedia.org/w/api.php?format=json&action=query&list=categorymembers&cmtitle=Category)
    skip category (HTTP 429 rate limited: https://en.wikipedia.org/w/api.php?format=json&action=query&list=categorymembers&cmtitle=Category)
    skip category (HTTP 429 rate limited: https://en.wikipedia.org/w/api.php?format=json&action=query&list=categorymembers&cmtitle=Category)
    skip category (HTTP 429 rate limited: https://en.wikipedia.org/w/api.php?format=json&action=query&list=categorymembers&cmtitle=Category)
    skip category (HTTP 429 rate limited: https://en.wikipedia.org/w/api.php?format=json&action=query&list=categorymembers&cmtitle=Category)
    skip category (HTTP 429 rate limited: https://en.wikipedia.org/w/api.php?format=json&action=query&list=categorymembers&cmtitle=Category)
    skip category (HTTP 429 rate limited: https://en.wikipedia.org/w/api.php?format=json&action=query&list=categorymembers&cmtitle=Category)
    skip category (HTTP 429 rate limited: https://en.wikipedia.org/w/api.php?format=json&action=query&list=categorymembers&cmtitle=Category)
    skip category (HTTP 429 rate limited: https://en.wikipedia.org/w/api.php?format=json&action=query&list=categorymembers&cmtitle=Category)
    skip category (HTTP 429 rate limited: https://en.wikipedia.org/w/api.php?format=json&action=query&list=categorymembers&cmtitle=Category)
    skip category (HTTP 429 rate limited: https://en.wikipedia.org/w/api.php?format=json&action=query&list=categorymembers&cmtitle=Category)
    skip category (HTTP 429 rate limited: https://en.wikipedia.org/w/api.php?format=json&action=query&list=categorymembers&cmtitle=Category)
    skip category (HTTP 429 rate limited: https://en.wikipedia.org/w/api.php?format=json&action=query&list=categorymembers&cmtitle=Category)
    skip category (HTTP 429 rate limited: https://en.wikipedia.org/w/api.php?format=json&action=query&list=categorymembers&cmtitle=Category)
    skip category (HTTP 429 rate limited: https://en.wikipedia.org/w/api.php?format=json&action=query&list=categorymembers&cmtitle=Category)
    skip category (HTTP 429 rate limited: https://en.wikipedia.org/w/api.php?format=json&action=query&list=categorymembers&cmtitle=Category)
    skip category (HTTP 429 rate limited: https://en.wikipedia.org/w/api.php?format=json&action=query&list=categorymembers&cmtitle=Category)
    skip category (HTTP 429 rate limited: https://en.wikipedia.org/w/api.php?format=json&action=query&list=categorymembers&cmtitle=Category)
    skip category (HTTP 429 rate limited: https://en.wikipedia.org/w/api.php?format=json&action=query&list=categorymembers&cmtitle=Category)
    skip category (HTTP 429 rate limited: https://en.wikipedia.org/w/api.php?format=json&action=query&list=categorymembers&cmtitle=Category)
    skip category (HTTP 429 rate limited: https://en.wikipedia.org/w/api.php?format=json&action=query&list=categorymembers&cmtitle=Category)
    skip category (HTTP 429 rate limited: https://en.wikipedia.org/w/api.php?format=json&action=query&list=categorymembers&cmtitle=Category)
    skip category (HTTP 429 rate limited: https://en.wikipedia.org/w/api.php?format=json&action=query&list=categorymembers&cmtitle=Category)
    skip category (HTTP 429 rate limited: https://en.wikipedia.org/w/api.php?format=json&action=query&list=categorymembers&cmtitle=Category)
    skip category (HTTP 429 rate limited: https://en.wikipedia.org/w/api.php?format=json&action=query&list=categorymembers&cmtitle=Category)
    skip category (HTTP 429 rate limited: https://en.wikipedia.org/w/api.php?format=json&action=query&list=categorymembers&cmtitle=Category)
    skip category (HTTP 429 rate limited: https://en.wikipedia.org/w/api.php?format=json&action=query&list=categorymembers&cmtitle=Category)
  intro batch failed: HTTP 429 rate limited: https://en.wikipedia.org/w/api.php?format=json&action=query&titles=Space+Shuttle+Challenger+disaster&redirects=1&prop=revisions&rvprop=content&rvslots=main
    skip category (HTTP 429 rate limited: https://en.wikipedia.org/w/api.php?format=json&action=query&list=categorymembers&cmtitle=Category)
    skip category (HTTP 429 rate limited: https://en.wikipedia.org/w/api.php?format=json&action=query&list=categorymembers&cmtitle=Category)
    skip category (HTTP 429 rate limited: https://en.wikipedia.org/w/api.php?format=json&action=query&list=categorymembers&cmtitle=Category)
    skip category (HTTP 429 rate limited: https://en.wikipedia.org/w/api.php?format=json&action=query&list=categorymembers&cmtitle=Category)
    skip category (HTTP 429 rate limited: https://en.wikipedia.org/w/api.php?format=json&action=query&list=categorymembers&cmtitle=Category)
    skip category (HTTP 429 rate limited: https://en.wikipedia.org/w/api.php?format=json&action=query&list=categorymembers&cmtitle=Category)
    skip category (HTTP 429 rate limited: https://en.wikipedia.org/w/api.php?format=json&action=query&list=categorymembers&cmtitle=Category)
    skip category (HTTP 429 rate limited: https://en.wikipedia.org/w/api.php?format=json&action=query&list=categorymembers&cmtitle=Category)
    skip category (HTTP 429 rate limited: https://en.wikipedia.org/w/api.php?format=json&action=query&list=categorymembers&cmtitle=Category)
    skip category (HTTP 429 rate limited: https://en.wikipedia.org/w/api.php?format=json&action=query&list=categorymembers&cmtitle=Category)
    skip category (HTTP 429 rate limited: https://en.wikipedia.org/w/api.php?format=json&action=query&list=categorymembers&cmtitle=Category)
    skip category (HTTP 429 rate limited: https://en.wikipedia.org/w/api.php?format=json&action=query&list=categorymembers&cmtitle=Category)
    skip category (HTTP 429 rate limited: https://en.wikipedia.org/w/api.php?format=json&action=query&list=categorymembers&cmtitle=Category)
    skip category (HTTP 429 rate limited: https://en.wikipedia.org/w/api.php?format=json&action=query&list=categorymembers&cmtitle=Category)
    skip category (HTTP 429 rate limited: https://en.wikipedia.org/w/api.php?format=json&action=query&list=categorymembers&cmtitle=Category)
    skip category (HTTP 429 rate limited: https://en.wikipedia.org/w/api.php?format=json&action=query&list=categorymembers&cmtitle=Category)
    skip category (HTTP 429 rate limited: https://en.wikipedia.org/w/api.php?format=json&action=query&list=categorymembers&cmtitle=Category)
    skip category (HTTP 429 rate limited: https://en.wikipedia.org/w/api.php?format=json&action=query&list=categorymembers&cmtitle=Category)
    skip category (HTTP 429 rate limited: https://en.wikipedia.org/w/api.php?format=json&action=query&list=categorymembers&cmtitle=Category)
    skip category (HTTP 429 rate limited: https://en.wikipedia.org/w/api.php?format=json&action=query&list=categorymembers&cmtitle=Category)
    skip category (HTTP 429 rate limited: https://en.wikipedia.org/w/api.php?format=json&action=query&list=categorymembers&cmtitle=Category)
    skip category (HTTP 429 rate limited: https://en.wikipedia.org/w/api.php?format=json&action=query&list=categorymembers&cmtitle=Category)
    skip category (HTTP 429 rate limited: https://en.wikipedia.org/w/api.php?format=json&action=query&list=categorymembers&cmtitle=Category)
    skip category (HTTP 429 rate limited: https://en.wikipedia.org/w/api.php?format=json&action=query&list=categorymembers&cmtitle=Category)
    skip category (HTTP 429 rate limited: https://en.wikipedia.org/w/api.php?format=json&action=query&list=categorymembers&cmtitle=Category)
    skip category (HTTP 429 rate limited: https://en.wikipedia.org/w/api.php?format=json&action=query&list=categorymembers&cmtitle=Category)
    skip category (HTTP 429 rate limited: https://en.wikipedia.org/w/api.php?format=json&action=query&list=categorymembers&cmtitle=Category)
    skip category (HTTP 429 rate limited: https://en.wikipedia.org/w/api.php?format=json&action=query&list=categorymembers&cmtitle=Category)
    skip category (HTTP 429 rate limited: https://en.wikipedia.org/w/api.php?format=json&action=query&list=categorymembers&cmtitle=Category)
    skip category (HTTP 429 rate limited: https://en.wikipedia.org/w/api.php?format=json&action=query&list=categorymembers&cmtitle=Category)
    skip category (HTTP 429 rate limited: https://en.wikipedia.org/w/api.php?format=json&action=query&list=categorymembers&cmtitle=Category)
    skip category (HTTP 429 rate limited: https://en.wikipedia.org/w/api.php?format=json&action=query&list=categorymembers&cmtitle=Category)
    skip category (HTTP 429 rate limited: https://en.wikipedia.org/w/api.php?format=json&action=query&list=categorymembers&cmtitle=Category)
    skip category (HTTP 429 rate limited: https://en.wikipedia.org/w/api.php?format=json&action=query&list=categorymembers&cmtitle=Category)
    skip category (HTTP 429 rate limited: https://en.wikipedia.org/w/api.php?format=json&action=query&list=categorymembers&cmtitle=Category)
    skip category (HTTP 429 rate limited: https://en.wikipedia.org/w/api.php?format=json&action=query&list=categorymembers&cmtitle=Category)
    skip category (HTTP 429 rate limited: https://en.wikipedia.org/w/api.php?format=json&action=query&list=categorymembers&cmtitle=Category)
    skip category (HTTP 429 rate limited: https://en.wikipedia.org/w/api.php?format=json&action=query&list=categorymembers&cmtitle=Category)
    skip category (HTTP 429 rate limited: https://en.wikipedia.org/w/api.php?format=json&action=query&list=categorymembers&cmtitle=Category)
    skip category (HTTP 429 rate limited: https://en.wikipedia.org/w/api.php?format=json&action=query&list=categorymembers&cmtitle=Category)
    skip category (HTTP 429 rate limited: https://en.wikipedia.org/w/api.php?format=json&action=query&list=categorymembers&cmtitle=Category)
    skip category (HTTP 429 rate limited: https://en.wikipedia.org/w/api.php?format=json&action=query&list=categorymembers&cmtitle=Category)
    skip category (HTTP 429 rate limited: https://en.wikipedia.org/w/api.php?format=json&action=query&list=categorymembers&cmtitle=Category)
    skip category (HTTP 429 rate limited: https://en.wikipedia.org/w/api.php?format=json&action=query&list=categorymembers&cmtitle=Category)
    skip category (HTTP 429 rate limited: https://en.wikipedia.org/w/api.php?format=json&action=query&list=categorymembers&cmtitle=Category)
    skip category (HTTP 429 rate limited: https://en.wikipedia.org/w/api.php?format=json&action=query&list=categorymembers&cmtitle=Category)
    skip category (HTTP 429 rate limited: https://en.wikipedia.org/w/api.php?format=json&action=query&list=categorymembers&cmtitle=Category)
    skip category (HTTP 429 rate limited: https://en.wikipedia.org/w/api.php?format=json&action=query&list=categorymembers&cmtitle=Category)
    skip category (HTTP 429 rate limited: https://en.wikipedia.org/w/api.php?format=json&action=query&list=categorymembers&cmtitle=Category)
    skip category (HTTP 429 rate limited: https://en.wikipedia.org/w/api.php?format=json&action=query&list=categorymembers&cmtitle=Category)
    skip category (HTTP 429 rate limited: https://en.wikipedia.org/w/api.php?format=json&action=query&list=categorymembers&cmtitle=Category)
    skip category (HTTP 429 rate limited: https://en.wikipedia.org/w/api.php?format=json&action=query&list=categorymembers&cmtitle=Category)
    skip category (HTTP 429 rate limited: https://en.wikipedia.org/w/api.php?format=json&action=query&list=categorymembers&cmtitle=Category)
    skip category (HTTP 429 rate limited: https://en.wikipedia.org/w/api.php?format=json&action=query&list=categorymembers&cmtitle=Category)
    skip category (HTTP 429 rate limited: https://en.wikipedia.org/w/api.php?format=json&action=query&list=categorymembers&cmtitle=Category)
    skip category (HTTP 429 rate limited: https://en.wikipedia.org/w/api.php?format=json&action=query&list=categorymembers&cmtitle=Category)
    skip category (HTTP 429 rate limited: https://en.wikipedia.org/w/api.php?format=json&action=query&list=categorymembers&cmtitle=Category)
    skip category (HTTP 429 rate limited: https://en.wikipedia.org/w/api.php?format=json&action=query&list=categorymembers&cmtitle=Category)
    skip category (HTTP 429 rate limited: https://en.wikipedia.org/w/api.php?format=json&action=query&list=categorymembers&cmtitle=Category)
    skip category (HTTP 429 rate limited: https://en.wikipedia.org/w/api.php?format=json&action=query&list=categorymembers&cmtitle=Category)
    skip category (HTTP 429 rate limited: https://en.wikipedia.org/w/api.php?format=json&action=query&list=categorymembers&cmtitle=Category)
    skip category (HTTP 429 rate limited: https://en.wikipedia.org/w/api.php?format=json&action=query&list=categorymembers&cmtitle=Category)
    skip category (HTTP 429 rate limited: https://en.wikipedia.org/w/api.php?format=json&action=query&list=categorymembers&cmtitle=Category)
    skip category (HTTP 429 rate limited: https://en.wikipedia.org/w/api.php?format=json&action=query&list=categorymembers&cmtitle=Category)
    skip category (HTTP 429 rate limited: https://en.wikipedia.org/w/api.php?format=json&action=query&list=categorymembers&cmtitle=Category)
    skip category (HTTP 429 rate limited: https://en.wikipedia.org/w/api.php?format=json&action=query&list=categorymembers&cmtitle=Category)
    skip category (HTTP 429 rate limited: https://en.wikipedia.org/w/api.php?format=json&action=query&list=categorymembers&cmtitle=Category)
    skip category (HTTP 429 rate limited: https://en.wikipedia.org/w/api.php?format=json&action=query&list=categorymembers&cmtitle=Category)
    skip category (HTTP 429 rate limited: https://en.wikipedia.org/w/api.php?format=json&action=query&list=categorymembers&cmtitle=Category)
    skip category (HTTP 429 rate limited: https://en.wikipedia.org/w/api.php?format=json&action=query&list=categorymembers&cmtitle=Category)
    skip category (HTTP 429 rate limited: https://en.wikipedia.org/w/api.php?format=json&action=query&list=categorymembers&cmtitle=Category)
    skip category (HTTP 429 rate limited: https://en.wikipedia.org/w/api.php?format=json&action=query&list=categorymembers&cmtitle=Category)
    skip category (HTTP 429 rate limited: https://en.wikipedia.org/w/api.php?format=json&action=query&list=categorymembers&cmtitle=Category)
    skip category (HTTP 429 rate limited: https://en.wikipedia.org/w/api.php?format=json&action=query&list=categorymembers&cmtitle=Category)
    skip category (HTTP 429 rate limited: https://en.wikipedia.org/w/api.php?format=json&action=query&list=categorymembers&cmtitle=Category)
    skip category (HTTP 429 rate limited: https://en.wikipedia.org/w/api.php?format=json&action=query&list=categorymembers&cmtitle=Category)
    skip category (HTTP 429 rate limited: https://en.wikipedia.org/w/api.php?format=json&action=query&list=categorymembers&cmtitle=Category)
    skip category (HTTP 429 rate limited: https://en.wikipedia.org/w/api.php?format=json&action=query&list=categorymembers&cmtitle=Category)
    skip category (HTTP 429 rate limited: https://en.wikipedia.org/w/api.php?format=json&action=query&list=categorymembers&cmtitle=Category)
    skip category (HTTP 429 rate limited: https://en.wikipedia.org/w/api.php?format=json&action=query&list=categorymembers&cmtitle=Category)
    skip category (HTTP 429 rate limited: https://en.wikipedia.org/w/api.php?format=json&action=query&list=categorymembers&cmtitle=Category)
    skip category (HTTP 429 rate limited: https://en.wikipedia.org/w/api.php?format=json&action=query&list=categorymembers&cmtitle=Category)
    skip category (HTTP 429 rate limited: https://en.wikipedia.org/w/api.php?format=json&action=query&list=categorymembers&cmtitle=Category)
    skip category (HTTP 429 rate limited: https://en.wikipedia.org/w/api.php?format=json&action=query&list=categorymembers&cmtitle=Category)
    skip category (HTTP 429 rate limited: https://en.wikipedia.org/w/api.php?format=json&action=query&list=categorymembers&cmtitle=Category)
    skip category (HTTP 429 rate limited: https://en.wikipedia.org/w/api.php?format=json&action=query&list=categorymembers&cmtitle=Category)
    skip category (HTTP 429 rate limited: https://en.wikipedia.org/w/api.php?format=json&action=query&list=categorymembers&cmtitle=Category)
    skip category (HTTP 429 rate limited: https://en.wikipedia.org/w/api.php?format=json&action=query&list=categorymembers&cmtitle=Category)
    skip category (HTTP 429 rate limited: https://en.wikipedia.org/w/api.php?format=json&action=query&list=categorymembers&cmtitle=Category)
    skip category (HTTP 429 rate limited: https://en.wikipedia.org/w/api.php?format=json&action=query&list=categorymembers&cmtitle=Category)
    skip category (HTTP 429 rate limited: https://en.wikipedia.org/w/api.php?format=json&action=query&list=categorymembers&cmtitle=Category)
    skip category (HTTP 429 rate limited: https://en.wikipedia.org/w/api.php?format=json&action=query&list=categorymembers&cmtitle=Category)
    skip category (HTTP 429 rate limited: https://en.wikipedia.org/w/api.php?format=json&action=query&list=categorymembers&cmtitle=Category)
    skip category (HTTP 429 rate limited: https://en.wikipedia.org/w/api.php?format=json&action=query&list=categorymembers&cmtitle=Category)
    skip category (HTTP 429 rate limited: https://en.wikipedia.org/w/api.php?format=json&action=query&list=categorymembers&cmtitle=Category)
  intro batch failed: HTTP 429 rate limited: https://en.wikipedia.org/w/api.php?format=json&action=query&titles=Fairy+Tail&redirects=1&prop=revisions&rvprop=content&rvslots=main
    skip category (HTTP 429 rate limited: https://en.wikipedia.org/w/api.php?format=json&action=query&list=categorymembers&cmtitle=Category)
    skip category (HTTP 429 rate limited: https://en.wikipedia.org/w/api.php?format=json&action=query&list=categorymembers&cmtitle=Category)
    skip category (HTTP 429 rate limited: https://en.wikipedia.org/w/api.php?format=json&action=query&list=categorymembers&cmtitle=Category)
    skip category (HTTP 429 rate limited: https://en.wikipedia.org/w/api.php?format=json&action=query&list=categorymembers&cmtitle=Category)
    skip category (HTTP 429 rate limited: https://en.wikipedia.org/w/api.php?format=json&action=query&list=categorymembers&cmtitle=Category)
    skip category (HTTP 429 rate limited: https://en.wikipedia.org/w/api.php?format=json&action=query&list=categorymembers&cmtitle=Category)
    skip category (HTTP 429 rate limited: https://en.wikipedia.org/w/api.php?format=json&action=query&list=categorymembers&cmtitle=Category)
    skip category (HTTP 429 rate limited: https://en.wikipedia.org/w/api.php?format=json&action=query&list=categorymembers&cmtitle=Category)
    skip category (HTTP 429 rate limited: https://en.wikipedia.org/w/api.php?format=json&action=query&list=categorymembers&cmtitle=Category)
    skip category (HTTP 429 rate limited: https://en.wikipedia.org/w/api.php?format=json&action=query&list=categorymembers&cmtitle=Category)
    skip category (HTTP 429 rate limited: https://en.wikipedia.org/w/api.php?format=json&action=query&list=categorymembers&cmtitle=Category)
    skip category (HTTP 429 rate limited: https://en.wikipedia.org/w/api.php?format=json&action=query&list=categorymembers&cmtitle=Category)
  intro batch failed: HTTP 429 rate limited: https://en.wikipedia.org/w/api.php?format=json&action=query&titles=Vinland+Saga+%28manga%29&redirects=1&prop=revisions&rvprop=content&rvslots=main
    skip category (HTTP 429 rate limited: https://en.wikipedia.org/w/api.php?format=json&action=query&list=categorymembers&cmtitle=Category)
    skip category (HTTP 429 rate limited: https://en.wikipedia.org/w/api.php?format=json&action=query&list=categorymembers&cmtitle=Category)
    skip category (HTTP 429 rate limited: https://en.wikipedia.org/w/api.php?format=json&action=query&list=categorymembers&cmtitle=Category)
    skip category (HTTP 429 rate limited: https://en.wikipedia.org/w/api.php?format=json&action=query&list=categorymembers&cmtitle=Category)
    skip category (HTTP 429 rate limited: https://en.wikipedia.org/w/api.php?format=json&action=query&list=categorymembers&cmtitle=Category)
    skip category (HTTP 429 rate limited: https://en.wikipedia.org/w/api.php?format=json&action=query&list=categorymembers&cmtitle=Category)
    skip category (HTTP 429 rate limited: https://en.wikipedia.org/w/api.php?format=json&action=query&list=categorymembers&cmtitle=Category)
    skip category (HTTP 429 rate limited: https://en.wikipedia.org/w/api.php?format=json&action=query&list=categorymembers&cmtitle=Category)
    skip category (HTTP 429 rate limited: https://en.wikipedia.org/w/api.php?format=json&action=query&list=categorymembers&cmtitle=Category)
    skip category (HTTP 429 rate limited: https://en.wikipedia.org/w/api.php?format=json&action=query&list=categorymembers&cmtitle=Category)
    skip category (HTTP 429 rate limited: https://en.wikipedia.org/w/api.php?format=json&action=query&list=categorymembers&cmtitle=Category)
    skip category (HTTP 429 rate limited: https://en.wikipedia.org/w/api.php?format=json&action=query&list=categorymembers&cmtitle=Category)
    skip category (HTTP 429 rate limited: https://en.wikipedia.org/w/api.php?format=json&action=query&list=categorymembers&cmtitle=Category)
    skip category (HTTP 429 rate limited: https://en.wikipedia.org/w/api.php?format=json&action=query&list=categorymembers&cmtitle=Category)
    skip category (HTTP 429 rate limited: https://en.wikipedia.org/w/api.php?format=json&action=query&list=categorymembers&cmtitle=Category)
    skip category (HTTP 429 rate limited: https://en.wikipedia.org/w/api.php?format=json&action=query&list=categorymembers&cmtitle=Category)
    skip category (HTTP 429 rate limited: https://en.wikipedia.org/w/api.php?format=json&action=query&list=categorymembers&cmtitle=Category)
    skip category (HTTP 429 rate limited: https://en.wikipedia.org/w/api.php?format=json&action=query&list=categorymembers&cmtitle=Category)
    skip category (HTTP 429 rate limited: https://en.wikipedia.org/w/api.php?format=json&action=query&list=categorymembers&cmtitle=Category)
    skip category (HTTP 429 rate limited: https://en.wikipedia.org/w/api.php?format=json&action=query&list=categorymembers&cmtitle=Category)
    skip category (HTTP 429 rate limited: https://en.wikipedia.org/w/api.php?format=json&action=query&list=categorymembers&cmtitle=Category)
    skip category (HTTP 429 rate limited: https://en.wikipedia.org/w/api.php?format=json&action=query&list=categorymembers&cmtitle=Category)
    skip category (HTTP 429 rate limited: https://en.wikipedia.org/w/api.php?format=json&action=query&list=categorymembers&cmtitle=Category)
    skip category (HTTP 429 rate limited: https://en.wikipedia.org/w/api.php?format=json&action=query&list=categorymembers&cmtitle=Category)
    skip category (HTTP 429 rate limited: https://en.wikipedia.org/w/api.php?format=json&action=query&list=categorymembers&cmtitle=Category)
    skip category (HTTP 429 rate limited: https://en.wikipedia.org/w/api.php?format=json&action=query&list=categorymembers&cmtitle=Category)
    skip category (HTTP 429 rate limited: https://en.wikipedia.org/w/api.php?format=json&action=query&list=categorymembers&cmtitle=Category)
    skip category (HTTP 429 rate limited: https://en.wikipedia.org/w/api.php?format=json&action=query&list=categorymembers&cmtitle=Category)
    skip category (HTTP 429 rate limited: https://en.wikipedia.org/w/api.php?format=json&action=query&list=categorymembers&cmtitle=Category)
    skip category (HTTP 429 rate limited: https://en.wikipedia.org/w/api.php?format=json&action=query&list=categorymembers&cmtitle=Category)
    skip category (HTTP 429 rate limited: https://en.wikipedia.org/w/api.php?format=json&action=query&list=categorymembers&cmtitle=Category)
    skip category (HTTP 429 rate limited: https://en.wikipedia.org/w/api.php?format=json&action=query&list=categorymembers&cmtitle=Category)
    skip category (HTTP 429 rate limited: https://en.wikipedia.org/w/api.php?format=json&action=query&list=categorymembers&cmtitle=Category)
    skip category (HTTP 429 rate limited: https://en.wikipedia.org/w/api.php?format=json&action=query&list=categorymembers&cmtitle=Category)
    skip category (HTTP 429 rate limited: https://en.wikipedia.org/w/api.php?format=json&action=query&list=categorymembers&cmtitle=Category)
    skip category (HTTP 429 rate limited: https://en.wikipedia.org/w/api.php?format=json&action=query&list=categorymembers&cmtitle=Category)
    skip category (HTTP 429 rate limited: https://en.wikipedia.org/w/api.php?format=json&action=query&list=categorymembers&cmtitle=Category)
    skip category (HTTP 429 rate limited: https://en.wikipedia.org/w/api.php?format=json&action=query&list=categorymembers&cmtitle=Category)
    skip category (HTTP 429 rate limited: https://en.wikipedia.org/w/api.php?format=json&action=query&list=categorymembers&cmtitle=Category)
    skip category (HTTP 429 rate limited: https://en.wikipedia.org/w/api.php?format=json&action=query&list=categorymembers&cmtitle=Category)
    skip category (HTTP 429 rate limited: https://en.wikipedia.org/w/api.php?format=json&action=query&list=categorymembers&cmtitle=Category)
    skip category (HTTP 429 rate limited: https://en.wikipedia.org/w/api.php?format=json&action=query&list=categorymembers&cmtitle=Category)
    skip category (HTTP 429 rate limited: https://en.wikipedia.org/w/api.php?format=json&action=query&list=categorymembers&cmtitle=Category)
    skip category (HTTP 429 rate limited: https://en.wikipedia.org/w/api.php?format=json&action=query&list=categorymembers&cmtitle=Category)
    skip category (HTTP 429 rate limited: https://en.wikipedia.org/w/api.php?format=json&action=query&list=categorymembers&cmtitle=Category)
    skip category (HTTP 429 rate limited: https://en.wikipedia.org/w/api.php?format=json&action=query&list=categorymembers&cmtitle=Category)
    skip category (HTTP 429 rate limited: https://en.wikipedia.org/w/api.php?format=json&action=query&list=categorymembers&cmtitle=Category)
    skip category (HTTP 429 rate limited: https://en.wikipedia.org/w/api.php?format=json&action=query&list=categorymembers&cmtitle=Category)
    skip category (HTTP 429 rate limited: https://en.wikipedia.org/w/api.php?format=json&action=query&list=categorymembers&cmtitle=Category)
    skip category (HTTP 429 rate limited: https://en.wikipedia.org/w/api.php?format=json&action=query&list=categorymembers&cmtitle=Category)
    skip category (HTTP 429 rate limited: https://en.wikipedia.org/w/api.php?format=json&action=query&list=categorymembers&cmtitle=Category)
    skip category (HTTP 429 rate limited: https://en.wikipedia.org/w/api.php?format=json&action=query&list=categorymembers&cmtitle=Category)
    skip category (HTTP 429 rate limited: https://en.wikipedia.org/w/api.php?format=json&action=query&list=categorymembers&cmtitle=Category)
    skip category (HTTP 429 rate limited: https://en.wikipedia.org/w/api.php?format=json&action=query&list=categorymembers&cmtitle=Category)
    skip category (HTTP 429 rate limited: https://en.wikipedia.org/w/api.php?format=json&action=query&list=categorymembers&cmtitle=Category)
    skip category (HTTP 429 rate limited: https://en.wikipedia.org/w/api.php?format=json&action=query&list=categorymembers&cmtitle=Category)
    skip category (HTTP 429 rate limited: https://en.wikipedia.org/w/api.php?format=json&action=query&list=categorymembers&cmtitle=Category)
    skip category (HTTP 429 rate limited: https://en.wikipedia.org/w/api.php?format=json&action=query&list=categorymembers&cmtitle=Category)
    skip category (HTTP 429 rate limited: https://en.wikipedia.org/w/api.php?format=json&action=query&list=categorymembers&cmtitle=Category)
    skip category (HTTP 429 rate limited: https://en.wikipedia.org/w/api.php?format=json&action=query&list=categorymembers&cmtitle=Category)
    skip category (HTTP 429 rate limited: https://en.wikipedia.org/w/api.php?format=json&action=query&list=categorymembers&cmtitle=Category)
    skip category (HTTP 429 rate limited: https://en.wikipedia.org/w/api.php?format=json&action=query&list=categorymembers&cmtitle=Category)
    skip category (HTTP 429 rate limited: https://en.wikipedia.org/w/api.php?format=json&action=query&list=categorymembers&cmtitle=Category)
    skip category (HTTP 429 rate limited: https://en.wikipedia.org/w/api.php?format=json&action=query&list=categorymembers&cmtitle=Category)
    skip category (HTTP 429 rate limited: https://en.wikipedia.org/w/api.php?format=json&action=query&list=categorymembers&cmtitle=Category)
    skip category (HTTP 429 rate limited: https://en.wikipedia.org/w/api.php?format=json&action=query&list=categorymembers&cmtitle=Category)
    skip category (HTTP 429 rate limited: https://en.wikipedia.org/w/api.php?format=json&action=query&list=categorymembers&cmtitle=Category)
    skip category (HTTP 429 rate limited: https://en.wikipedia.org/w/api.php?format=json&action=query&list=categorymembers&cmtitle=Category)
    skip category (HTTP 429 rate limited: https://en.wikipedia.org/w/api.php?format=json&action=query&list=categorymembers&cmtitle=Category)
    skip category (HTTP 429 rate limited: https://en.wikipedia.org/w/api.php?format=json&action=query&list=categorymembers&cmtitle=Category)
    skip category (HTTP 429 rate limited: https://en.wikipedia.org/w/api.php?format=json&action=query&list=categorymembers&cmtitle=Category)
    skip category (HTTP 429 rate limited: https://en.wikipedia.org/w/api.php?format=json&action=query&list=categorymembers&cmtitle=Category)
    skip category (HTTP 429 rate limited: https://en.wikipedia.org/w/api.php?format=json&action=query&list=categorymembers&cmtitle=Category)
    skip category (HTTP 429 rate limited: https://en.wikipedia.org/w/api.php?format=json&action=query&list=categorymembers&cmtitle=Category)
    skip category (HTTP 429 rate limited: https://en.wikipedia.org/w/api.php?format=json&action=query&list=categorymembers&cmtitle=Category)
    skip category (HTTP 429 rate limited: https://en.wikipedia.org/w/api.php?format=json&action=query&list=categorymembers&cmtitle=Category)
    skip category (HTTP 429 rate limited: https://en.wikipedia.org/w/api.php?format=json&action=query&list=categorymembers&cmtitle=Category)
    skip category (HTTP 429 rate limited: https://en.wikipedia.org/w/api.php?format=json&action=query&list=categorymembers&cmtitle=Category)
  identity batch failed: HTTP 429 rate limited: https://en.wikipedia.org/w/api.php?format=json&action=query&titles=Bard+the+Bowman&redirects=1&prop=pageimages%7Cinfo&piprop=thumbnail%7Cname&pithumbsize=180&inprop=url
  intro batch failed: HTTP 429 rate limited: https://en.wikipedia.org/w/api.php?format=json&action=query&titles=Bard+the+Bowman&redirects=1&prop=revisions&rvprop=content&rvslots=main
  [rich] Fandom batch failed: HTTP 429 rate limited: https://en.wikipedia.org/w/api.php?format=json&action=query&titles=Bard+the+Bowman&redirects=1&prop=revisions&rvprop=content&rvslots=main
  [rich] Wikipedia batch failed: HTTP 429 for https://en.wikipedia.org/w/api.php?action=query&format=json&origin=*&titles=Bard+the+Bowman&redirects=1&prop=extracts&explaintext=1&exintro=1&exlimit=max: You are making too many requests to the API.
Please follow the best practices at <https://www.mediawiki.org/wiki/Wikimedia_APIs/Rate_limits>.
If you are unsure how to get the access you need, contact 
  [rich] Wikipedia batch failed: HTTP 429 for https://en.wikipedia.org/w/api.php?action=query&format=json&origin=*&titles=Bard+the+Bowman&redirects=1&prop=extracts&explaintext=1&exintro=1&exlimit=max: You are making too many requests to the API.
Please follow the best practices at <https://www.mediawiki.org/wiki/Wikimedia_APIs/Rate_limits>.
If you are unsure how to get the access you need, contact 
    skip category (HTTP 429 rate limited: https://en.wikipedia.org/w/api.php?format=json&action=query&list=categorymembers&cmtitle=Category)
    skip category (HTTP 429 rate limited: https://en.wikipedia.org/w/api.php?format=json&action=query&list=categorymembers&cmtitle=Category)
    skip category (HTTP 429 rate limited: https://en.wikipedia.org/w/api.php?format=json&action=query&list=categorymembers&cmtitle=Category)
    skip category (HTTP 429 rate limited: https://en.wikipedia.org/w/api.php?format=json&action=query&list=categorymembers&cmtitle=Category)
    skip category (HTTP 429 rate limited: https://en.wikipedia.org/w/api.php?format=json&action=query&list=categorymembers&cmtitle=Category)
    skip category (HTTP 429 rate limited: https://en.wikipedia.org/w/api.php?format=json&action=query&list=categorymembers&cmtitle=Category)
    skip category (HTTP 429 rate limited: https://en.wikipedia.org/w/api.php?format=json&action=query&list=categorymembers&cmtitle=Category)
    skip category (HTTP 429 rate limited: https://en.wikipedia.org/w/api.php?format=json&action=query&list=categorymembers&cmtitle=Category)
    skip category (HTTP 429 rate limited: https://en.wikipedia.org/w/api.php?format=json&action=query&list=categorymembers&cmtitle=Category)
    skip category (HTTP 429 rate limited: https://en.wikipedia.org/w/api.php?format=json&action=query&list=categorymembers&cmtitle=Category)
    skip category (HTTP 429 rate limited: https://en.wikipedia.org/w/api.php?format=json&action=query&list=categorymembers&cmtitle=Category)
    skip category (HTTP 429 rate limited: https://en.wikipedia.org/w/api.php?format=json&action=query&list=categorymembers&cmtitle=Category)
    skip category (HTTP 429 rate limited: https://en.wikipedia.org/w/api.php?format=json&action=query&list=categorymembers&cmtitle=Category)
    skip category (HTTP 429 rate limited: https://en.wikipedia.org/w/api.php?format=json&action=query&list=categorymembers&cmtitle=Category)
    skip category (HTTP 429 rate limited: https://en.wikipedia.org/w/api.php?format=json&action=query&list=categorymembers&cmtitle=Category)
    skip category (HTTP 429 rate limited: https://en.wikipedia.org/w/api.php?format=json&action=query&list=categorymembers&cmtitle=Category)
    skip category (HTTP 429 rate limited: https://en.wikipedia.org/w/api.php?format=json&action=query&list=categorymembers&cmtitle=Category)
    skip category (HTTP 429 rate limited: https://en.wikipedia.org/w/api.php?format=json&action=query&list=categorymembers&cmtitle=Category)
    skip category (HTTP 429 rate limited: https://en.wikipedia.org/w/api.php?format=json&action=query&list=categorymembers&cmtitle=Category)
    skip category (HTTP 429 rate limited: https://en.wikipedia.org/w/api.php?format=json&action=query&list=categorymembers&cmtitle=Category)
    skip category (HTTP 429 rate limited: https://en.wikipedia.org/w/api.php?format=json&action=query&list=categorymembers&cmtitle=Category)
    skip category (HTTP 429 rate limited: https://en.wikipedia.org/w/api.php?format=json&action=query&list=categorymembers&cmtitle=Category)
    skip category (HTTP 429 rate limited: https://en.wikipedia.org/w/api.php?format=json&action=query&list=categorymembers&cmtitle=Category)
    skip category (HTTP 429 rate limited: https://en.wikipedia.org/w/api.php?format=json&action=query&list=categorymembers&cmtitle=Category)
    skip category (HTTP 429 rate limited: https://en.wikipedia.org/w/api.php?format=json&action=query&list=categorymembers&cmtitle=Category)
    skip category (HTTP 429 rate limited: https://en.wikipedia.org/w/api.php?format=json&action=query&list=categorymembers&cmtitle=Category)
    skip category (HTTP 429 rate limited: https://en.wikipedia.org/w/api.php?format=json&action=query&list=categorymembers&cmtitle=Category)
    skip category (HTTP 429 rate limited: https://en.wikipedia.org/w/api.php?format=json&action=query&list=categorymembers&cmtitle=Category)
    skip category (HTTP 429 rate limited: https://en.wikipedia.org/w/api.php?format=json&action=query&list=categorymembers&cmtitle=Category)
    skip category (HTTP 429 rate limited: https://en.wikipedia.org/w/api.php?format=json&action=query&list=categorymembers&cmtitle=Category)
    skip category (HTTP 429 rate limited: https://en.wikipedia.org/w/api.php?format=json&action=query&list=categorymembers&cmtitle=Category)
    skip category (HTTP 429 rate limited: https://en.wikipedia.org/w/api.php?format=json&action=query&list=categorymembers&cmtitle=Category)
    skip category (HTTP 429 rate limited: https://en.wikipedia.org/w/api.php?format=json&action=query&list=categorymembers&cmtitle=Category)
    skip category (HTTP 429 rate limited: https://en.wikipedia.org/w/api.php?format=json&action=query&list=categorymembers&cmtitle=Category)
    skip category (HTTP 429 rate limited: https://en.wikipedia.org/w/api.php?format=json&action=query&list=categorymembers&cmtitle=Category)
    skip category (HTTP 429 rate limited: https://en.wikipedia.org/w/api.php?format=json&action=query&list=categorymembers&cmtitle=Category)
    skip category (HTTP 429 rate limited: https://en.wikipedia.org/w/api.php?format=json&action=query&list=categorymembers&cmtitle=Category)
    skip category (HTTP 429 rate limited: https://en.wikipedia.org/w/api.php?format=json&action=query&list=categorymembers&cmtitle=Category)
    skip category (HTTP 429 rate limited: https://en.wikipedia.org/w/api.php?format=json&action=query&list=categorymembers&cmtitle=Category)
    skip category (HTTP 429 rate limited: https://en.wikipedia.org/w/api.php?format=json&action=query&list=categorymembers&cmtitle=Category)
    skip category (HTTP 429 rate limited: https://en.wikipedia.org/w/api.php?format=json&action=query&list=categorymembers&cmtitle=Category)
    skip category (HTTP 429 rate limited: https://en.wikipedia.org/w/api.php?format=json&action=query&list=categorymembers&cmtitle=Category)
    skip category (HTTP 429 rate limited: https://en.wikipedia.org/w/api.php?format=json&action=query&list=categorymembers&cmtitle=Category)
    skip category (HTTP 429 rate limited: https://en.wikipedia.org/w/api.php?format=json&action=query&list=categorymembers&cmtitle=Category)
    skip category (HTTP 429 rate limited: https://en.wikipedia.org/w/api.php?format=json&action=query&list=categorymembers&cmtitle=Category)
  identity batch failed: HTTP 429 rate limited: https://en.wikipedia.org/w/api.php?format=json&action=query&titles=The+Wire&redirects=1&prop=pageimages%7Cinfo&piprop=thumbnail%7Cname&pithumbsize=180&inprop=url
  intro batch failed: HTTP 429 rate limited: https://en.wikipedia.org/w/api.php?format=json&action=query&titles=The+Wire&redirects=1&prop=revisions&rvprop=content&rvslots=main
    skip category (HTTP 429 rate limited: https://en.wikipedia.org/w/api.php?format=json&action=query&list=categorymembers&cmtitle=Category)
    skip category (HTTP 429 rate limited: https://en.wikipedia.org/w/api.php?format=json&action=query&list=categorymembers&cmtitle=Category)
    skip category (HTTP 429 rate limited: https://en.wikipedia.org/w/api.php?format=json&action=query&list=categorymembers&cmtitle=Category)
    skip category (HTTP 429 rate limited: https://en.wikipedia.org/w/api.php?format=json&action=query&list=categorymembers&cmtitle=Category)
    skip category (HTTP 429 rate limited: https://en.wikipedia.org/w/api.php?format=json&action=query&list=categorymembers&cmtitle=Category)
    skip category (HTTP 429 rate limited: https://en.wikipedia.org/w/api.php?format=json&action=query&list=categorymembers&cmtitle=Category)
    skip category (HTTP 429 rate limited: https://en.wikipedia.org/w/api.php?format=json&action=query&list=categorymembers&cmtitle=Category)
    skip category (HTTP 429 rate limited: https://en.wikipedia.org/w/api.php?format=json&action=query&list=categorymembers&cmtitle=Category)
    skip category (HTTP 429 rate limited: https://en.wikipedia.org/w/api.php?format=json&action=query&list=categorymembers&cmtitle=Category)
    skip category (HTTP 429 rate limited: https://en.wikipedia.org/w/api.php?format=json&action=query&list=categorymembers&cmtitle=Category)
    skip category (HTTP 429 rate limited: https://en.wikipedia.org/w/api.php?format=json&action=query&list=categorymembers&cmtitle=Category)
    skip category (HTTP 429 rate limited: https://en.wikipedia.org/w/api.php?format=json&action=query&list=categorymembers&cmtitle=Category)
    skip category (HTTP 429 rate limited: https://en.wikipedia.org/w/api.php?format=json&action=query&list=categorymembers&cmtitle=Category)
    skip category (HTTP 429 rate limited: https://en.wikipedia.org/w/api.php?format=json&action=query&list=categorymembers&cmtitle=Category)
    skip category (HTTP 429 rate limited: https://en.wikipedia.org/w/api.php?format=json&action=query&list=categorymembers&cmtitle=Category)
    skip category (HTTP 429 rate limited: https://en.wikipedia.org/w/api.php?format=json&action=query&list=categorymembers&cmtitle=Category)
    skip category (HTTP 429 rate limited: https://en.wikipedia.org/w/api.php?format=json&action=query&list=categorymembers&cmtitle=Category)
    skip category (HTTP 429 rate limited: https://en.wikipedia.org/w/api.php?format=json&action=query&list=categorymembers&cmtitle=Category)
    skip category (HTTP 429 rate limited: https://en.wikipedia.org/w/api.php?format=json&action=query&list=categorymembers&cmtitle=Category)
    skip category (HTTP 429 rate limited: https://en.wikipedia.org/w/api.php?format=json&action=query&list=categorymembers&cmtitle=Category)
    skip category (HTTP 429 rate limited: https://en.wikipedia.org/w/api.php?format=json&action=query&list=categorymembers&cmtitle=Category)
    skip category (HTTP 429 rate limited: https://en.wikipedia.org/w/api.php?format=json&action=query&list=categorymembers&cmtitle=Category)
    skip category (HTTP 429 rate limited: https://en.wikipedia.org/w/api.php?format=json&action=query&list=categorymembers&cmtitle=Category)
    skip category (HTTP 429 rate limited: https://en.wikipedia.org/w/api.php?format=json&action=query&list=categorymembers&cmtitle=Category)
    skip category (HTTP 429 rate limited: https://en.wikipedia.org/w/api.php?format=json&action=query&list=categorymembers&cmtitle=Category)
    skip category (HTTP 429 rate limited: https://en.wikipedia.org/w/api.php?format=json&action=query&list=categorymembers&cmtitle=Category)
    skip category (HTTP 429 rate limited: https://en.wikipedia.org/w/api.php?format=json&action=query&list=categorymembers&cmtitle=Category)
    skip category (HTTP 429 rate limited: https://en.wikipedia.org/w/api.php?format=json&action=query&list=categorymembers&cmtitle=Category)
    skip category (HTTP 429 rate limited: https://en.wikipedia.org/w/api.php?format=json&action=query&list=categorymembers&cmtitle=Category)
    skip category (HTTP 429 rate limited: https://en.wikipedia.org/w/api.php?format=json&action=query&list=categorymembers&cmtitle=Category)
    skip category (HTTP 429 rate limited: https://en.wikipedia.org/w/api.php?format=json&action=query&list=categorymembers&cmtitle=Category)
    skip category (HTTP 429 rate limited: https://en.wikipedia.org/w/api.php?format=json&action=query&list=categorymembers&cmtitle=Category)
    skip category (HTTP 429 rate limited: https://en.wikipedia.org/w/api.php?format=json&action=query&list=categorymembers&cmtitle=Category)
    skip category (HTTP 429 rate limited: https://en.wikipedia.org/w/api.php?format=json&action=query&list=categorymembers&cmtitle=Category)
    skip category (HTTP 429 rate limited: https://en.wikipedia.org/w/api.php?format=json&action=query&list=categorymembers&cmtitle=Category)
    skip category (HTTP 429 rate limited: https://en.wikipedia.org/w/api.php?format=json&action=query&list=categorymembers&cmtitle=Category)
    skip category (HTTP 429 rate limited: https://en.wikipedia.org/w/api.php?format=json&action=query&list=categorymembers&cmtitle=Category)
    skip category (HTTP 429 rate limited: https://en.wikipedia.org/w/api.php?format=json&action=query&list=categorymembers&cmtitle=Category)
    skip category (HTTP 429 rate limited: https://en.wikipedia.org/w/api.php?format=json&action=query&list=categorymembers&cmtitle=Category)
    skip category (HTTP 429 rate limited: https://en.wikipedia.org/w/api.php?format=json&action=query&list=categorymembers&cmtitle=Category)
    skip category (HTTP 429 rate limited: https://en.wikipedia.org/w/api.php?format=json&action=query&list=categorymembers&cmtitle=Category)
    skip category (HTTP 429 rate limited: https://en.wikipedia.org/w/api.php?format=json&action=query&list=categorymembers&cmtitle=Category)
    skip category (HTTP 429 rate limited: https://en.wikipedia.org/w/api.php?format=json&action=query&list=categorymembers&cmtitle=Category)
    skip category (HTTP 429 rate limited: https://en.wikipedia.org/w/api.php?format=json&action=query&list=categorymembers&cmtitle=Category)
    skip category (HTTP 429 rate limited: https://en.wikipedia.org/w/api.php?format=json&action=query&list=categorymembers&cmtitle=Category)
    skip category (HTTP 429 rate limited: https://en.wikipedia.org/w/api.php?format=json&action=query&list=categorymembers&cmtitle=Category)
    skip category (HTTP 429 rate limited: https://en.wikipedia.org/w/api.php?format=json&action=query&list=categorymembers&cmtitle=Category)
    skip category (HTTP 429 rate limited: https://en.wikipedia.org/w/api.php?format=json&action=query&list=categorymembers&cmtitle=Category)
    skip category (HTTP 429 rate limited: https://en.wikipedia.org/w/api.php?format=json&action=query&list=categorymembers&cmtitle=Category)
    skip category (HTTP 429 rate limited: https://en.wikipedia.org/w/api.php?format=json&action=query&list=categorymembers&cmtitle=Category)
    skip category (HTTP 429 rate limited: https://en.wikipedia.org/w/api.php?format=json&action=query&list=categorymembers&cmtitle=Category)
    skip category (HTTP 429 rate limited: https://en.wikipedia.org/w/api.php?format=json&action=query&list=categorymembers&cmtitle=Category)
    skip category (HTTP 429 rate limited: https://en.wikipedia.org/w/api.php?format=json&action=query&list=categorymembers&cmtitle=Category)
    skip category (HTTP 429 rate limited: https://en.wikipedia.org/w/api.php?format=json&action=query&list=categorymembers&cmtitle=Category)
    skip category (HTTP 429 rate limited: https://en.wikipedia.org/w/api.php?format=json&action=query&list=categorymembers&cmtitle=Category)
    skip category (HTTP 429 rate limited: https://en.wikipedia.org/w/api.php?format=json&action=query&list=categorymembers&cmtitle=Category)
    skip category (HTTP 429 rate limited: https://en.wikipedia.org/w/api.php?format=json&action=query&list=categorymembers&cmtitle=Category)
    skip category (HTTP 429 rate limited: https://en.wikipedia.org/w/api.php?format=json&action=query&list=categorymembers&cmtitle=Category)
    skip category (HTTP 429 rate limited: https://en.wikipedia.org/w/api.php?format=json&action=query&list=categorymembers&cmtitle=Category)
    skip category (HTTP 429 rate limited: https://en.wikipedia.org/w/api.php?format=json&action=query&list=categorymembers&cmtitle=Category)
    skip category (HTTP 429 rate limited: https://en.wikipedia.org/w/api.php?format=json&action=query&list=categorymembers&cmtitle=Category)
    skip category (HTTP 429 rate limited: https://en.wikipedia.org/w/api.php?format=json&action=query&list=categorymembers&cmtitle=Category)
    skip category (HTTP 429 rate limited: https://en.wikipedia.org/w/api.php?format=json&action=query&list=categorymembers&cmtitle=Category)
    skip category (HTTP 429 rate limited: https://en.wikipedia.org/w/api.php?format=json&action=query&list=categorymembers&cmtitle=Category)
    skip category (HTTP 429 rate limited: https://en.wikipedia.org/w/api.php?format=json&action=query&list=categorymembers&cmtitle=Category)
    skip category (HTTP 429 rate limited: https://en.wikipedia.org/w/api.php?format=json&action=query&list=categorymembers&cmtitle=Category)
    skip category (HTTP 429 rate limited: https://en.wikipedia.org/w/api.php?format=json&action=query&list=categorymembers&cmtitle=Category)
  intro batch failed: HTTP 429 rate limited: https://en.wikipedia.org/w/api.php?format=json&action=query&titles=Legend+of+the+Five+Rings&redirects=1&prop=revisions&rvprop=content&rvslots=main
    skip category (HTTP 429 rate limited: https://en.wikipedia.org/w/api.php?format=json&action=query&list=categorymembers&cmtitle=Category)
    skip category (HTTP 429 rate limited: https://en.wikipedia.org/w/api.php?format=json&action=query&list=categorymembers&cmtitle=Category)
    skip category (HTTP 429 rate limited: https://en.wikipedia.org/w/api.php?format=json&action=query&list=categorymembers&cmtitle=Category)
    skip category (HTTP 429 rate limited: https://en.wikipedia.org/w/api.php?format=json&action=query&list=categorymembers&cmtitle=Category)
    skip category (HTTP 429 rate limited: https://en.wikipedia.org/w/api.php?format=json&action=query&list=categorymembers&cmtitle=Category)
    skip category (HTTP 429 rate limited: https://en.wikipedia.org/w/api.php?format=json&action=query&list=categorymembers&cmtitle=Category)
    skip category (HTTP 429 rate limited: https://en.wikipedia.org/w/api.php?format=json&action=query&list=categorymembers&cmtitle=Category)
    skip category (HTTP 429 rate limited: https://en.wikipedia.org/w/api.php?format=json&action=query&list=categorymembers&cmtitle=Category)
    skip category (HTTP 429 rate limited: https://en.wikipedia.org/w/api.php?format=json&action=query&list=categorymembers&cmtitle=Category)
    skip category (HTTP 429 rate limited: https://en.wikipedia.org/w/api.php?format=json&action=query&list=categorymembers&cmtitle=Category)
    skip category (HTTP 429 rate limited: https://en.wikipedia.org/w/api.php?format=json&action=query&list=categorymembers&cmtitle=Category)
    skip category (HTTP 429 rate limited: https://en.wikipedia.org/w/api.php?format=json&action=query&list=categorymembers&cmtitle=Category)
    skip category (HTTP 429 rate limited: https://en.wikipedia.org/w/api.php?format=json&action=query&list=categorymembers&cmtitle=Category)
    skip category (HTTP 429 rate limited: https://en.wikipedia.org/w/api.php?format=json&action=query&list=categorymembers&cmtitle=Category)
    skip category (HTTP 429 rate limited: https://en.wikipedia.org/w/api.php?format=json&action=query&list=categorymembers&cmtitle=Category)
    skip category (HTTP 429 rate limited: https://en.wikipedia.org/w/api.php?format=json&action=query&list=categorymembers&cmtitle=Category)
    skip category (HTTP 429 rate limited: https://en.wikipedia.org/w/api.php?format=json&action=query&list=categorymembers&cmtitle=Category)
    skip category (HTTP 429 rate limited: https://en.wikipedia.org/w/api.php?format=json&action=query&list=categorymembers&cmtitle=Category)
    skip category (HTTP 429 rate limited: https://en.wikipedia.org/w/api.php?format=json&action=query&list=categorymembers&cmtitle=Category)
    skip category (HTTP 429 rate limited: https://en.wikipedia.org/w/api.php?format=json&action=query&list=categorymembers&cmtitle=Category)
    skip category (HTTP 429 rate limited: https://en.wikipedia.org/w/api.php?format=json&action=query&list=categorymembers&cmtitle=Category)
    skip category (HTTP 429 rate limited: https://en.wikipedia.org/w/api.php?format=json&action=query&list=categorymembers&cmtitle=Category)
    skip category (HTTP 429 rate limited: https://en.wikipedia.org/w/api.php?format=json&action=query&list=categorymembers&cmtitle=Category)
    skip category (HTTP 429 rate limited: https://en.wikipedia.org/w/api.php?format=json&action=query&list=categorymembers&cmtitle=Category)
    skip category (HTTP 429 rate limited: https://en.wikipedia.org/w/api.php?format=json&action=query&list=categorymembers&cmtitle=Category)
    skip category (HTTP 429 rate limited: https://en.wikipedia.org/w/api.php?format=json&action=query&list=categorymembers&cmtitle=Category)
    skip category (HTTP 429 rate limited: https://en.wikipedia.org/w/api.php?format=json&action=query&list=categorymembers&cmtitle=Category)
    skip category (HTTP 429 rate limited: https://en.wikipedia.org/w/api.php?format=json&action=query&list=categorymembers&cmtitle=Category)
    skip category (HTTP 429 rate limited: https://en.wikipedia.org/w/api.php?format=json&action=query&list=categorymembers&cmtitle=Category)
    skip category (HTTP 429 rate limited: https://en.wikipedia.org/w/api.php?format=json&action=query&list=categorymembers&cmtitle=Category)
    skip category (HTTP 429 rate limited: https://en.wikipedia.org/w/api.php?format=json&action=query&list=categorymembers&cmtitle=Category)
    skip category (HTTP 429 rate limited: https://en.wikipedia.org/w/api.php?format=json&action=query&list=categorymembers&cmtitle=Category)
    skip category (HTTP 429 rate limited: https://en.wikipedia.org/w/api.php?format=json&action=query&list=categorymembers&cmtitle=Category)
    skip category (HTTP 429 rate limited: https://en.wikipedia.org/w/api.php?format=json&action=query&list=categorymembers&cmtitle=Category)
    skip category (HTTP 429 rate limited: https://en.wikipedia.org/w/api.php?format=json&action=query&list=categorymembers&cmtitle=Category)
    skip category (HTTP 429 rate limited: https://en.wikipedia.org/w/api.php?format=json&action=query&list=categorymembers&cmtitle=Category)
    skip category (HTTP 429 rate limited: https://en.wikipedia.org/w/api.php?format=json&action=query&list=categorymembers&cmtitle=Category)
    skip category (HTTP 429 rate limited: https://en.wikipedia.org/w/api.php?format=json&action=query&list=categorymembers&cmtitle=Category)
    skip category (HTTP 429 rate limited: https://en.wikipedia.org/w/api.php?format=json&action=query&list=categorymembers&cmtitle=Category)
    skip category (HTTP 429 rate limited: https://en.wikipedia.org/w/api.php?format=json&action=query&list=categorymembers&cmtitle=Category)
    skip category (HTTP 429 rate limited: https://en.wikipedia.org/w/api.php?format=json&action=query&list=categorymembers&cmtitle=Category)
    skip category (HTTP 404 for https://wwe.fandom.com/api.php?format=json&action=query&list=categorymembers&cmtitle=Category%3AWWE+wrestle)
    skip category (HTTP 404 for https://wwe.fandom.com/api.php?format=json&action=query&list=categorymembers&cmtitle=Category%3AFormer+WWE+)
    skip category (HTTP 404 for https://wwe.fandom.com/api.php?format=json&action=query&list=categorymembers&cmtitle=Category%3AWWE+champio)
    skip category (HTTP 404 for https://wwe.fandom.com/api.php?format=json&action=query&list=categorymembers&cmtitle=Category%3AWWE+pay-per)
    skip category (HTTP 404 for https://egyptian-mythology.fandom.com/api.php?format=json&action=query&list=categorymembers&cmtitle=Categor)
    skip category (HTTP 404 for https://egyptian-mythology.fandom.com/api.php?format=json&action=query&list=categorymembers&cmtitle=Categor)
    skip category (HTTP 404 for https://pathfinderwiki.com/api.php?format=json&action=query&list=categorymembers&cmtitle=Category%3ACharact)
    skip category (HTTP 404 for https://pathfinderwiki.com/api.php?format=json&action=query&list=categorymembers&cmtitle=Category%3ANations)
    skip category (HTTP 404 for https://pathfinderwiki.com/api.php?format=json&action=query&list=categorymembers&cmtitle=Category%3AOrganiz)
    skip category (HTTP 404 for https://www.sarna.net/api.php?format=json&action=query&list=categorymembers&cmtitle=Category%3ACharacters&c)
    skip category (HTTP 404 for https://www.sarna.net/api.php?format=json&action=query&list=categorymembers&cmtitle=Category%3ABattleMechs&)
    skip category (HTTP 404 for https://www.sarna.net/api.php?format=json&action=query&list=categorymembers&cmtitle=Category%3APlanets&cmli)
    skip category (HTTP 429 rate limited: https://en.wikipedia.org/w/api.php?format=json&action=query&list=categorymembers&cmtitle=Category)
    skip category (HTTP 429 rate limited: https://en.wikipedia.org/w/api.php?format=json&action=query&list=categorymembers&cmtitle=Category)
    skip category (HTTP 429 rate limited: https://en.wikipedia.org/w/api.php?format=json&action=query&list=categorymembers&cmtitle=Category)
    skip category (HTTP 429 rate limited: https://en.wikipedia.org/w/api.php?format=json&action=query&list=categorymembers&cmtitle=Category)
    skip category (HTTP 429 rate limited: https://en.wikipedia.org/w/api.php?format=json&action=query&list=categorymembers&cmtitle=Category)
    skip category (HTTP 429 rate limited: https://en.wikipedia.org/w/api.php?format=json&action=query&list=categorymembers&cmtitle=Category)
    skip category (HTTP 429 rate limited: https://en.wikipedia.org/w/api.php?format=json&action=query&list=categorymembers&cmtitle=Category)
    skip category (HTTP 429 rate limited: https://en.wikipedia.org/w/api.php?format=json&action=query&list=categorymembers&cmtitle=Category)
    skip category (HTTP 429 rate limited: https://en.wikipedia.org/w/api.php?format=json&action=query&list=categorymembers&cmtitle=Category)
    skip category (HTTP 429 rate limited: https://en.wikipedia.org/w/api.php?format=json&action=query&list=categorymembers&cmtitle=Category)
    skip category (HTTP 429 rate limited: https://en.wikipedia.org/w/api.php?format=json&action=query&list=categorymembers&cmtitle=Category)
    skip category (HTTP 429 rate limited: https://en.wikipedia.org/w/api.php?format=json&action=query&list=categorymembers&cmtitle=Category)
    skip category (HTTP 429 rate limited: https://en.wikipedia.org/w/api.php?format=json&action=query&list=categorymembers&cmtitle=Category)
    skip category (HTTP 429 rate limited: https://en.wikipedia.org/w/api.php?format=json&action=query&list=categorymembers&cmtitle=Category)
    skip category (HTTP 429 rate limited: https://en.wikipedia.org/w/api.php?format=json&action=query&list=categorymembers&cmtitle=Category)
    skip category (HTTP 429 rate limited: https://en.wikipedia.org/w/api.php?format=json&action=query&list=categorymembers&cmtitle=Category)
    skip category (HTTP 429 rate limited: https://en.wikipedia.org/w/api.php?format=json&action=query&list=categorymembers&cmtitle=Category)
    skip category (HTTP 429 rate limited: https://en.wikipedia.org/w/api.php?format=json&action=query&list=categorymembers&cmtitle=Category)
    skip category (HTTP 429 rate limited: https://en.wikipedia.org/w/api.php?format=json&action=query&list=categorymembers&cmtitle=Category)
    skip category (HTTP 429 rate limited: https://en.wikipedia.org/w/api.php?format=json&action=query&list=categorymembers&cmtitle=Category)
    skip category (HTTP 429 rate limited: https://en.wikipedia.org/w/api.php?format=json&action=query&list=categorymembers&cmtitle=Category)
    skip category (HTTP 429 rate limited: https://en.wikipedia.org/w/api.php?format=json&action=query&list=categorymembers&cmtitle=Category)
    skip category (HTTP 429 rate limited: https://en.wikipedia.org/w/api.php?format=json&action=query&list=categorymembers&cmtitle=Category)
    skip category (HTTP 429 rate limited: https://en.wikipedia.org/w/api.php?format=json&action=query&list=categorymembers&cmtitle=Category)
    skip category (HTTP 429 rate limited: https://en.wikipedia.org/w/api.php?format=json&action=query&list=categorymembers&cmtitle=Category)
    skip category (HTTP 429 rate limited: https://en.wikipedia.org/w/api.php?format=json&action=query&list=categorymembers&cmtitle=Category)
    skip category (HTTP 429 rate limited: https://en.wikipedia.org/w/api.php?format=json&action=query&list=categorymembers&cmtitle=Category)
    skip category (HTTP 429 rate limited: https://en.wikipedia.org/w/api.php?format=json&action=query&list=categorymembers&cmtitle=Category)
    skip category (HTTP 429 rate limited: https://en.wikipedia.org/w/api.php?format=json&action=query&list=categorymembers&cmtitle=Category)
    skip category (HTTP 429 rate limited: https://en.wikipedia.org/w/api.php?format=json&action=query&list=categorymembers&cmtitle=Category)
    skip category (HTTP 429 rate limited: https://en.wikipedia.org/w/api.php?format=json&action=query&list=categorymembers&cmtitle=Category)
    skip category (HTTP 429 rate limited: https://en.wikipedia.org/w/api.php?format=json&action=query&list=categorymembers&cmtitle=Category)
    skip category (HTTP 429 rate limited: https://en.wikipedia.org/w/api.php?format=json&action=query&list=categorymembers&cmtitle=Category)
    skip category (HTTP 429 rate limited: https://en.wikipedia.org/w/api.php?format=json&action=query&list=categorymembers&cmtitle=Category)
    skip category (HTTP 429 rate limited: https://en.wikipedia.org/w/api.php?format=json&action=query&list=categorymembers&cmtitle=Category)
    skip category (HTTP 429 rate limited: https://en.wikipedia.org/w/api.php?format=json&action=query&list=categorymembers&cmtitle=Category)
    skip category (HTTP 429 rate limited: https://en.wikipedia.org/w/api.php?format=json&action=query&list=categorymembers&cmtitle=Category)
    skip category (HTTP 429 rate limited: https://en.wikipedia.org/w/api.php?format=json&action=query&list=categorymembers&cmtitle=Category)
    skip category (HTTP 429 rate limited: https://en.wikipedia.org/w/api.php?format=json&action=query&list=categorymembers&cmtitle=Category)
    skip category (HTTP 429 rate limited: https://en.wikipedia.org/w/api.php?format=json&action=query&list=categorymembers&cmtitle=Category)
    skip category (HTTP 429 rate limited: https://en.wikipedia.org/w/api.php?format=json&action=query&list=categorymembers&cmtitle=Category)
    skip category (HTTP 429 rate limited: https://en.wikipedia.org/w/api.php?format=json&action=query&list=categorymembers&cmtitle=Category)
    skip category (HTTP 429 rate limited: https://en.wikipedia.org/w/api.php?format=json&action=query&list=categorymembers&cmtitle=Category)
    skip category (HTTP 429 rate limited: https://en.wikipedia.org/w/api.php?format=json&action=query&list=categorymembers&cmtitle=Category)
    skip category (HTTP 429 rate limited: https://en.wikipedia.org/w/api.php?format=json&action=query&list=categorymembers&cmtitle=Category)
    skip category (HTTP 429 rate limited: https://en.wikipedia.org/w/api.php?format=json&action=query&list=categorymembers&cmtitle=Category)
    skip category (HTTP 429 rate limited: https://en.wikipedia.org/w/api.php?format=json&action=query&list=categorymembers&cmtitle=Category)
    skip category (HTTP 429 rate limited: https://en.wikipedia.org/w/api.php?format=json&action=query&list=categorymembers&cmtitle=Category)
    skip category (HTTP 429 rate limited: https://en.wikipedia.org/w/api.php?format=json&action=query&list=categorymembers&cmtitle=Category)
    skip category (HTTP 429 rate limited: https://en.wikipedia.org/w/api.php?format=json&action=query&list=categorymembers&cmtitle=Category)
    skip category (HTTP 429 rate limited: https://en.wikipedia.org/w/api.php?format=json&action=query&list=categorymembers&cmtitle=Category)
    skip category (HTTP 429 rate limited: https://en.wikipedia.org/w/api.php?format=json&action=query&list=categorymembers&cmtitle=Category)
    skip category (HTTP 429 rate limited: https://en.wikipedia.org/w/api.php?format=json&action=query&list=categorymembers&cmtitle=Category)
    skip category (HTTP 429 rate limited: https://en.wikipedia.org/w/api.php?format=json&action=query&list=categorymembers&cmtitle=Category)
    skip category (HTTP 429 rate limited: https://en.wikipedia.org/w/api.php?format=json&action=query&list=categorymembers&cmtitle=Category)
    skip category (HTTP 429 rate limited: https://en.wikipedia.org/w/api.php?format=json&action=query&list=categorymembers&cmtitle=Category)
    skip category (HTTP 429 rate limited: https://en.wikipedia.org/w/api.php?format=json&action=query&list=categorymembers&cmtitle=Category)
    skip category (HTTP 429 rate limited: https://en.wikipedia.org/w/api.php?format=json&action=query&list=categorymembers&cmtitle=Category)
    skip category (HTTP 429 rate limited: https://en.wikipedia.org/w/api.php?format=json&action=query&list=categorymembers&cmtitle=Category)
    skip category (HTTP 429 rate limited: https://en.wikipedia.org/w/api.php?format=json&action=query&list=categorymembers&cmtitle=Category)
    skip category (HTTP 429 rate limited: https://en.wikipedia.org/w/api.php?format=json&action=query&list=categorymembers&cmtitle=Category)
    skip category (HTTP 429 rate limited: https://en.wikipedia.org/w/api.php?format=json&action=query&list=categorymembers&cmtitle=Category)
    skip category (HTTP 429 rate limited: https://en.wikipedia.org/w/api.php?format=json&action=query&list=categorymembers&cmtitle=Category)
    skip category (HTTP 429 rate limited: https://en.wikipedia.org/w/api.php?format=json&action=query&list=categorymembers&cmtitle=Category)
    skip category (HTTP 429 rate limited: https://en.wikipedia.org/w/api.php?format=json&action=query&list=categorymembers&cmtitle=Category)
    skip category (HTTP 429 rate limited: https://en.wikipedia.org/w/api.php?format=json&action=query&list=categorymembers&cmtitle=Category)
    skip category (HTTP 429 rate limited: https://en.wikipedia.org/w/api.php?format=json&action=query&list=categorymembers&cmtitle=Category)
    skip category (HTTP 429 rate limited: https://en.wikipedia.org/w/api.php?format=json&action=query&list=categorymembers&cmtitle=Category)
    skip category (HTTP 429 rate limited: https://en.wikipedia.org/w/api.php?format=json&action=query&list=categorymembers&cmtitle=Category)
    skip category (HTTP 429 rate limited: https://en.wikipedia.org/w/api.php?format=json&action=query&list=categorymembers&cmtitle=Category)
    skip category (HTTP 429 rate limited: https://en.wikipedia.org/w/api.php?format=json&action=query&list=categorymembers&cmtitle=Category)
    skip category (HTTP 429 rate limited: https://en.wikipedia.org/w/api.php?format=json&action=query&list=categorymembers&cmtitle=Category)
    skip category (HTTP 429 rate limited: https://en.wikipedia.org/w/api.php?format=json&action=query&list=categorymembers&cmtitle=Category)
    skip category (HTTP 429 rate limited: https://en.wikipedia.org/w/api.php?format=json&action=query&list=categorymembers&cmtitle=Category)
    skip category (HTTP 429 rate limited: https://en.wikipedia.org/w/api.php?format=json&action=query&list=categorymembers&cmtitle=Category)
    skip category (HTTP 429 rate limited: https://en.wikipedia.org/w/api.php?format=json&action=query&list=categorymembers&cmtitle=Category)
    skip category (HTTP 429 rate limited: https://en.wikipedia.org/w/api.php?format=json&action=query&list=categorymembers&cmtitle=Category)
    skip category (HTTP 429 rate limited: https://en.wikipedia.org/w/api.php?format=json&action=query&list=categorymembers&cmtitle=Category)
    skip category (HTTP 429 rate limited: https://en.wikipedia.org/w/api.php?format=json&action=query&list=categorymembers&cmtitle=Category)
    skip category (HTTP 429 rate limited: https://en.wikipedia.org/w/api.php?format=json&action=query&list=categorymembers&cmtitle=Category)
    skip category (HTTP 429 rate limited: https://en.wikipedia.org/w/api.php?format=json&action=query&list=categorymembers&cmtitle=Category)
    skip category (HTTP 429 rate limited: https://en.wikipedia.org/w/api.php?format=json&action=query&list=categorymembers&cmtitle=Category)
    skip category (HTTP 429 rate limited: https://en.wikipedia.org/w/api.php?format=json&action=query&list=categorymembers&cmtitle=Category)
    skip category (HTTP 429 rate limited: https://en.wikipedia.org/w/api.php?format=json&action=query&list=categorymembers&cmtitle=Category)
    skip category (HTTP 429 rate limited: https://en.wikipedia.org/w/api.php?format=json&action=query&list=categorymembers&cmtitle=Category)
    skip category (HTTP 429 rate limited: https://en.wikipedia.org/w/api.php?format=json&action=query&list=categorymembers&cmtitle=Category)
    skip category (HTTP 429 rate limited: https://en.wikipedia.org/w/api.php?format=json&action=query&list=categorymembers&cmtitle=Category)
    skip category (HTTP 429 rate limited: https://en.wikipedia.org/w/api.php?format=json&action=query&list=categorymembers&cmtitle=Category)
    skip category (HTTP 429 rate limited: https://en.wikipedia.org/w/api.php?format=json&action=query&list=categorymembers&cmtitle=Category)
    skip category (HTTP 429 rate limited: https://en.wikipedia.org/w/api.php?format=json&action=query&list=categorymembers&cmtitle=Category)
    skip category (HTTP 429 rate limited: https://en.wikipedia.org/w/api.php?format=json&action=query&list=categorymembers&cmtitle=Category)
    skip category (HTTP 429 rate limited: https://en.wikipedia.org/w/api.php?format=json&action=query&list=categorymembers&cmtitle=Category)
    skip category (HTTP 429 rate limited: https://en.wikipedia.org/w/api.php?format=json&action=query&list=categorymembers&cmtitle=Category)
    skip category (HTTP 429 rate limited: https://en.wikipedia.org/w/api.php?format=json&action=query&list=categorymembers&cmtitle=Category)
    skip category (HTTP 429 rate limited: https://en.wikipedia.org/w/api.php?format=json&action=query&list=categorymembers&cmtitle=Category)
    skip category (HTTP 429 rate limited: https://en.wikipedia.org/w/api.php?format=json&action=query&list=categorymembers&cmtitle=Category)
    skip category (HTTP 429 rate limited: https://en.wikipedia.org/w/api.php?format=json&action=query&list=categorymembers&cmtitle=Category)
    skip category (HTTP 429 rate limited: https://en.wikipedia.org/w/api.php?format=json&action=query&list=categorymembers&cmtitle=Category)
    skip category (HTTP 429 rate limited: https://en.wikipedia.org/w/api.php?format=json&action=query&list=categorymembers&cmtitle=Category)
    skip category (HTTP 429 rate limited: https://en.wikipedia.org/w/api.php?format=json&action=query&list=categorymembers&cmtitle=Category)
    skip category (HTTP 429 rate limited: https://en.wikipedia.org/w/api.php?format=json&action=query&list=categorymembers&cmtitle=Category)
    skip category (HTTP 429 rate limited: https://en.wikipedia.org/w/api.php?format=json&action=query&list=categorymembers&cmtitle=Category)
    skip category (HTTP 429 rate limited: https://en.wikipedia.org/w/api.php?format=json&action=query&list=categorymembers&cmtitle=Category)
    skip category (HTTP 429 rate limited: https://en.wikipedia.org/w/api.php?format=json&action=query&list=categorymembers&cmtitle=Category)
    skip category (HTTP 429 rate limited: https://en.wikipedia.org/w/api.php?format=json&action=query&list=categorymembers&cmtitle=Category)
    skip category (HTTP 429 rate limited: https://en.wikipedia.org/w/api.php?format=json&action=query&list=categorymembers&cmtitle=Category)
    skip category (HTTP 429 rate limited: https://en.wikipedia.org/w/api.php?format=json&action=query&list=categorymembers&cmtitle=Category)
    skip category (HTTP 429 rate limited: https://en.wikipedia.org/w/api.php?format=json&action=query&list=categorymembers&cmtitle=Category)
    skip category (HTTP 429 rate limited: https://en.wikipedia.org/w/api.php?format=json&action=query&list=categorymembers&cmtitle=Category)
    skip category (HTTP 429 rate limited: https://en.wikipedia.org/w/api.php?format=json&action=query&list=categorymembers&cmtitle=Category)
    skip category (HTTP 429 rate limited: https://en.wikipedia.org/w/api.php?format=json&action=query&list=categorymembers&cmtitle=Category)
    skip category (HTTP 429 rate limited: https://en.wikipedia.org/w/api.php?format=json&action=query&list=categorymembers&cmtitle=Category)
    skip category (HTTP 429 rate limited: https://en.wikipedia.org/w/api.php?format=json&action=query&list=categorymembers&cmtitle=Category)
    skip category (HTTP 429 rate limited: https://en.wikipedia.org/w/api.php?format=json&action=query&list=categorymembers&cmtitle=Category)
    skip category (HTTP 429 rate limited: https://en.wikipedia.org/w/api.php?format=json&action=query&list=categorymembers&cmtitle=Category)
    skip category (HTTP 429 rate limited: https://en.wikipedia.org/w/api.php?format=json&action=query&list=categorymembers&cmtitle=Category)
    skip category (HTTP 429 rate limited: https://en.wikipedia.org/w/api.php?format=json&action=query&list=categorymembers&cmtitle=Category)
    skip category (HTTP 429 rate limited: https://en.wikipedia.org/w/api.php?format=json&action=query&list=categorymembers&cmtitle=Category)
    skip category (HTTP 429 rate limited: https://en.wikipedia.org/w/api.php?format=json&action=query&list=categorymembers&cmtitle=Category)
    skip category (HTTP 429 rate limited: https://en.wikipedia.org/w/api.php?format=json&action=query&list=categorymembers&cmtitle=Category)
    skip category (HTTP 429 rate limited: https://en.wikipedia.org/w/api.php?format=json&action=query&list=categorymembers&cmtitle=Category)
    skip category (HTTP 429 rate limited: https://en.wikipedia.org/w/api.php?format=json&action=query&list=categorymembers&cmtitle=Category)
    skip category (HTTP 429 rate limited: https://en.wikipedia.org/w/api.php?format=json&action=query&list=categorymembers&cmtitle=Category)
    skip category (HTTP 429 rate limited: https://en.wikipedia.org/w/api.php?format=json&action=query&list=categorymembers&cmtitle=Category)
    skip category (HTTP 429 rate limited: https://en.wikipedia.org/w/api.php?format=json&action=query&list=categorymembers&cmtitle=Category)
    skip category (HTTP 429 rate limited: https://en.wikipedia.org/w/api.php?format=json&action=query&list=categorymembers&cmtitle=Category)
    skip category (HTTP 429 rate limited: https://en.wikipedia.org/w/api.php?format=json&action=query&list=categorymembers&cmtitle=Category)
    skip category (HTTP 429 rate limited: https://en.wikipedia.org/w/api.php?format=json&action=query&list=categorymembers&cmtitle=Category)
    skip category (HTTP 429 rate limited: https://en.wikipedia.org/w/api.php?format=json&action=query&list=categorymembers&cmtitle=Category)
    skip category (HTTP 429 rate limited: https://en.wikipedia.org/w/api.php?format=json&action=query&list=categorymembers&cmtitle=Category)
    skip category (HTTP 429 rate limited: https://en.wikipedia.org/w/api.php?format=json&action=query&list=categorymembers&cmtitle=Category)
    skip category (HTTP 429 rate limited: https://en.wikipedia.org/w/api.php?format=json&action=query&list=categorymembers&cmtitle=Category)
    skip category (HTTP 429 rate limited: https://en.wikipedia.org/w/api.php?format=json&action=query&list=categorymembers&cmtitle=Category)
    skip category (HTTP 429 rate limited: https://en.wikipedia.org/w/api.php?format=json&action=query&list=categorymembers&cmtitle=Category)
    skip category (HTTP 429 rate limited: https://en.wikipedia.org/w/api.php?format=json&action=query&list=categorymembers&cmtitle=Category)
    skip category (HTTP 429 rate limited: https://en.wikipedia.org/w/api.php?format=json&action=query&list=categorymembers&cmtitle=Category)
    skip category (HTTP 429 rate limited: https://en.wikipedia.org/w/api.php?format=json&action=query&list=categorymembers&cmtitle=Category)
    skip category (HTTP 429 rate limited: https://en.wikipedia.org/w/api.php?format=json&action=query&list=categorymembers&cmtitle=Category)
    skip category (HTTP 429 rate limited: https://en.wikipedia.org/w/api.php?format=json&action=query&list=categorymembers&cmtitle=Category)
    skip category (HTTP 429 rate limited: https://en.wikipedia.org/w/api.php?format=json&action=query&list=categorymembers&cmtitle=Category)
    skip category (HTTP 429 rate limited: https://en.wikipedia.org/w/api.php?format=json&action=query&list=categorymembers&cmtitle=Category)
    skip category (HTTP 429 rate limited: https://en.wikipedia.org/w/api.php?format=json&action=query&list=categorymembers&cmtitle=Category)
    skip category (HTTP 429 rate limited: https://en.wikipedia.org/w/api.php?format=json&action=query&list=categorymembers&cmtitle=Category)
    skip category (HTTP 429 rate limited: https://en.wikipedia.org/w/api.php?format=json&action=query&list=categorymembers&cmtitle=Category)
    skip category (HTTP 429 rate limited: https://en.wikipedia.org/w/api.php?format=json&action=query&list=categorymembers&cmtitle=Category)
    skip category (HTTP 429 rate limited: https://en.wikipedia.org/w/api.php?format=json&action=query&list=categorymembers&cmtitle=Category)
    skip category (HTTP 429 rate limited: https://en.wikipedia.org/w/api.php?format=json&action=query&list=categorymembers&cmtitle=Category)
    skip category (HTTP 429 rate limited: https://en.wikipedia.org/w/api.php?format=json&action=query&list=categorymembers&cmtitle=Category)
    skip category (HTTP 429 rate limited: https://en.wikipedia.org/w/api.php?format=json&action=query&list=categorymembers&cmtitle=Category)
    skip category (HTTP 429 rate limited: https://en.wikipedia.org/w/api.php?format=json&action=query&list=categorymembers&cmtitle=Category)
    skip category (HTTP 429 rate limited: https://en.wikipedia.org/w/api.php?format=json&action=query&list=categorymembers&cmtitle=Category)
    skip category (HTTP 429 rate limited: https://en.wikipedia.org/w/api.php?format=json&action=query&list=categorymembers&cmtitle=Category)
    skip category (HTTP 429 rate limited: https://en.wikipedia.org/w/api.php?format=json&action=query&list=categorymembers&cmtitle=Category)
    skip category (HTTP 429 rate limited: https://en.wikipedia.org/w/api.php?format=json&action=query&list=categorymembers&cmtitle=Category)
    skip category (HTTP 429 rate limited: https://en.wikipedia.org/w/api.php?format=json&action=query&list=categorymembers&cmtitle=Category)
    skip category (HTTP 429 rate limited: https://en.wikipedia.org/w/api.php?format=json&action=query&list=categorymembers&cmtitle=Category)
    skip category (HTTP 429 rate limited: https://en.wikipedia.org/w/api.php?format=json&action=query&list=categorymembers&cmtitle=Category)
  intro batch failed: HTTP 429 rate limited: https://en.wikipedia.org/w/api.php?format=json&action=query&titles=Teen+Titans+Go%21&redirects=1&prop=revisions&rvprop=content&rvslots=main
    skip category (HTTP 429 rate limited: https://en.wikipedia.org/w/api.php?format=json&action=query&list=categorymembers&cmtitle=Category)
    skip category (HTTP 429 rate limited: https://en.wikipedia.org/w/api.php?format=json&action=query&list=categorymembers&cmtitle=Category)
    skip category (HTTP 429 rate limited: https://en.wikipedia.org/w/api.php?format=json&action=query&list=categorymembers&cmtitle=Category)
    skip category (HTTP 429 rate limited: https://en.wikipedia.org/w/api.php?format=json&action=query&list=categorymembers&cmtitle=Category)
    skip category (HTTP 429 rate limited: https://en.wikipedia.org/w/api.php?format=json&action=query&list=categorymembers&cmtitle=Category)
    skip category (HTTP 429 rate limited: https://en.wikipedia.org/w/api.php?format=json&action=query&list=categorymembers&cmtitle=Category)
    skip category (HTTP 429 rate limited: https://en.wikipedia.org/w/api.php?format=json&action=query&list=categorymembers&cmtitle=Category)
    skip category (HTTP 429 rate limited: https://en.wikipedia.org/w/api.php?format=json&action=query&list=categorymembers&cmtitle=Category)
    skip category (HTTP 429 rate limited: https://en.wikipedia.org/w/api.php?format=json&action=query&list=categorymembers&cmtitle=Category)
    skip category (HTTP 429 rate limited: https://en.wikipedia.org/w/api.php?format=json&action=query&list=categorymembers&cmtitle=Category)
    skip category (HTTP 429 rate limited: https://en.wikipedia.org/w/api.php?format=json&action=query&list=categorymembers&cmtitle=Category)
    skip category (HTTP 429 rate limited: https://en.wikipedia.org/w/api.php?format=json&action=query&list=categorymembers&cmtitle=Category)
    skip category (HTTP 429 rate limited: https://en.wikipedia.org/w/api.php?format=json&action=query&list=categorymembers&cmtitle=Category)
    skip category (HTTP 429 rate limited: https://en.wikipedia.org/w/api.php?format=json&action=query&list=categorymembers&cmtitle=Category)
    skip category (HTTP 429 rate limited: https://en.wikipedia.org/w/api.php?format=json&action=query&list=categorymembers&cmtitle=Category)
    skip category (HTTP 429 rate limited: https://en.wikipedia.org/w/api.php?format=json&action=query&list=categorymembers&cmtitle=Category)
    skip category (HTTP 429 rate limited: https://en.wikipedia.org/w/api.php?format=json&action=query&list=categorymembers&cmtitle=Category)
    skip category (HTTP 429 rate limited: https://en.wikipedia.org/w/api.php?format=json&action=query&list=categorymembers&cmtitle=Category)
    skip category (HTTP 429 rate limited: https://en.wikipedia.org/w/api.php?format=json&action=query&list=categorymembers&cmtitle=Category)
    skip category (HTTP 429 rate limited: https://en.wikipedia.org/w/api.php?format=json&action=query&list=categorymembers&cmtitle=Category)
    skip category (HTTP 429 rate limited: https://en.wikipedia.org/w/api.php?format=json&action=query&list=categorymembers&cmtitle=Category)
    skip category (HTTP 429 rate limited: https://en.wikipedia.org/w/api.php?format=json&action=query&list=categorymembers&cmtitle=Category)
    skip category (HTTP 429 rate limited: https://en.wikipedia.org/w/api.php?format=json&action=query&list=categorymembers&cmtitle=Category)
    skip category (HTTP 429 rate limited: https://en.wikipedia.org/w/api.php?format=json&action=query&list=categorymembers&cmtitle=Category)
    skip category (HTTP 429 rate limited: https://en.wikipedia.org/w/api.php?format=json&action=query&list=categorymembers&cmtitle=Category)
    skip category (HTTP 429 rate limited: https://en.wikipedia.org/w/api.php?format=json&action=query&list=categorymembers&cmtitle=Category)
    skip category (HTTP 429 rate limited: https://en.wikipedia.org/w/api.php?format=json&action=query&list=categorymembers&cmtitle=Category)
    skip category (HTTP 429 rate limited: https://en.wikipedia.org/w/api.php?format=json&action=query&list=categorymembers&cmtitle=Category)
    skip category (HTTP 429 rate limited: https://en.wikipedia.org/w/api.php?format=json&action=query&list=categorymembers&cmtitle=Category)
    skip category (HTTP 429 rate limited: https://en.wikipedia.org/w/api.php?format=json&action=query&list=categorymembers&cmtitle=Category)
    skip category (HTTP 429 rate limited: https://en.wikipedia.org/w/api.php?format=json&action=query&list=categorymembers&cmtitle=Category)
    skip category (HTTP 429 rate limited: https://en.wikipedia.org/w/api.php?format=json&action=query&list=categorymembers&cmtitle=Category)
    skip category (HTTP 429 rate limited: https://en.wikipedia.org/w/api.php?format=json&action=query&list=categorymembers&cmtitle=Category)
  intro batch failed: HTTP 429 rate limited: https://en.wikipedia.org/w/api.php?format=json&action=query&titles=Beanie+Babies&redirects=1&prop=revisions&rvprop=content&rvslots=main
    skip category (HTTP 429 rate limited: https://en.wikipedia.org/w/api.php?format=json&action=query&list=categorymembers&cmtitle=Category)
    skip category (HTTP 429 rate limited: https://en.wikipedia.org/w/api.php?format=json&action=query&list=categorymembers&cmtitle=Category)
    skip category (HTTP 429 rate limited: https://en.wikipedia.org/w/api.php?format=json&action=query&list=categorymembers&cmtitle=Category)
    skip category (HTTP 429 rate limited: https://en.wikipedia.org/w/api.php?format=json&action=query&list=categorymembers&cmtitle=Category)
    skip category (HTTP 429 rate limited: https://en.wikipedia.org/w/api.php?format=json&action=query&list=categorymembers&cmtitle=Category)
    skip category (HTTP 429 rate limited: https://en.wikipedia.org/w/api.php?format=json&action=query&list=categorymembers&cmtitle=Category)
  identity batch failed: HTTP 429 rate limited: https://en.wikipedia.org/w/api.php?format=json&action=query&titles=Beyblade&redirects=1&prop=pageimages%7Cinfo&piprop=thumbnail%7Cname&pithumbsize=180&inprop=url
  intro batch failed: HTTP 429 rate limited: https://en.wikipedia.org/w/api.php?format=json&action=query&titles=Beyblade&redirects=1&prop=revisions&rvprop=content&rvslots=main
    skip category (HTTP 429 rate limited: https://en.wikipedia.org/w/api.php?format=json&action=query&list=categorymembers&cmtitle=Category)
    skip category (HTTP 429 rate limited: https://en.wikipedia.org/w/api.php?format=json&action=query&list=categorymembers&cmtitle=Category)
    skip category (HTTP 429 rate limited: https://en.wikipedia.org/w/api.php?format=json&action=query&list=categorymembers&cmtitle=Category)
    skip category (HTTP 429 rate limited: https://en.wikipedia.org/w/api.php?format=json&action=query&list=categorymembers&cmtitle=Category)
    skip category (HTTP 429 rate limited: https://en.wikipedia.org/w/api.php?format=json&action=query&list=categorymembers&cmtitle=Category)
  identity batch failed: HTTP 429 rate limited: https://en.wikipedia.org/w/api.php?format=json&action=query&titles=Shiro+%28Voltron%3A+Legendary+Defender%29&redirects=1&prop=pageimages%7Cinfo&piprop=thumbnail%7Cname&pithumbsize=180&inprop=url
  intro batch failed: HTTP 429 rate limited: https://en.wikipedia.org/w/api.php?format=json&action=query&titles=Shiro+%28Voltron%3A+Legendary+Defender%29&redirects=1&prop=revisions&rvprop=content&rvslots=main
  [rich] Fandom batch failed: HTTP 429 rate limited: https://en.wikipedia.org/w/api.php?format=json&action=query&titles=Voltron%7CShiro+%28Voltron%3A+Legendary+Defender%29%7CShiro&redirects=1&prop=revisions&rvprop=content&rvslots=main
  [rich] Wikipedia batch failed: HTTP 429 for https://en.wikipedia.org/w/api.php?action=query&format=json&origin=*&titles=Voltron%7CShiro+%28Voltron%3A+Legendary+Defender%29&redirects=1&prop=extracts&explaintext=1&exintro=1&exlimit=max: You are making too many requests to the API.
Please follow the best practices at <https://www.mediawiki.org/wiki/Wikimedia_APIs/Rate_limits>.
If you are unsure how to get the access you need, contact 
    skip category (HTTP 429 rate limited: https://en.wikipedia.org/w/api.php?format=json&action=query&list=categorymembers&cmtitle=Category)
    skip category (HTTP 429 rate limited: https://en.wikipedia.org/w/api.php?format=json&action=query&list=categorymembers&cmtitle=Category)
    skip category (HTTP 429 rate limited: https://en.wikipedia.org/w/api.php?format=json&action=query&list=categorymembers&cmtitle=Category)
    skip category (HTTP 429 rate limited: https://en.wikipedia.org/w/api.php?format=json&action=query&list=categorymembers&cmtitle=Category)
    skip category (HTTP 429 rate limited: https://en.wikipedia.org/w/api.php?format=json&action=query&list=categorymembers&cmtitle=Category)
    skip category (HTTP 429 rate limited: https://en.wikipedia.org/w/api.php?format=json&action=query&list=categorymembers&cmtitle=Category)
    skip category (HTTP 429 rate limited: https://en.wikipedia.org/w/api.php?format=json&action=query&list=categorymembers&cmtitle=Category)
    skip category (HTTP 429 rate limited: https://en.wikipedia.org/w/api.php?format=json&action=query&list=categorymembers&cmtitle=Category)
    skip category (HTTP 429 rate limited: https://en.wikipedia.org/w/api.php?format=json&action=query&list=categorymembers&cmtitle=Category)
    skip category (HTTP 429 rate limited: https://en.wikipedia.org/w/api.php?format=json&action=query&list=categorymembers&cmtitle=Category)
    skip category (HTTP 429 rate limited: https://en.wikipedia.org/w/api.php?format=json&action=query&list=categorymembers&cmtitle=Category)
    skip category (HTTP 429 rate limited: https://en.wikipedia.org/w/api.php?format=json&action=query&list=categorymembers&cmtitle=Category)
    skip category (HTTP 429 rate limited: https://en.wikipedia.org/w/api.php?format=json&action=query&list=categorymembers&cmtitle=Category)
    skip category (HTTP 429 rate limited: https://en.wikipedia.org/w/api.php?format=json&action=query&list=categorymembers&cmtitle=Category)
    skip category (HTTP 429 rate limited: https://en.wikipedia.org/w/api.php?format=json&action=query&list=categorymembers&cmtitle=Category)
    skip category (HTTP 429 rate limited: https://en.wikipedia.org/w/api.php?format=json&action=query&list=categorymembers&cmtitle=Category)
    skip category (HTTP 429 rate limited: https://en.wikipedia.org/w/api.php?format=json&action=query&list=categorymembers&cmtitle=Category)
    skip category (HTTP 429 rate limited: https://en.wikipedia.org/w/api.php?format=json&action=query&list=categorymembers&cmtitle=Category)
    skip category (HTTP 429 rate limited: https://en.wikipedia.org/w/api.php?format=json&action=query&list=categorymembers&cmtitle=Category)
    skip category (HTTP 429 rate limited: https://en.wikipedia.org/w/api.php?format=json&action=query&list=categorymembers&cmtitle=Category)
  identity batch failed: HTTP 429 rate limited: https://en.wikipedia.org/w/api.php?format=json&action=query&titles=G1+Climax&redirects=1&prop=pageimages%7Cinfo&piprop=thumbnail%7Cname&pithumbsize=180&inprop=url
  intro batch failed: HTTP 429 rate limited: https://en.wikipedia.org/w/api.php?format=json&action=query&titles=G1+Climax&redirects=1&prop=revisions&rvprop=content&rvslots=main
    skip category (HTTP 429 rate limited: https://en.wikipedia.org/w/api.php?format=json&action=query&list=categorymembers&cmtitle=Category)
    skip category (HTTP 429 rate limited: https://en.wikipedia.org/w/api.php?format=json&action=query&list=categorymembers&cmtitle=Category)
    skip category (HTTP 429 rate limited: https://en.wikipedia.org/w/api.php?format=json&action=query&list=categorymembers&cmtitle=Category)
    skip category (HTTP 429 rate limited: https://en.wikipedia.org/w/api.php?format=json&action=query&list=categorymembers&cmtitle=Category)
    skip category (HTTP 429 rate limited: https://en.wikipedia.org/w/api.php?format=json&action=query&list=categorymembers&cmtitle=Category)
    skip category (HTTP 429 rate limited: https://en.wikipedia.org/w/api.php?format=json&action=query&list=categorymembers&cmtitle=Category)
    skip category (HTTP 429 rate limited: https://en.wikipedia.org/w/api.php?format=json&action=query&list=categorymembers&cmtitle=Category)
    skip category (HTTP 429 rate limited: https://en.wikipedia.org/w/api.php?format=json&action=query&list=categorymembers&cmtitle=Category)
    skip category (HTTP 429 rate limited: https://en.wikipedia.org/w/api.php?format=json&action=query&list=categorymembers&cmtitle=Category)
    skip category (HTTP 429 rate limited: https://en.wikipedia.org/w/api.php?format=json&action=query&list=categorymembers&cmtitle=Category)
    skip category (HTTP 429 rate limited: https://en.wikipedia.org/w/api.php?format=json&action=query&list=categorymembers&cmtitle=Category)
    skip category (HTTP 429 rate limited: https://en.wikipedia.org/w/api.php?format=json&action=query&list=categorymembers&cmtitle=Category)
    skip category (HTTP 429 rate limited: https://en.wikipedia.org/w/api.php?format=json&action=query&list=categorymembers&cmtitle=Category)
    skip category (HTTP 429 rate limited: https://en.wikipedia.org/w/api.php?format=json&action=query&list=categorymembers&cmtitle=Category)
    skip category (HTTP 429 rate limited: https://en.wikipedia.org/w/api.php?format=json&action=query&list=categorymembers&cmtitle=Category)
    skip category (HTTP 429 rate limited: https://en.wikipedia.org/w/api.php?format=json&action=query&list=categorymembers&cmtitle=Category)
    skip category (HTTP 429 rate limited: https://en.wikipedia.org/w/api.php?format=json&action=query&list=categorymembers&cmtitle=Category)
    skip category (HTTP 429 rate limited: https://en.wikipedia.org/w/api.php?format=json&action=query&list=categorymembers&cmtitle=Category)
    skip category (HTTP 429 rate limited: https://en.wikipedia.org/w/api.php?format=json&action=query&list=categorymembers&cmtitle=Category)
    skip category (HTTP 429 rate limited: https://en.wikipedia.org/w/api.php?format=json&action=query&list=categorymembers&cmtitle=Category)
    skip category (HTTP 429 rate limited: https://en.wikipedia.org/w/api.php?format=json&action=query&list=categorymembers&cmtitle=Category)
    skip category (HTTP 429 rate limited: https://en.wikipedia.org/w/api.php?format=json&action=query&list=categorymembers&cmtitle=Category)
    skip category (HTTP 429 rate limited: https://en.wikipedia.org/w/api.php?format=json&action=query&list=categorymembers&cmtitle=Category)
    skip category (HTTP 429 rate limited: https://en.wikipedia.org/w/api.php?format=json&action=query&list=categorymembers&cmtitle=Category)
    skip category (HTTP 429 rate limited: https://en.wikipedia.org/w/api.php?format=json&action=query&list=categorymembers&cmtitle=Category)
    skip category (HTTP 429 rate limited: https://en.wikipedia.org/w/api.php?format=json&action=query&list=categorymembers&cmtitle=Category)
    skip category (HTTP 429 rate limited: https://en.wikipedia.org/w/api.php?format=json&action=query&list=categorymembers&cmtitle=Category)
    skip category (HTTP 429 rate limited: https://en.wikipedia.org/w/api.php?format=json&action=query&list=categorymembers&cmtitle=Category)
    skip category (HTTP 429 rate limited: https://en.wikipedia.org/w/api.php?format=json&action=query&list=categorymembers&cmtitle=Category)
    skip category (HTTP 429 rate limited: https://en.wikipedia.org/w/api.php?format=json&action=query&list=categorymembers&cmtitle=Category)
    skip category (HTTP 429 rate limited: https://en.wikipedia.org/w/api.php?format=json&action=query&list=categorymembers&cmtitle=Category)
    skip category (HTTP 429 rate limited: https://en.wikipedia.org/w/api.php?format=json&action=query&list=categorymembers&cmtitle=Category)
    skip category (HTTP 429 rate limited: https://en.wikipedia.org/w/api.php?format=json&action=query&list=categorymembers&cmtitle=Category)
    skip category (HTTP 429 rate limited: https://en.wikipedia.org/w/api.php?format=json&action=query&list=categorymembers&cmtitle=Category)
    skip category (HTTP 429 rate limited: https://en.wikipedia.org/w/api.php?format=json&action=query&list=categorymembers&cmtitle=Category)
    skip category (HTTP 429 rate limited: https://en.wikipedia.org/w/api.php?format=json&action=query&list=categorymembers&cmtitle=Category)
    skip category (HTTP 429 rate limited: https://en.wikipedia.org/w/api.php?format=json&action=query&list=categorymembers&cmtitle=Category)
    skip category (HTTP 429 rate limited: https://en.wikipedia.org/w/api.php?format=json&action=query&list=categorymembers&cmtitle=Category)
    skip category (HTTP 429 rate limited: https://en.wikipedia.org/w/api.php?format=json&action=query&list=categorymembers&cmtitle=Category)
    skip category (HTTP 429 rate limited: https://en.wikipedia.org/w/api.php?format=json&action=query&list=categorymembers&cmtitle=Category)
    skip category (HTTP 429 rate limited: https://en.wikipedia.org/w/api.php?format=json&action=query&list=categorymembers&cmtitle=Category)
    skip category (HTTP 429 rate limited: https://en.wikipedia.org/w/api.php?format=json&action=query&list=categorymembers&cmtitle=Category)
    skip category (HTTP 429 rate limited: https://en.wikipedia.org/w/api.php?format=json&action=query&list=categorymembers&cmtitle=Category)
    skip category (HTTP 429 rate limited: https://en.wikipedia.org/w/api.php?format=json&action=query&list=categorymembers&cmtitle=Category)
    skip category (HTTP 429 rate limited: https://en.wikipedia.org/w/api.php?format=json&action=query&list=categorymembers&cmtitle=Category)
    skip category (HTTP 429 rate limited: https://en.wikipedia.org/w/api.php?format=json&action=query&list=categorymembers&cmtitle=Category)
    skip category (HTTP 429 rate limited: https://en.wikipedia.org/w/api.php?format=json&action=query&list=categorymembers&cmtitle=Category)
    skip category (HTTP 429 rate limited: https://en.wikipedia.org/w/api.php?format=json&action=query&list=categorymembers&cmtitle=Category)
    skip category (HTTP 429 rate limited: https://en.wikipedia.org/w/api.php?format=json&action=query&list=categorymembers&cmtitle=Category)
    skip category (HTTP 429 rate limited: https://en.wikipedia.org/w/api.php?format=json&action=query&list=categorymembers&cmtitle=Category)
    skip category (HTTP 429 rate limited: https://en.wikipedia.org/w/api.php?format=json&action=query&list=categorymembers&cmtitle=Category)
    skip category (HTTP 429 rate limited: https://en.wikipedia.org/w/api.php?format=json&action=query&list=categorymembers&cmtitle=Category)
    skip category (HTTP 429 rate limited: https://en.wikipedia.org/w/api.php?format=json&action=query&list=categorymembers&cmtitle=Category)
    skip category (HTTP 429 rate limited: https://en.wikipedia.org/w/api.php?format=json&action=query&list=categorymembers&cmtitle=Category)
    skip category (HTTP 429 rate limited: https://en.wikipedia.org/w/api.php?format=json&action=query&list=categorymembers&cmtitle=Category)
    skip category (HTTP 429 rate limited: https://en.wikipedia.org/w/api.php?format=json&action=query&list=categorymembers&cmtitle=Category)
    skip category (HTTP 429 rate limited: https://en.wikipedia.org/w/api.php?format=json&action=query&list=categorymembers&cmtitle=Category)
    skip category (HTTP 429 rate limited: https://en.wikipedia.org/w/api.php?format=json&action=query&list=categorymembers&cmtitle=Category)
    skip category (HTTP 429 rate limited: https://en.wikipedia.org/w/api.php?format=json&action=query&list=categorymembers&cmtitle=Category)
    skip category (HTTP 429 rate limited: https://en.wikipedia.org/w/api.php?format=json&action=query&list=categorymembers&cmtitle=Category)
    skip category (HTTP 429 rate limited: https://en.wikipedia.org/w/api.php?format=json&action=query&list=categorymembers&cmtitle=Category)
    skip category (HTTP 429 rate limited: https://en.wikipedia.org/w/api.php?format=json&action=query&list=categorymembers&cmtitle=Category)
    skip category (HTTP 429 rate limited: https://en.wikipedia.org/w/api.php?format=json&action=query&list=categorymembers&cmtitle=Category)
    skip category (HTTP 429 rate limited: https://en.wikipedia.org/w/api.php?format=json&action=query&list=categorymembers&cmtitle=Category)
    skip category (HTTP 429 rate limited: https://en.wikipedia.org/w/api.php?format=json&action=query&list=categorymembers&cmtitle=Category)
    skip category (HTTP 429 rate limited: https://en.wikipedia.org/w/api.php?format=json&action=query&list=categorymembers&cmtitle=Category)
    skip category (HTTP 429 rate limited: https://en.wikipedia.org/w/api.php?format=json&action=query&list=categorymembers&cmtitle=Category)
    skip category (HTTP 429 rate limited: https://en.wikipedia.org/w/api.php?format=json&action=query&list=categorymembers&cmtitle=Category)
    skip category (HTTP 429 rate limited: https://en.wikipedia.org/w/api.php?format=json&action=query&list=categorymembers&cmtitle=Category)
    skip category (HTTP 429 rate limited: https://en.wikipedia.org/w/api.php?format=json&action=query&list=categorymembers&cmtitle=Category)
    skip category (HTTP 429 rate limited: https://en.wikipedia.org/w/api.php?format=json&action=query&list=categorymembers&cmtitle=Category)
    skip category (HTTP 429 rate limited: https://en.wikipedia.org/w/api.php?format=json&action=query&list=categorymembers&cmtitle=Category)
    skip category (HTTP 429 rate limited: https://en.wikipedia.org/w/api.php?format=json&action=query&list=categorymembers&cmtitle=Category)
    skip category (HTTP 429 rate limited: https://en.wikipedia.org/w/api.php?format=json&action=query&list=categorymembers&cmtitle=Category)
    skip category (HTTP 429 rate limited: https://en.wikipedia.org/w/api.php?format=json&action=query&list=categorymembers&cmtitle=Category)
    skip category (HTTP 429 rate limited: https://en.wikipedia.org/w/api.php?format=json&action=query&list=categorymembers&cmtitle=Category)
    skip category (HTTP 429 rate limited: https://en.wikipedia.org/w/api.php?format=json&action=query&list=categorymembers&cmtitle=Category)
    skip category (HTTP 429 rate limited: https://en.wikipedia.org/w/api.php?format=json&action=query&list=categorymembers&cmtitle=Category)
    skip category (HTTP 429 rate limited: https://en.wikipedia.org/w/api.php?format=json&action=query&list=categorymembers&cmtitle=Category)
    skip category (HTTP 429 rate limited: https://en.wikipedia.org/w/api.php?format=json&action=query&list=categorymembers&cmtitle=Category)
    skip category (HTTP 429 rate limited: https://en.wikipedia.org/w/api.php?format=json&action=query&list=categorymembers&cmtitle=Category)
    skip category (HTTP 429 rate limited: https://en.wikipedia.org/w/api.php?format=json&action=query&list=categorymembers&cmtitle=Category)
    skip category (HTTP 429 rate limited: https://en.wikipedia.org/w/api.php?format=json&action=query&list=categorymembers&cmtitle=Category)
    skip category (HTTP 429 rate limited: https://en.wikipedia.org/w/api.php?format=json&action=query&list=categorymembers&cmtitle=Category)
    skip category (HTTP 429 rate limited: https://en.wikipedia.org/w/api.php?format=json&action=query&list=categorymembers&cmtitle=Category)
    skip category (HTTP 429 rate limited: https://en.wikipedia.org/w/api.php?format=json&action=query&list=categorymembers&cmtitle=Category)
    skip category (HTTP 429 rate limited: https://en.wikipedia.org/w/api.php?format=json&action=query&list=categorymembers&cmtitle=Category)
    skip category (HTTP 429 rate limited: https://en.wikipedia.org/w/api.php?format=json&action=query&list=categorymembers&cmtitle=Category)
    skip category (HTTP 429 rate limited: https://en.wikipedia.org/w/api.php?format=json&action=query&list=categorymembers&cmtitle=Category)
    skip category (HTTP 429 rate limited: https://en.wikipedia.org/w/api.php?format=json&action=query&list=categorymembers&cmtitle=Category)
    skip category (HTTP 429 rate limited: https://en.wikipedia.org/w/api.php?format=json&action=query&list=categorymembers&cmtitle=Category)
    skip category (HTTP 429 rate limited: https://en.wikipedia.org/w/api.php?format=json&action=query&list=categorymembers&cmtitle=Category)
    skip category (HTTP 429 rate limited: https://en.wikipedia.org/w/api.php?format=json&action=query&list=categorymembers&cmtitle=Category)
    skip category (HTTP 429 rate limited: https://en.wikipedia.org/w/api.php?format=json&action=query&list=categorymembers&cmtitle=Category)
    skip category (HTTP 429 rate limited: https://en.wikipedia.org/w/api.php?format=json&action=query&list=categorymembers&cmtitle=Category)
    skip category (HTTP 429 rate limited: https://en.wikipedia.org/w/api.php?format=json&action=query&list=categorymembers&cmtitle=Category)
    skip category (HTTP 429 rate limited: https://en.wikipedia.org/w/api.php?format=json&action=query&list=categorymembers&cmtitle=Category)
    skip category (HTTP 429 rate limited: https://en.wikipedia.org/w/api.php?format=json&action=query&list=categorymembers&cmtitle=Category)
    skip category (HTTP 429 rate limited: https://en.wikipedia.org/w/api.php?format=json&action=query&list=categorymembers&cmtitle=Category)
    skip category (HTTP 429 rate limited: https://en.wikipedia.org/w/api.php?format=json&action=query&list=categorymembers&cmtitle=Category)
    skip category (HTTP 429 rate limited: https://en.wikipedia.org/w/api.php?format=json&action=query&list=categorymembers&cmtitle=Category)
    skip category (HTTP 429 rate limited: https://en.wikipedia.org/w/api.php?format=json&action=query&list=categorymembers&cmtitle=Category)
    skip category (HTTP 429 rate limited: https://en.wikipedia.org/w/api.php?format=json&action=query&list=categorymembers&cmtitle=Category)
    skip category (HTTP 429 rate limited: https://en.wikipedia.org/w/api.php?format=json&action=query&list=categorymembers&cmtitle=Category)
    skip category (HTTP 429 rate limited: https://en.wikipedia.org/w/api.php?format=json&action=query&list=categorymembers&cmtitle=Category)
    skip category (HTTP 429 rate limited: https://en.wikipedia.org/w/api.php?format=json&action=query&list=categorymembers&cmtitle=Category)
    skip category (HTTP 429 rate limited: https://en.wikipedia.org/w/api.php?format=json&action=query&list=categorymembers&cmtitle=Category)
    skip category (HTTP 429 rate limited: https://en.wikipedia.org/w/api.php?format=json&action=query&list=categorymembers&cmtitle=Category)
    skip category (HTTP 429 rate limited: https://en.wikipedia.org/w/api.php?format=json&action=query&list=categorymembers&cmtitle=Category)
    skip category (HTTP 429 rate limited: https://en.wikipedia.org/w/api.php?format=json&action=query&list=categorymembers&cmtitle=Category)
    skip category (HTTP 429 rate limited: https://en.wikipedia.org/w/api.php?format=json&action=query&list=categorymembers&cmtitle=Category)
    skip category (HTTP 429 rate limited: https://en.wikipedia.org/w/api.php?format=json&action=query&list=categorymembers&cmtitle=Category)
    skip category (HTTP 429 rate limited: https://en.wikipedia.org/w/api.php?format=json&action=query&list=categorymembers&cmtitle=Category)
    skip category (HTTP 429 rate limited: https://en.wikipedia.org/w/api.php?format=json&action=query&list=categorymembers&cmtitle=Category)
    skip category (HTTP 429 rate limited: https://en.wikipedia.org/w/api.php?format=json&action=query&list=categorymembers&cmtitle=Category)
    skip category (HTTP 429 rate limited: https://en.wikipedia.org/w/api.php?format=json&action=query&list=categorymembers&cmtitle=Category)
    skip category (HTTP 429 rate limited: https://en.wikipedia.org/w/api.php?format=json&action=query&list=categorymembers&cmtitle=Category)
    skip category (HTTP 429 rate limited: https://en.wikipedia.org/w/api.php?format=json&action=query&list=categorymembers&cmtitle=Category)
    skip category (HTTP 429 rate limited: https://en.wikipedia.org/w/api.php?format=json&action=query&list=categorymembers&cmtitle=Category)
    skip category (HTTP 429 rate limited: https://en.wikipedia.org/w/api.php?format=json&action=query&list=categorymembers&cmtitle=Category)
    skip category (HTTP 429 rate limited: https://en.wikipedia.org/w/api.php?format=json&action=query&list=categorymembers&cmtitle=Category)
    skip category (HTTP 429 rate limited: https://en.wikipedia.org/w/api.php?format=json&action=query&list=categorymembers&cmtitle=Category)
    skip category (HTTP 429 rate limited: https://en.wikipedia.org/w/api.php?format=json&action=query&list=categorymembers&cmtitle=Category)
    skip category (HTTP 429 rate limited: https://en.wikipedia.org/w/api.php?format=json&action=query&list=categorymembers&cmtitle=Category)
    skip category (HTTP 429 rate limited: https://en.wikipedia.org/w/api.php?format=json&action=query&list=categorymembers&cmtitle=Category)
    skip category (HTTP 429 rate limited: https://en.wikipedia.org/w/api.php?format=json&action=query&list=categorymembers&cmtitle=Category)
    skip category (HTTP 429 rate limited: https://en.wikipedia.org/w/api.php?format=json&action=query&list=categorymembers&cmtitle=Category)
    skip category (HTTP 429 rate limited: https://en.wikipedia.org/w/api.php?format=json&action=query&list=categorymembers&cmtitle=Category)
  intro batch failed: HTTP 429 rate limited: https://en.wikipedia.org/w/api.php?format=json&action=query&titles=BlazBlue&redirects=1&prop=revisions&rvprop=content&rvslots=main
    skip category (HTTP 429 rate limited: https://en.wikipedia.org/w/api.php?format=json&action=query&list=categorymembers&cmtitle=Category)
    skip category (HTTP 429 rate limited: https://en.wikipedia.org/w/api.php?format=json&action=query&list=categorymembers&cmtitle=Category)
    skip category (HTTP 429 rate limited: https://en.wikipedia.org/w/api.php?format=json&action=query&list=categorymembers&cmtitle=Category)
    skip category (HTTP 429 rate limited: https://en.wikipedia.org/w/api.php?format=json&action=query&list=categorymembers&cmtitle=Category)
    skip category (HTTP 429 rate limited: https://en.wikipedia.org/w/api.php?format=json&action=query&list=categorymembers&cmtitle=Category)
    skip category (HTTP 429 rate limited: https://en.wikipedia.org/w/api.php?format=json&action=query&list=categorymembers&cmtitle=Category)
    skip category (HTTP 429 rate limited: https://en.wikipedia.org/w/api.php?format=json&action=query&list=categorymembers&cmtitle=Category)
    skip category (HTTP 429 rate limited: https://en.wikipedia.org/w/api.php?format=json&action=query&list=categorymembers&cmtitle=Category)
    skip category (HTTP 429 rate limited: https://en.wikipedia.org/w/api.php?format=json&action=query&list=categorymembers&cmtitle=Category)
    skip category (HTTP 429 rate limited: https://en.wikipedia.org/w/api.php?format=json&action=query&list=categorymembers&cmtitle=Category)
    skip category (HTTP 429 rate limited: https://en.wikipedia.org/w/api.php?format=json&action=query&list=categorymembers&cmtitle=Category)
    skip category (HTTP 429 rate limited: https://en.wikipedia.org/w/api.php?format=json&action=query&list=categorymembers&cmtitle=Category)
    skip category (HTTP 429 rate limited: https://en.wikipedia.org/w/api.php?format=json&action=query&list=categorymembers&cmtitle=Category)
    skip category (HTTP 429 rate limited: https://en.wikipedia.org/w/api.php?format=json&action=query&list=categorymembers&cmtitle=Category)
    skip category (HTTP 429 rate limited: https://en.wikipedia.org/w/api.php?format=json&action=query&list=categorymembers&cmtitle=Category)
    skip category (HTTP 429 rate limited: https://en.wikipedia.org/w/api.php?format=json&action=query&list=categorymembers&cmtitle=Category)
    skip category (HTTP 429 rate limited: https://en.wikipedia.org/w/api.php?format=json&action=query&list=categorymembers&cmtitle=Category)
    skip category (HTTP 429 rate limited: https://en.wikipedia.org/w/api.php?format=json&action=query&list=categorymembers&cmtitle=Category)
    skip category (HTTP 429 rate limited: https://en.wikipedia.org/w/api.php?format=json&action=query&list=categorymembers&cmtitle=Category)
    skip category (HTTP 429 rate limited: https://en.wikipedia.org/w/api.php?format=json&action=query&list=categorymembers&cmtitle=Category)
    skip category (HTTP 429 rate limited: https://en.wikipedia.org/w/api.php?format=json&action=query&list=categorymembers&cmtitle=Category)
    skip category (HTTP 429 rate limited: https://en.wikipedia.org/w/api.php?format=json&action=query&list=categorymembers&cmtitle=Category)
  intro batch failed: HTTP 429 rate limited: https://en.wikipedia.org/w/api.php?format=json&action=query&titles=Fatal+Fury&redirects=1&prop=revisions&rvprop=content&rvslots=main
    skip category (HTTP 429 rate limited: https://en.wikipedia.org/w/api.php?format=json&action=query&list=categorymembers&cmtitle=Category)
    skip category (HTTP 429 rate limited: https://en.wikipedia.org/w/api.php?format=json&action=query&list=categorymembers&cmtitle=Category)
    skip category (HTTP 429 rate limited: https://en.wikipedia.org/w/api.php?format=json&action=query&list=categorymembers&cmtitle=Category)
    skip category (HTTP 429 rate limited: https://en.wikipedia.org/w/api.php?format=json&action=query&list=categorymembers&cmtitle=Category)
    skip category (HTTP 429 rate limited: https://en.wikipedia.org/w/api.php?format=json&action=query&list=categorymembers&cmtitle=Category)
    skip category (HTTP 429 rate limited: https://en.wikipedia.org/w/api.php?format=json&action=query&list=categorymembers&cmtitle=Category)
    skip category (HTTP 429 rate limited: https://en.wikipedia.org/w/api.php?format=json&action=query&list=categorymembers&cmtitle=Category)
    skip category (HTTP 429 rate limited: https://en.wikipedia.org/w/api.php?format=json&action=query&list=categorymembers&cmtitle=Category)
    skip category (HTTP 429 rate limited: https://en.wikipedia.org/w/api.php?format=json&action=query&list=categorymembers&cmtitle=Category)
    skip category (HTTP 429 rate limited: https://en.wikipedia.org/w/api.php?format=json&action=query&list=categorymembers&cmtitle=Category)
    skip category (HTTP 429 rate limited: https://en.wikipedia.org/w/api.php?format=json&action=query&list=categorymembers&cmtitle=Category)
    skip category (HTTP 429 rate limited: https://en.wikipedia.org/w/api.php?format=json&action=query&list=categorymembers&cmtitle=Category)
    skip category (HTTP 429 rate limited: https://en.wikipedia.org/w/api.php?format=json&action=query&list=categorymembers&cmtitle=Category)
    skip category (HTTP 429 rate limited: https://en.wikipedia.org/w/api.php?format=json&action=query&list=categorymembers&cmtitle=Category)
    skip category (HTTP 429 rate limited: https://en.wikipedia.org/w/api.php?format=json&action=query&list=categorymembers&cmtitle=Category)
    skip category (HTTP 429 rate limited: https://en.wikipedia.org/w/api.php?format=json&action=query&list=categorymembers&cmtitle=Category)
    skip category (HTTP 429 rate limited: https://en.wikipedia.org/w/api.php?format=json&action=query&list=categorymembers&cmtitle=Category)
    skip category (HTTP 429 rate limited: https://en.wikipedia.org/w/api.php?format=json&action=query&list=categorymembers&cmtitle=Category)
    skip category (HTTP 429 rate limited: https://en.wikipedia.org/w/api.php?format=json&action=query&list=categorymembers&cmtitle=Category)
    skip category (HTTP 429 rate limited: https://en.wikipedia.org/w/api.php?format=json&action=query&list=categorymembers&cmtitle=Category)
    skip category (HTTP 429 rate limited: https://en.wikipedia.org/w/api.php?format=json&action=query&list=categorymembers&cmtitle=Category)
    skip category (HTTP 429 rate limited: https://en.wikipedia.org/w/api.php?format=json&action=query&list=categorymembers&cmtitle=Category)
    skip category (HTTP 429 rate limited: https://en.wikipedia.org/w/api.php?format=json&action=query&list=categorymembers&cmtitle=Category)
    skip category (HTTP 429 rate limited: https://en.wikipedia.org/w/api.php?format=json&action=query&list=categorymembers&cmtitle=Category)
    skip category (HTTP 429 rate limited: https://en.wikipedia.org/w/api.php?format=json&action=query&list=categorymembers&cmtitle=Category)
    skip category (HTTP 429 rate limited: https://en.wikipedia.org/w/api.php?format=json&action=query&list=categorymembers&cmtitle=Category)
    skip category (HTTP 429 rate limited: https://en.wikipedia.org/w/api.php?format=json&action=query&list=categorymembers&cmtitle=Category)
    skip category (HTTP 429 rate limited: https://en.wikipedia.org/w/api.php?format=json&action=query&list=categorymembers&cmtitle=Category)
    skip category (HTTP 429 rate limited: https://en.wikipedia.org/w/api.php?format=json&action=query&list=categorymembers&cmtitle=Category)
    skip category (HTTP 429 rate limited: https://en.wikipedia.org/w/api.php?format=json&action=query&list=categorymembers&cmtitle=Category)
    skip category (HTTP 429 rate limited: https://en.wikipedia.org/w/api.php?format=json&action=query&list=categorymembers&cmtitle=Category)
    skip category (HTTP 429 rate limited: https://en.wikipedia.org/w/api.php?format=json&action=query&list=categorymembers&cmtitle=Category)
    skip category (HTTP 429 rate limited: https://en.wikipedia.org/w/api.php?format=json&action=query&list=categorymembers&cmtitle=Category)
    skip category (HTTP 429 rate limited: https://en.wikipedia.org/w/api.php?format=json&action=query&list=categorymembers&cmtitle=Category)
    skip category (HTTP 429 rate limited: https://en.wikipedia.org/w/api.php?format=json&action=query&list=categorymembers&cmtitle=Category)
    skip category (HTTP 429 rate limited: https://en.wikipedia.org/w/api.php?format=json&action=query&list=categorymembers&cmtitle=Category)
    skip category (HTTP 429 rate limited: https://en.wikipedia.org/w/api.php?format=json&action=query&list=categorymembers&cmtitle=Category)
    skip category (HTTP 429 rate limited: https://en.wikipedia.org/w/api.php?format=json&action=query&list=categorymembers&cmtitle=Category)
    skip category (HTTP 429 rate limited: https://en.wikipedia.org/w/api.php?format=json&action=query&list=categorymembers&cmtitle=Category)
    skip category (HTTP 429 rate limited: https://en.wikipedia.org/w/api.php?format=json&action=query&list=categorymembers&cmtitle=Category)
    skip category (HTTP 429 rate limited: https://en.wikipedia.org/w/api.php?format=json&action=query&list=categorymembers&cmtitle=Category)
    skip category (HTTP 429 rate limited: https://en.wikipedia.org/w/api.php?format=json&action=query&list=categorymembers&cmtitle=Category)
  identity batch failed: HTTP 429 rate limited: https://en.wikipedia.org/w/api.php?format=json&action=query&titles=Pied+Piper+of+Hamelin&redirects=1&prop=pageimages%7Cinfo&piprop=thumbnail%7Cname&pithumbsize=180&inprop=url
  intro batch failed: HTTP 429 rate limited: https://en.wikipedia.org/w/api.php?format=json&action=query&titles=Pied+Piper+of+Hamelin&redirects=1&prop=revisions&rvprop=content&rvslots=main
    skip category (HTTP 429 rate limited: https://en.wikipedia.org/w/api.php?format=json&action=query&list=categorymembers&cmtitle=Category)
    skip category (HTTP 429 rate limited: https://en.wikipedia.org/w/api.php?format=json&action=query&list=categorymembers&cmtitle=Category)
    skip category (HTTP 429 rate limited: https://en.wikipedia.org/w/api.php?format=json&action=query&list=categorymembers&cmtitle=Category)
    skip category (HTTP 429 rate limited: https://en.wikipedia.org/w/api.php?format=json&action=query&list=categorymembers&cmtitle=Category)
    skip category (HTTP 429 rate limited: https://en.wikipedia.org/w/api.php?format=json&action=query&list=categorymembers&cmtitle=Category)
    skip category (HTTP 429 rate limited: https://en.wikipedia.org/w/api.php?format=json&action=query&list=categorymembers&cmtitle=Category)
    skip category (HTTP 429 rate limited: https://en.wikipedia.org/w/api.php?format=json&action=query&list=categorymembers&cmtitle=Category)
    skip category (HTTP 429 rate limited: https://en.wikipedia.org/w/api.php?format=json&action=query&list=categorymembers&cmtitle=Category)
    skip category (HTTP 429 rate limited: https://en.wikipedia.org/w/api.php?format=json&action=query&list=categorymembers&cmtitle=Category)
    skip category (HTTP 429 rate limited: https://en.wikipedia.org/w/api.php?format=json&action=query&list=categorymembers&cmtitle=Category)
    skip category (HTTP 429 rate limited: https://en.wikipedia.org/w/api.php?format=json&action=query&list=categorymembers&cmtitle=Category)
    skip category (HTTP 429 rate limited: https://en.wikipedia.org/w/api.php?format=json&action=query&list=categorymembers&cmtitle=Category)
    skip category (HTTP 429 rate limited: https://en.wikipedia.org/w/api.php?format=json&action=query&list=categorymembers&cmtitle=Category)
    skip category (HTTP 429 rate limited: https://en.wikipedia.org/w/api.php?format=json&action=query&list=categorymembers&cmtitle=Category)
    skip category (HTTP 429 rate limited: https://en.wikipedia.org/w/api.php?format=json&action=query&list=categorymembers&cmtitle=Category)
    skip category (HTTP 429 rate limited: https://en.wikipedia.org/w/api.php?format=json&action=query&list=categorymembers&cmtitle=Category)
    skip category (HTTP 429 rate limited: https://en.wikipedia.org/w/api.php?format=json&action=query&list=categorymembers&cmtitle=Category)
    skip category (HTTP 429 rate limited: https://en.wikipedia.org/w/api.php?format=json&action=query&list=categorymembers&cmtitle=Category)
    skip category (HTTP 429 rate limited: https://en.wikipedia.org/w/api.php?format=json&action=query&list=categorymembers&cmtitle=Category)
    skip category (HTTP 429 rate limited: https://en.wikipedia.org/w/api.php?format=json&action=query&list=categorymembers&cmtitle=Category)
    skip category (HTTP 429 rate limited: https://en.wikipedia.org/w/api.php?format=json&action=query&list=categorymembers&cmtitle=Category)
    skip category (HTTP 429 rate limited: https://en.wikipedia.org/w/api.php?format=json&action=query&list=categorymembers&cmtitle=Category)
    skip category (HTTP 429 rate limited: https://en.wikipedia.org/w/api.php?format=json&action=query&list=categorymembers&cmtitle=Category)
    skip category (HTTP 429 rate limited: https://en.wikipedia.org/w/api.php?format=json&action=query&list=categorymembers&cmtitle=Category)
    skip category (HTTP 429 rate limited: https://en.wikipedia.org/w/api.php?format=json&action=query&list=categorymembers&cmtitle=Category)
    skip category (HTTP 429 rate limited: https://en.wikipedia.org/w/api.php?format=json&action=query&list=categorymembers&cmtitle=Category)
    skip category (HTTP 429 rate limited: https://en.wikipedia.org/w/api.php?format=json&action=query&list=categorymembers&cmtitle=Category)
    skip category (HTTP 429 rate limited: https://en.wikipedia.org/w/api.php?format=json&action=query&list=categorymembers&cmtitle=Category)
    skip category (HTTP 429 rate limited: https://en.wikipedia.org/w/api.php?format=json&action=query&list=categorymembers&cmtitle=Category)
    skip category (HTTP 429 rate limited: https://en.wikipedia.org/w/api.php?format=json&action=query&list=categorymembers&cmtitle=Category)
    skip category (HTTP 429 rate limited: https://en.wikipedia.org/w/api.php?format=json&action=query&list=categorymembers&cmtitle=Category)
    skip category (HTTP 429 rate limited: https://en.wikipedia.org/w/api.php?format=json&action=query&list=categorymembers&cmtitle=Category)
    skip category (HTTP 429 rate limited: https://en.wikipedia.org/w/api.php?format=json&action=query&list=categorymembers&cmtitle=Category)
    skip category (HTTP 429 rate limited: https://en.wikipedia.org/w/api.php?format=json&action=query&list=categorymembers&cmtitle=Category)
    skip category (HTTP 429 rate limited: https://en.wikipedia.org/w/api.php?format=json&action=query&list=categorymembers&cmtitle=Category)
    skip category (HTTP 429 rate limited: https://en.wikipedia.org/w/api.php?format=json&action=query&list=categorymembers&cmtitle=Category)
    skip category (HTTP 429 rate limited: https://en.wikipedia.org/w/api.php?format=json&action=query&list=categorymembers&cmtitle=Category)
    skip category (HTTP 429 rate limited: https://en.wikipedia.org/w/api.php?format=json&action=query&list=categorymembers&cmtitle=Category)
    skip category (HTTP 429 rate limited: https://en.wikipedia.org/w/api.php?format=json&action=query&list=categorymembers&cmtitle=Category)
    skip category (HTTP 429 rate limited: https://en.wikipedia.org/w/api.php?format=json&action=query&list=categorymembers&cmtitle=Category)
    skip category (HTTP 429 rate limited: https://en.wikipedia.org/w/api.php?format=json&action=query&list=categorymembers&cmtitle=Category)
    skip category (HTTP 429 rate limited: https://en.wikipedia.org/w/api.php?format=json&action=query&list=categorymembers&cmtitle=Category)
    skip category (HTTP 429 rate limited: https://en.wikipedia.org/w/api.php?format=json&action=query&list=categorymembers&cmtitle=Category)
    skip category (HTTP 429 rate limited: https://en.wikipedia.org/w/api.php?format=json&action=query&list=categorymembers&cmtitle=Category)
    skip category (HTTP 429 rate limited: https://en.wikipedia.org/w/api.php?format=json&action=query&list=categorymembers&cmtitle=Category)
    skip category (HTTP 429 rate limited: https://en.wikipedia.org/w/api.php?format=json&action=query&list=categorymembers&cmtitle=Category)
    skip category (HTTP 429 rate limited: https://en.wikipedia.org/w/api.php?format=json&action=query&list=categorymembers&cmtitle=Category)
    skip category (HTTP 429 rate limited: https://en.wikipedia.org/w/api.php?format=json&action=query&list=categorymembers&cmtitle=Category)
    skip category (HTTP 429 rate limited: https://en.wikipedia.org/w/api.php?format=json&action=query&list=categorymembers&cmtitle=Category)
    skip category (HTTP 429 rate limited: https://en.wikipedia.org/w/api.php?format=json&action=query&list=categorymembers&cmtitle=Category)
    skip category (HTTP 429 rate limited: https://en.wikipedia.org/w/api.php?format=json&action=query&list=categorymembers&cmtitle=Category)
    skip category (HTTP 429 rate limited: https://en.wikipedia.org/w/api.php?format=json&action=query&list=categorymembers&cmtitle=Category)
    skip category (HTTP 429 rate limited: https://en.wikipedia.org/w/api.php?format=json&action=query&list=categorymembers&cmtitle=Category)
    skip category (HTTP 429 rate limited: https://en.wikipedia.org/w/api.php?format=json&action=query&list=categorymembers&cmtitle=Category)
    skip category (HTTP 429 rate limited: https://en.wikipedia.org/w/api.php?format=json&action=query&list=categorymembers&cmtitle=Category)
    skip category (HTTP 429 rate limited: https://en.wikipedia.org/w/api.php?format=json&action=query&list=categorymembers&cmtitle=Category)
    skip category (HTTP 429 rate limited: https://en.wikipedia.org/w/api.php?format=json&action=query&list=categorymembers&cmtitle=Category)
    skip category (HTTP 429 rate limited: https://en.wikipedia.org/w/api.php?format=json&action=query&list=categorymembers&cmtitle=Category)
    skip category (HTTP 429 rate limited: https://en.wikipedia.org/w/api.php?format=json&action=query&list=categorymembers&cmtitle=Category)
    skip category (HTTP 429 rate limited: https://en.wikipedia.org/w/api.php?format=json&action=query&list=categorymembers&cmtitle=Category)
    skip category (HTTP 429 rate limited: https://en.wikipedia.org/w/api.php?format=json&action=query&list=categorymembers&cmtitle=Category)
    skip category (HTTP 429 rate limited: https://en.wikipedia.org/w/api.php?format=json&action=query&list=categorymembers&cmtitle=Category)
    skip category (HTTP 429 rate limited: https://en.wikipedia.org/w/api.php?format=json&action=query&list=categorymembers&cmtitle=Category)
    skip category (HTTP 429 rate limited: https://en.wikipedia.org/w/api.php?format=json&action=query&list=categorymembers&cmtitle=Category)
    skip category (HTTP 429 rate limited: https://en.wikipedia.org/w/api.php?format=json&action=query&list=categorymembers&cmtitle=Category)
    skip category (HTTP 429 rate limited: https://en.wikipedia.org/w/api.php?format=json&action=query&list=categorymembers&cmtitle=Category)
    skip category (HTTP 429 rate limited: https://en.wikipedia.org/w/api.php?format=json&action=query&list=categorymembers&cmtitle=Category)
    skip category (HTTP 429 rate limited: https://en.wikipedia.org/w/api.php?format=json&action=query&list=categorymembers&cmtitle=Category)
    skip category (HTTP 429 rate limited: https://en.wikipedia.org/w/api.php?format=json&action=query&list=categorymembers&cmtitle=Category)
    skip category (HTTP 429 rate limited: https://en.wikipedia.org/w/api.php?format=json&action=query&list=categorymembers&cmtitle=Category)
    skip category (HTTP 429 rate limited: https://en.wikipedia.org/w/api.php?format=json&action=query&list=categorymembers&cmtitle=Category)
    skip category (HTTP 429 rate limited: https://en.wikipedia.org/w/api.php?format=json&action=query&list=categorymembers&cmtitle=Category)
    skip category (HTTP 429 rate limited: https://en.wikipedia.org/w/api.php?format=json&action=query&list=categorymembers&cmtitle=Category)
    skip category (HTTP 429 rate limited: https://en.wikipedia.org/w/api.php?format=json&action=query&list=categorymembers&cmtitle=Category)
    skip category (HTTP 429 rate limited: https://en.wikipedia.org/w/api.php?format=json&action=query&list=categorymembers&cmtitle=Category)
    skip category (HTTP 429 rate limited: https://en.wikipedia.org/w/api.php?format=json&action=query&list=categorymembers&cmtitle=Category)
    skip category (HTTP 429 rate limited: https://en.wikipedia.org/w/api.php?format=json&action=query&list=categorymembers&cmtitle=Category)
    skip category (HTTP 429 rate limited: https://en.wikipedia.org/w/api.php?format=json&action=query&list=categorymembers&cmtitle=Category)
    skip category (HTTP 429 rate limited: https://en.wikipedia.org/w/api.php?format=json&action=query&list=categorymembers&cmtitle=Category)
    skip category (HTTP 429 rate limited: https://en.wikipedia.org/w/api.php?format=json&action=query&list=categorymembers&cmtitle=Category)
    skip category (HTTP 429 rate limited: https://en.wikipedia.org/w/api.php?format=json&action=query&list=categorymembers&cmtitle=Category)
    skip category (HTTP 429 rate limited: https://en.wikipedia.org/w/api.php?format=json&action=query&list=categorymembers&cmtitle=Category)
    skip category (HTTP 429 rate limited: https://en.wikipedia.org/w/api.php?format=json&action=query&list=categorymembers&cmtitle=Category)
    skip category (HTTP 429 rate limited: https://en.wikipedia.org/w/api.php?format=json&action=query&list=categorymembers&cmtitle=Category)
    skip category (HTTP 429 rate limited: https://en.wikipedia.org/w/api.php?format=json&action=query&list=categorymembers&cmtitle=Category)
    skip category (HTTP 429 rate limited: https://en.wikipedia.org/w/api.php?format=json&action=query&list=categorymembers&cmtitle=Category)
    skip category (HTTP 429 rate limited: https://en.wikipedia.org/w/api.php?format=json&action=query&list=categorymembers&cmtitle=Category)
    skip category (HTTP 429 rate limited: https://en.wikipedia.org/w/api.php?format=json&action=query&list=categorymembers&cmtitle=Category)
    skip category (HTTP 429 rate limited: https://en.wikipedia.org/w/api.php?format=json&action=query&list=categorymembers&cmtitle=Category)
    skip category (HTTP 429 rate limited: https://en.wikipedia.org/w/api.php?format=json&action=query&list=categorymembers&cmtitle=Category)
    skip category (HTTP 429 rate limited: https://en.wikipedia.org/w/api.php?format=json&action=query&list=categorymembers&cmtitle=Category)
    skip category (HTTP 429 rate limited: https://en.wikipedia.org/w/api.php?format=json&action=query&list=categorymembers&cmtitle=Category)
    skip category (HTTP 429 rate limited: https://en.wikipedia.org/w/api.php?format=json&action=query&list=categorymembers&cmtitle=Category)
    skip category (HTTP 429 rate limited: https://en.wikipedia.org/w/api.php?format=json&action=query&list=categorymembers&cmtitle=Category)
    skip category (HTTP 429 rate limited: https://en.wikipedia.org/w/api.php?format=json&action=query&list=categorymembers&cmtitle=Category)
    skip category (HTTP 429 rate limited: https://en.wikipedia.org/w/api.php?format=json&action=query&list=categorymembers&cmtitle=Category)
    skip category (HTTP 429 rate limited: https://en.wikipedia.org/w/api.php?format=json&action=query&list=categorymembers&cmtitle=Category)
    skip category (HTTP 429 rate limited: https://en.wikipedia.org/w/api.php?format=json&action=query&list=categorymembers&cmtitle=Category)
    skip category (HTTP 429 rate limited: https://en.wikipedia.org/w/api.php?format=json&action=query&list=categorymembers&cmtitle=Category)
    skip category (HTTP 429 rate limited: https://en.wikipedia.org/w/api.php?format=json&action=query&list=categorymembers&cmtitle=Category)
    skip category (HTTP 429 rate limited: https://en.wikipedia.org/w/api.php?format=json&action=query&list=categorymembers&cmtitle=Category)
    skip category (HTTP 429 rate limited: https://en.wikipedia.org/w/api.php?format=json&action=query&list=categorymembers&cmtitle=Category)
    skip category (HTTP 429 rate limited: https://en.wikipedia.org/w/api.php?format=json&action=query&list=categorymembers&cmtitle=Category)
    skip category (HTTP 429 rate limited: https://en.wikipedia.org/w/api.php?format=json&action=query&list=categorymembers&cmtitle=Category)
    skip category (HTTP 429 rate limited: https://en.wikipedia.org/w/api.php?format=json&action=query&list=categorymembers&cmtitle=Category)
    skip category (HTTP 429 rate limited: https://en.wikipedia.org/w/api.php?format=json&action=query&list=categorymembers&cmtitle=Category)
    skip category (HTTP 429 rate limited: https://en.wikipedia.org/w/api.php?format=json&action=query&list=categorymembers&cmtitle=Category)
    skip category (HTTP 429 rate limited: https://en.wikipedia.org/w/api.php?format=json&action=query&list=categorymembers&cmtitle=Category)
    skip category (HTTP 429 rate limited: https://en.wikipedia.org/w/api.php?format=json&action=query&list=categorymembers&cmtitle=Category)
    skip category (HTTP 429 rate limited: https://en.wikipedia.org/w/api.php?format=json&action=query&list=categorymembers&cmtitle=Category)
    skip category (HTTP 429 rate limited: https://en.wikipedia.org/w/api.php?format=json&action=query&list=categorymembers&cmtitle=Category)
    skip category (HTTP 429 rate limited: https://en.wikipedia.org/w/api.php?format=json&action=query&list=categorymembers&cmtitle=Category)
    skip category (HTTP 429 rate limited: https://en.wikipedia.org/w/api.php?format=json&action=query&list=categorymembers&cmtitle=Category)
    skip category (HTTP 429 rate limited: https://en.wikipedia.org/w/api.php?format=json&action=query&list=categorymembers&cmtitle=Category)
    skip category (HTTP 429 rate limited: https://en.wikipedia.org/w/api.php?format=json&action=query&list=categorymembers&cmtitle=Category)
    skip category (HTTP 429 rate limited: https://en.wikipedia.org/w/api.php?format=json&action=query&list=categorymembers&cmtitle=Category)
    skip category (HTTP 429 rate limited: https://en.wikipedia.org/w/api.php?format=json&action=query&list=categorymembers&cmtitle=Category)
    skip category (HTTP 429 rate limited: https://en.wikipedia.org/w/api.php?format=json&action=query&list=categorymembers&cmtitle=Category)
    skip category (HTTP 429 rate limited: https://en.wikipedia.org/w/api.php?format=json&action=query&list=categorymembers&cmtitle=Category)
    skip category (HTTP 429 rate limited: https://en.wikipedia.org/w/api.php?format=json&action=query&list=categorymembers&cmtitle=Category)
    skip category (HTTP 429 rate limited: https://en.wikipedia.org/w/api.php?format=json&action=query&list=categorymembers&cmtitle=Category)
    skip category (HTTP 429 rate limited: https://en.wikipedia.org/w/api.php?format=json&action=query&list=categorymembers&cmtitle=Category)
    skip category (HTTP 429 rate limited: https://en.wikipedia.org/w/api.php?format=json&action=query&list=categorymembers&cmtitle=Category)
    skip category (HTTP 429 rate limited: https://en.wikipedia.org/w/api.php?format=json&action=query&list=categorymembers&cmtitle=Category)
    skip category (HTTP 429 rate limited: https://en.wikipedia.org/w/api.php?format=json&action=query&list=categorymembers&cmtitle=Category)
    skip category (HTTP 429 rate limited: https://en.wikipedia.org/w/api.php?format=json&action=query&list=categorymembers&cmtitle=Category)
    skip category (HTTP 429 rate limited: https://en.wikipedia.org/w/api.php?format=json&action=query&list=categorymembers&cmtitle=Category)
    skip category (HTTP 429 rate limited: https://en.wikipedia.org/w/api.php?format=json&action=query&list=categorymembers&cmtitle=Category)
    skip category (HTTP 429 rate limited: https://en.wikipedia.org/w/api.php?format=json&action=query&list=categorymembers&cmtitle=Category)
    skip category (HTTP 429 rate limited: https://en.wikipedia.org/w/api.php?format=json&action=query&list=categorymembers&cmtitle=Category)
    skip category (HTTP 429 rate limited: https://en.wikipedia.org/w/api.php?format=json&action=query&list=categorymembers&cmtitle=Category)
    skip category (HTTP 429 rate limited: https://en.wikipedia.org/w/api.php?format=json&action=query&list=categorymembers&cmtitle=Category)
    skip category (HTTP 429 rate limited: https://en.wikipedia.org/w/api.php?format=json&action=query&list=categorymembers&cmtitle=Category)
    skip category (HTTP 429 rate limited: https://en.wikipedia.org/w/api.php?format=json&action=query&list=categorymembers&cmtitle=Category)
    skip category (HTTP 429 rate limited: https://en.wikipedia.org/w/api.php?format=json&action=query&list=categorymembers&cmtitle=Category)
    skip category (HTTP 429 rate limited: https://en.wikipedia.org/w/api.php?format=json&action=query&list=categorymembers&cmtitle=Category)
    skip category (HTTP 429 rate limited: https://en.wikipedia.org/w/api.php?format=json&action=query&list=categorymembers&cmtitle=Category)
    skip category (HTTP 429 rate limited: https://en.wikipedia.org/w/api.php?format=json&action=query&list=categorymembers&cmtitle=Category)
    skip category (HTTP 429 rate limited: https://en.wikipedia.org/w/api.php?format=json&action=query&list=categorymembers&cmtitle=Category)
    skip category (HTTP 429 rate limited: https://en.wikipedia.org/w/api.php?format=json&action=query&list=categorymembers&cmtitle=Category)
    skip category (HTTP 429 rate limited: https://en.wikipedia.org/w/api.php?format=json&action=query&list=categorymembers&cmtitle=Category)
    skip category (HTTP 429 rate limited: https://en.wikipedia.org/w/api.php?format=json&action=query&list=categorymembers&cmtitle=Category)
    skip category (HTTP 429 rate limited: https://en.wikipedia.org/w/api.php?format=json&action=query&list=categorymembers&cmtitle=Category)
    skip category (HTTP 429 rate limited: https://en.wikipedia.org/w/api.php?format=json&action=query&list=categorymembers&cmtitle=Category)
    skip category (HTTP 429 rate limited: https://en.wikipedia.org/w/api.php?format=json&action=query&list=categorymembers&cmtitle=Category)
    skip category (HTTP 429 rate limited: https://en.wikipedia.org/w/api.php?format=json&action=query&list=categorymembers&cmtitle=Category)
    skip category (HTTP 429 rate limited: https://en.wikipedia.org/w/api.php?format=json&action=query&list=categorymembers&cmtitle=Category)
    skip category (HTTP 429 rate limited: https://en.wikipedia.org/w/api.php?format=json&action=query&list=categorymembers&cmtitle=Category)
    skip category (HTTP 429 rate limited: https://en.wikipedia.org/w/api.php?format=json&action=query&list=categorymembers&cmtitle=Category)
    skip category (HTTP 429 rate limited: https://en.wikipedia.org/w/api.php?format=json&action=query&list=categorymembers&cmtitle=Category)
    skip category (HTTP 429 rate limited: https://en.wikipedia.org/w/api.php?format=json&action=query&list=categorymembers&cmtitle=Category)
    skip category (HTTP 429 rate limited: https://en.wikipedia.org/w/api.php?format=json&action=query&list=categorymembers&cmtitle=Category)
    skip category (HTTP 429 rate limited: https://en.wikipedia.org/w/api.php?format=json&action=query&list=categorymembers&cmtitle=Category)
    skip category (HTTP 429 rate limited: https://en.wikipedia.org/w/api.php?format=json&action=query&list=categorymembers&cmtitle=Category)
    skip category (HTTP 429 rate limited: https://en.wikipedia.org/w/api.php?format=json&action=query&list=categorymembers&cmtitle=Category)
    skip category (HTTP 429 rate limited: https://en.wikipedia.org/w/api.php?format=json&action=query&list=categorymembers&cmtitle=Category)
    skip category (HTTP 429 rate limited: https://en.wikipedia.org/w/api.php?format=json&action=query&list=categorymembers&cmtitle=Category)
    skip category (HTTP 429 rate limited: https://en.wikipedia.org/w/api.php?format=json&action=query&list=categorymembers&cmtitle=Category)
    skip category (HTTP 429 rate limited: https://en.wikipedia.org/w/api.php?format=json&action=query&list=categorymembers&cmtitle=Category)
    skip category (HTTP 429 rate limited: https://en.wikipedia.org/w/api.php?format=json&action=query&list=categorymembers&cmtitle=Category)
    skip category (HTTP 429 rate limited: https://en.wikipedia.org/w/api.php?format=json&action=query&list=categorymembers&cmtitle=Category)
    skip category (HTTP 429 rate limited: https://en.wikipedia.org/w/api.php?format=json&action=query&list=categorymembers&cmtitle=Category)
    skip category (HTTP 429 rate limited: https://en.wikipedia.org/w/api.php?format=json&action=query&list=categorymembers&cmtitle=Category)
    skip category (HTTP 429 rate limited: https://en.wikipedia.org/w/api.php?format=json&action=query&list=categorymembers&cmtitle=Category)
    skip category (HTTP 429 rate limited: https://en.wikipedia.org/w/api.php?format=json&action=query&list=categorymembers&cmtitle=Category)
    skip category (HTTP 429 rate limited: https://en.wikipedia.org/w/api.php?format=json&action=query&list=categorymembers&cmtitle=Category)
    skip category (HTTP 429 rate limited: https://en.wikipedia.org/w/api.php?format=json&action=query&list=categorymembers&cmtitle=Category)
    skip category (HTTP 429 rate limited: https://en.wikipedia.org/w/api.php?format=json&action=query&list=categorymembers&cmtitle=Category)
    skip category (HTTP 429 rate limited: https://en.wikipedia.org/w/api.php?format=json&action=query&list=categorymembers&cmtitle=Category)
    skip category (HTTP 429 rate limited: https://en.wikipedia.org/w/api.php?format=json&action=query&list=categorymembers&cmtitle=Category)
    skip category (HTTP 429 rate limited: https://en.wikipedia.org/w/api.php?format=json&action=query&list=categorymembers&cmtitle=Category)
    skip category (HTTP 429 rate limited: https://en.wikipedia.org/w/api.php?format=json&action=query&list=categorymembers&cmtitle=Category)
    skip category (HTTP 429 rate limited: https://en.wikipedia.org/w/api.php?format=json&action=query&list=categorymembers&cmtitle=Category)
    skip category (HTTP 429 rate limited: https://en.wikipedia.org/w/api.php?format=json&action=query&list=categorymembers&cmtitle=Category)
    skip category (HTTP 429 rate limited: https://en.wikipedia.org/w/api.php?format=json&action=query&list=categorymembers&cmtitle=Category)
    skip category (HTTP 429 rate limited: https://en.wikipedia.org/w/api.php?format=json&action=query&list=categorymembers&cmtitle=Category)
    skip category (HTTP 429 rate limited: https://en.wikipedia.org/w/api.php?format=json&action=query&list=categorymembers&cmtitle=Category)
    skip category (HTTP 429 rate limited: https://en.wikipedia.org/w/api.php?format=json&action=query&list=categorymembers&cmtitle=Category)
    skip category (HTTP 429 rate limited: https://en.wikipedia.org/w/api.php?format=json&action=query&list=categorymembers&cmtitle=Category)
    skip category (HTTP 429 rate limited: https://en.wikipedia.org/w/api.php?format=json&action=query&list=categorymembers&cmtitle=Category)
    skip category (HTTP 429 rate limited: https://en.wikipedia.org/w/api.php?format=json&action=query&list=categorymembers&cmtitle=Category)
    skip category (HTTP 429 rate limited: https://en.wikipedia.org/w/api.php?format=json&action=query&list=categorymembers&cmtitle=Category)
    skip category (HTTP 429 rate limited: https://en.wikipedia.org/w/api.php?format=json&action=query&list=categorymembers&cmtitle=Category)
    skip category (HTTP 429 rate limited: https://en.wikipedia.org/w/api.php?format=json&action=query&list=categorymembers&cmtitle=Category)
    skip category (HTTP 429 rate limited: https://en.wikipedia.org/w/api.php?format=json&action=query&list=categorymembers&cmtitle=Category)
    skip category (HTTP 429 rate limited: https://en.wikipedia.org/w/api.php?format=json&action=query&list=categorymembers&cmtitle=Category)
    skip category (HTTP 429 rate limited: https://en.wikipedia.org/w/api.php?format=json&action=query&list=categorymembers&cmtitle=Category)
    skip category (HTTP 429 rate limited: https://en.wikipedia.org/w/api.php?format=json&action=query&list=categorymembers&cmtitle=Category)
    skip category (HTTP 429 rate limited: https://en.wikipedia.org/w/api.php?format=json&action=query&list=categorymembers&cmtitle=Category)
    skip category (HTTP 429 rate limited: https://en.wikipedia.org/w/api.php?format=json&action=query&list=categorymembers&cmtitle=Category)
    skip category (HTTP 429 rate limited: https://en.wikipedia.org/w/api.php?format=json&action=query&list=categorymembers&cmtitle=Category)
    skip category (HTTP 429 rate limited: https://en.wikipedia.org/w/api.php?format=json&action=query&list=categorymembers&cmtitle=Category)
    skip category (HTTP 429 rate limited: https://en.wikipedia.org/w/api.php?format=json&action=query&list=categorymembers&cmtitle=Category)
    skip category (HTTP 429 rate limited: https://en.wikipedia.org/w/api.php?format=json&action=query&list=categorymembers&cmtitle=Category)
    skip category (HTTP 429 rate limited: https://en.wikipedia.org/w/api.php?format=json&action=query&list=categorymembers&cmtitle=Category)
    skip category (HTTP 429 rate limited: https://en.wikipedia.org/w/api.php?format=json&action=query&list=categorymembers&cmtitle=Category)
    skip category (HTTP 429 rate limited: https://en.wikipedia.org/w/api.php?format=json&action=query&list=categorymembers&cmtitle=Category)
    skip category (HTTP 429 rate limited: https://en.wikipedia.org/w/api.php?format=json&action=query&list=categorymembers&cmtitle=Category)
    skip category (HTTP 429 rate limited: https://en.wikipedia.org/w/api.php?format=json&action=query&list=categorymembers&cmtitle=Category)
    skip category (HTTP 429 rate limited: https://en.wikipedia.org/w/api.php?format=json&action=query&list=categorymembers&cmtitle=Category)
    skip category (HTTP 429 rate limited: https://en.wikipedia.org/w/api.php?format=json&action=query&list=categorymembers&cmtitle=Category)
    skip category (HTTP 429 rate limited: https://en.wikipedia.org/w/api.php?format=json&action=query&list=categorymembers&cmtitle=Category)
    skip category (HTTP 429 rate limited: https://en.wikipedia.org/w/api.php?format=json&action=query&list=categorymembers&cmtitle=Category)
    skip category (HTTP 429 rate limited: https://en.wikipedia.org/w/api.php?format=json&action=query&list=categorymembers&cmtitle=Category)
    skip category (HTTP 429 rate limited: https://en.wikipedia.org/w/api.php?format=json&action=query&list=categorymembers&cmtitle=Category)
    skip category (HTTP 429 rate limited: https://en.wikipedia.org/w/api.php?format=json&action=query&list=categorymembers&cmtitle=Category)
    skip category (HTTP 429 rate limited: https://en.wikipedia.org/w/api.php?format=json&action=query&list=categorymembers&cmtitle=Category)
    skip category (HTTP 429 rate limited: https://en.wikipedia.org/w/api.php?format=json&action=query&list=categorymembers&cmtitle=Category)
    skip category (HTTP 429 rate limited: https://en.wikipedia.org/w/api.php?format=json&action=query&list=categorymembers&cmtitle=Category)
    skip category (HTTP 429 rate limited: https://en.wikipedia.org/w/api.php?format=json&action=query&list=categorymembers&cmtitle=Category)
    skip category (HTTP 429 rate limited: https://en.wikipedia.org/w/api.php?format=json&action=query&list=categorymembers&cmtitle=Category)
    skip category (HTTP 429 rate limited: https://en.wikipedia.org/w/api.php?format=json&action=query&list=categorymembers&cmtitle=Category)
    skip category (HTTP 429 rate limited: https://en.wikipedia.org/w/api.php?format=json&action=query&list=categorymembers&cmtitle=Category)
    skip category (HTTP 429 rate limited: https://en.wikipedia.org/w/api.php?format=json&action=query&list=categorymembers&cmtitle=Category)
    skip category (HTTP 429 rate limited: https://en.wikipedia.org/w/api.php?format=json&action=query&list=categorymembers&cmtitle=Category)
    skip category (HTTP 429 rate limited: https://en.wikipedia.org/w/api.php?format=json&action=query&list=categorymembers&cmtitle=Category)
    skip category (HTTP 429 rate limited: https://en.wikipedia.org/w/api.php?format=json&action=query&list=categorymembers&cmtitle=Category)
    skip category (HTTP 429 rate limited: https://en.wikipedia.org/w/api.php?format=json&action=query&list=categorymembers&cmtitle=Category)
    skip category (HTTP 429 rate limited: https://en.wikipedia.org/w/api.php?format=json&action=query&list=categorymembers&cmtitle=Category)
    skip category (HTTP 429 rate limited: https://en.wikipedia.org/w/api.php?format=json&action=query&list=categorymembers&cmtitle=Category)
    skip category (HTTP 429 rate limited: https://en.wikipedia.org/w/api.php?format=json&action=query&list=categorymembers&cmtitle=Category)
    skip category (HTTP 429 rate limited: https://en.wikipedia.org/w/api.php?format=json&action=query&list=categorymembers&cmtitle=Category)
    skip category (HTTP 429 rate limited: https://en.wikipedia.org/w/api.php?format=json&action=query&list=categorymembers&cmtitle=Category)
    skip category (HTTP 429 rate limited: https://en.wikipedia.org/w/api.php?format=json&action=query&list=categorymembers&cmtitle=Category)
    skip category (HTTP 429 rate limited: https://en.wikipedia.org/w/api.php?format=json&action=query&list=categorymembers&cmtitle=Category)
    skip category (HTTP 429 rate limited: https://en.wikipedia.org/w/api.php?format=json&action=query&list=categorymembers&cmtitle=Category)
    skip category (HTTP 429 rate limited: https://en.wikipedia.org/w/api.php?format=json&action=query&list=categorymembers&cmtitle=Category)
    skip category (HTTP 429 rate limited: https://en.wikipedia.org/w/api.php?format=json&action=query&list=categorymembers&cmtitle=Category)
    skip category (HTTP 429 rate limited: https://en.wikipedia.org/w/api.php?format=json&action=query&list=categorymembers&cmtitle=Category)
    skip category (HTTP 429 rate limited: https://en.wikipedia.org/w/api.php?format=json&action=query&list=categorymembers&cmtitle=Category)
    skip category (HTTP 429 rate limited: https://en.wikipedia.org/w/api.php?format=json&action=query&list=categorymembers&cmtitle=Category)
    skip category (HTTP 429 rate limited: https://en.wikipedia.org/w/api.php?format=json&action=query&list=categorymembers&cmtitle=Category)
    skip category (HTTP 429 rate limited: https://en.wikipedia.org/w/api.php?format=json&action=query&list=categorymembers&cmtitle=Category)
    skip category (HTTP 429 rate limited: https://en.wikipedia.org/w/api.php?format=json&action=query&list=categorymembers&cmtitle=Category)
    skip category (HTTP 429 rate limited: https://en.wikipedia.org/w/api.php?format=json&action=query&list=categorymembers&cmtitle=Category)
    skip category (HTTP 429 rate limited: https://en.wikipedia.org/w/api.php?format=json&action=query&list=categorymembers&cmtitle=Category)
    skip category (HTTP 429 rate limited: https://en.wikipedia.org/w/api.php?format=json&action=query&list=categorymembers&cmtitle=Category)
    skip category (HTTP 429 rate limited: https://en.wikipedia.org/w/api.php?format=json&action=query&list=categorymembers&cmtitle=Category)
    skip category (HTTP 429 rate limited: https://en.wikipedia.org/w/api.php?format=json&action=query&list=categorymembers&cmtitle=Category)
    skip category (HTTP 429 rate limited: https://en.wikipedia.org/w/api.php?format=json&action=query&list=categorymembers&cmtitle=Category)
    skip category (HTTP 429 rate limited: https://en.wikipedia.org/w/api.php?format=json&action=query&list=categorymembers&cmtitle=Category)
    skip category (HTTP 429 rate limited: https://en.wikipedia.org/w/api.php?format=json&action=query&list=categorymembers&cmtitle=Category)
    skip category (HTTP 429 rate limited: https://en.wikipedia.org/w/api.php?format=json&action=query&list=categorymembers&cmtitle=Category)
    skip category (HTTP 429 rate limited: https://en.wikipedia.org/w/api.php?format=json&action=query&list=categorymembers&cmtitle=Category)
    skip category (HTTP 429 rate limited: https://en.wikipedia.org/w/api.php?format=json&action=query&list=categorymembers&cmtitle=Category)
    skip category (HTTP 429 rate limited: https://en.wikipedia.org/w/api.php?format=json&action=query&list=categorymembers&cmtitle=Category)
    skip category (HTTP 429 rate limited: https://en.wikipedia.org/w/api.php?format=json&action=query&list=categorymembers&cmtitle=Category)
    skip category (HTTP 429 rate limited: https://en.wikipedia.org/w/api.php?format=json&action=query&list=categorymembers&cmtitle=Category)
    skip category (HTTP 429 rate limited: https://en.wikipedia.org/w/api.php?format=json&action=query&list=categorymembers&cmtitle=Category)
    skip category (HTTP 429 rate limited: https://en.wikipedia.org/w/api.php?format=json&action=query&list=categorymembers&cmtitle=Category)
    skip category (HTTP 429 rate limited: https://en.wikipedia.org/w/api.php?format=json&action=query&list=categorymembers&cmtitle=Category)
    skip category (HTTP 429 rate limited: https://en.wikipedia.org/w/api.php?format=json&action=query&list=categorymembers&cmtitle=Category)
    skip category (HTTP 429 rate limited: https://en.wikipedia.org/w/api.php?format=json&action=query&list=categorymembers&cmtitle=Category)
    skip category (HTTP 429 rate limited: https://en.wikipedia.org/w/api.php?format=json&action=query&list=categorymembers&cmtitle=Category)
    skip category (HTTP 429 rate limited: https://en.wikipedia.org/w/api.php?format=json&action=query&list=categorymembers&cmtitle=Category)
    skip category (HTTP 429 rate limited: https://en.wikipedia.org/w/api.php?format=json&action=query&list=categorymembers&cmtitle=Category)
    skip category (HTTP 429 rate limited: https://en.wikipedia.org/w/api.php?format=json&action=query&list=categorymembers&cmtitle=Category)
    skip category (HTTP 429 rate limited: https://en.wikipedia.org/w/api.php?format=json&action=query&list=categorymembers&cmtitle=Category)
    skip category (HTTP 429 rate limited: https://en.wikipedia.org/w/api.php?format=json&action=query&list=categorymembers&cmtitle=Category)
    skip category (HTTP 429 rate limited: https://en.wikipedia.org/w/api.php?format=json&action=query&list=categorymembers&cmtitle=Category)
    skip category (HTTP 429 rate limited: https://en.wikipedia.org/w/api.php?format=json&action=query&list=categorymembers&cmtitle=Category)
    skip category (HTTP 429 rate limited: https://en.wikipedia.org/w/api.php?format=json&action=query&list=categorymembers&cmtitle=Category)
    skip category (HTTP 429 rate limited: https://en.wikipedia.org/w/api.php?format=json&action=query&list=categorymembers&cmtitle=Category)
    skip category (HTTP 429 rate limited: https://en.wikipedia.org/w/api.php?format=json&action=query&list=categorymembers&cmtitle=Category)
    skip category (HTTP 429 rate limited: https://en.wikipedia.org/w/api.php?format=json&action=query&list=categorymembers&cmtitle=Category)
    skip category (HTTP 429 rate limited: https://en.wikipedia.org/w/api.php?format=json&action=query&list=categorymembers&cmtitle=Category)
    skip category (HTTP 429 rate limited: https://en.wikipedia.org/w/api.php?format=json&action=query&list=categorymembers&cmtitle=Category)
    skip category (HTTP 429 rate limited: https://en.wikipedia.org/w/api.php?format=json&action=query&list=categorymembers&cmtitle=Category)
    skip category (HTTP 429 rate limited: https://en.wikipedia.org/w/api.php?format=json&action=query&list=categorymembers&cmtitle=Category)
    skip category (HTTP 429 rate limited: https://en.wikipedia.org/w/api.php?format=json&action=query&list=categorymembers&cmtitle=Category)
    skip category (HTTP 429 rate limited: https://en.wikipedia.org/w/api.php?format=json&action=query&list=categorymembers&cmtitle=Category)
    skip category (HTTP 429 rate limited: https://en.wikipedia.org/w/api.php?format=json&action=query&list=categorymembers&cmtitle=Category)
    skip category (HTTP 429 rate limited: https://en.wikipedia.org/w/api.php?format=json&action=query&list=categorymembers&cmtitle=Category)
    skip category (HTTP 429 rate limited: https://en.wikipedia.org/w/api.php?format=json&action=query&list=categorymembers&cmtitle=Category)
    skip category (HTTP 429 rate limited: https://en.wikipedia.org/w/api.php?format=json&action=query&list=categorymembers&cmtitle=Category)
    skip category (HTTP 429 rate limited: https://en.wikipedia.org/w/api.php?format=json&action=query&list=categorymembers&cmtitle=Category)
    skip category (HTTP 429 rate limited: https://en.wikipedia.org/w/api.php?format=json&action=query&list=categorymembers&cmtitle=Category)
    skip category (HTTP 429 rate limited: https://en.wikipedia.org/w/api.php?format=json&action=query&list=categorymembers&cmtitle=Category)
    skip category (HTTP 429 rate limited: https://en.wikipedia.org/w/api.php?format=json&action=query&list=categorymembers&cmtitle=Category)
    skip category (HTTP 429 rate limited: https://en.wikipedia.org/w/api.php?format=json&action=query&list=categorymembers&cmtitle=Category)
    skip category (HTTP 429 rate limited: https://en.wikipedia.org/w/api.php?format=json&action=query&list=categorymembers&cmtitle=Category)
    skip category (HTTP 429 rate limited: https://en.wikipedia.org/w/api.php?format=json&action=query&list=categorymembers&cmtitle=Category)
    skip category (HTTP 429 rate limited: https://en.wikipedia.org/w/api.php?format=json&action=query&list=categorymembers&cmtitle=Category)
    skip category (HTTP 429 rate limited: https://en.wikipedia.org/w/api.php?format=json&action=query&list=categorymembers&cmtitle=Category)
    skip category (HTTP 429 rate limited: https://en.wikipedia.org/w/api.php?format=json&action=query&list=categorymembers&cmtitle=Category)
    skip category (HTTP 429 rate limited: https://en.wikipedia.org/w/api.php?format=json&action=query&list=categorymembers&cmtitle=Category)
    skip category (HTTP 429 rate limited: https://en.wikipedia.org/w/api.php?format=json&action=query&list=categorymembers&cmtitle=Category)
    skip category (HTTP 429 rate limited: https://en.wikipedia.org/w/api.php?format=json&action=query&list=categorymembers&cmtitle=Category)
    skip category (HTTP 429 rate limited: https://en.wikipedia.org/w/api.php?format=json&action=query&list=categorymembers&cmtitle=Category)
    skip category (HTTP 429 rate limited: https://en.wikipedia.org/w/api.php?format=json&action=query&list=categorymembers&cmtitle=Category)
    skip category (HTTP 429 rate limited: https://en.wikipedia.org/w/api.php?format=json&action=query&list=categorymembers&cmtitle=Category)
    skip category (HTTP 429 rate limited: https://en.wikipedia.org/w/api.php?format=json&action=query&list=categorymembers&cmtitle=Category)
    skip category (HTTP 429 rate limited: https://en.wikipedia.org/w/api.php?format=json&action=query&list=categorymembers&cmtitle=Category)
    skip category (HTTP 429 rate limited: https://en.wikipedia.org/w/api.php?format=json&action=query&list=categorymembers&cmtitle=Category)
    skip category (HTTP 429 rate limited: https://en.wikipedia.org/w/api.php?format=json&action=query&list=categorymembers&cmtitle=Category)
    skip category (HTTP 429 rate limited: https://en.wikipedia.org/w/api.php?format=json&action=query&list=categorymembers&cmtitle=Category)
    skip category (HTTP 429 rate limited: https://en.wikipedia.org/w/api.php?format=json&action=query&list=categorymembers&cmtitle=Category)
    skip category (HTTP 429 rate limited: https://en.wikipedia.org/w/api.php?format=json&action=query&list=categorymembers&cmtitle=Category)
    skip category (HTTP 429 rate limited: https://en.wikipedia.org/w/api.php?format=json&action=query&list=categorymembers&cmtitle=Category)
    skip category (HTTP 429 rate limited: https://en.wikipedia.org/w/api.php?format=json&action=query&list=categorymembers&cmtitle=Category)
    skip category (HTTP 429 rate limited: https://en.wikipedia.org/w/api.php?format=json&action=query&list=categorymembers&cmtitle=Category)
    skip category (HTTP 429 rate limited: https://en.wikipedia.org/w/api.php?format=json&action=query&list=categorymembers&cmtitle=Category)
    skip category (HTTP 429 rate limited: https://en.wikipedia.org/w/api.php?format=json&action=query&list=categorymembers&cmtitle=Category)
    skip category (HTTP 429 rate limited: https://en.wikipedia.org/w/api.php?format=json&action=query&list=categorymembers&cmtitle=Category)
  identity batch failed: HTTP 429 rate limited: https://en.wikipedia.org/w/api.php?format=json&action=query&titles=Lucy+Heartfilia&redirects=1&prop=pageimages%7Cinfo&piprop=thumbnail%7Cname&pithumbsize=180&inprop=url
  intro batch failed: HTTP 429 rate limited: https://en.wikipedia.org/w/api.php?format=json&action=query&titles=Lucy+Heartfilia&redirects=1&prop=revisions&rvprop=content&rvslots=main
  [rich] Fandom batch failed: HTTP 429 rate limited: https://en.wikipedia.org/w/api.php?format=json&action=query&titles=Lucy+Heartfilia&redirects=1&prop=revisions&rvprop=content&rvslots=main
  [rich] Wikipedia batch failed: HTTP 429 for https://en.wikipedia.org/w/api.php?action=query&format=json&origin=*&titles=Lucy+Heartfilia&redirects=1&prop=extracts&explaintext=1&exintro=1&exlimit=max: You are making too many requests to the API.
Please follow the best practices at <https://www.mediawiki.org/wiki/Wikimedia_APIs/Rate_limits>.
If you are unsure how to get the access you need, contact 
  [rich] Wikipedia batch failed: HTTP 429 for https://en.wikipedia.org/w/api.php?action=query&format=json&origin=*&titles=Lucy+Heartfilia&redirects=1&prop=extracts&explaintext=1&exintro=1&exlimit=max: You are making too many requests to the API.
Please follow the best practices at <https://www.mediawiki.org/wiki/Wikimedia_APIs/Rate_limits>.
If you are unsure how to get the access you need, contact 
    skip category (HTTP 429 rate limited: https://en.wikipedia.org/w/api.php?format=json&action=query&list=categorymembers&cmtitle=Category)
    skip category (HTTP 429 rate limited: https://en.wikipedia.org/w/api.php?format=json&action=query&list=categorymembers&cmtitle=Category)
    skip category (HTTP 429 rate limited: https://en.wikipedia.org/w/api.php?format=json&action=query&list=categorymembers&cmtitle=Category)
    skip category (HTTP 429 rate limited: https://en.wikipedia.org/w/api.php?format=json&action=query&list=categorymembers&cmtitle=Category)
    skip category (HTTP 429 rate limited: https://en.wikipedia.org/w/api.php?format=json&action=query&list=categorymembers&cmtitle=Category)
    skip category (HTTP 429 rate limited: https://en.wikipedia.org/w/api.php?format=json&action=query&list=categorymembers&cmtitle=Category)
    skip category (HTTP 429 rate limited: https://en.wikipedia.org/w/api.php?format=json&action=query&list=categorymembers&cmtitle=Category)
    skip category (HTTP 429 rate limited: https://en.wikipedia.org/w/api.php?format=json&action=query&list=categorymembers&cmtitle=Category)
    skip category (HTTP 429 rate limited: https://en.wikipedia.org/w/api.php?format=json&action=query&list=categorymembers&cmtitle=Category)
    skip category (HTTP 429 rate limited: https://en.wikipedia.org/w/api.php?format=json&action=query&list=categorymembers&cmtitle=Category)
    skip category (HTTP 429 rate limited: https://en.wikipedia.org/w/api.php?format=json&action=query&list=categorymembers&cmtitle=Category)
    skip category (HTTP 429 rate limited: https://en.wikipedia.org/w/api.php?format=json&action=query&list=categorymembers&cmtitle=Category)
  intro batch failed: HTTP 429 rate limited: https://en.wikipedia.org/w/api.php?format=json&action=query&titles=Vinland+Saga+%28manga%29&redirects=1&prop=revisions&rvprop=content&rvslots=main
    skip category (HTTP 429 rate limited: https://en.wikipedia.org/w/api.php?format=json&action=query&list=categorymembers&cmtitle=Category)
    skip category (HTTP 429 rate limited: https://en.wikipedia.org/w/api.php?format=json&action=query&list=categorymembers&cmtitle=Category)
    skip category (HTTP 429 rate limited: https://en.wikipedia.org/w/api.php?format=json&action=query&list=categorymembers&cmtitle=Category)
    skip category (HTTP 429 rate limited: https://en.wikipedia.org/w/api.php?format=json&action=query&list=categorymembers&cmtitle=Category)
    skip category (HTTP 429 rate limited: https://en.wikipedia.org/w/api.php?format=json&action=query&list=categorymembers&cmtitle=Category)
    skip category (HTTP 429 rate limited: https://en.wikipedia.org/w/api.php?format=json&action=query&list=categorymembers&cmtitle=Category)
    skip category (HTTP 429 rate limited: https://en.wikipedia.org/w/api.php?format=json&action=query&list=categorymembers&cmtitle=Category)
    skip category (HTTP 429 rate limited: https://en.wikipedia.org/w/api.php?format=json&action=query&list=categorymembers&cmtitle=Category)
    skip category (HTTP 429 rate limited: https://en.wikipedia.org/w/api.php?format=json&action=query&list=categorymembers&cmtitle=Category)
    skip category (HTTP 429 rate limited: https://en.wikipedia.org/w/api.php?format=json&action=query&list=categorymembers&cmtitle=Category)
    skip category (HTTP 429 rate limited: https://en.wikipedia.org/w/api.php?format=json&action=query&list=categorymembers&cmtitle=Category)
    skip category (HTTP 429 rate limited: https://en.wikipedia.org/w/api.php?format=json&action=query&list=categorymembers&cmtitle=Category)
    skip category (HTTP 429 rate limited: https://en.wikipedia.org/w/api.php?format=json&action=query&list=categorymembers&cmtitle=Category)
    skip category (HTTP 429 rate limited: https://en.wikipedia.org/w/api.php?format=json&action=query&list=categorymembers&cmtitle=Category)
    skip category (HTTP 429 rate limited: https://en.wikipedia.org/w/api.php?format=json&action=query&list=categorymembers&cmtitle=Category)
    skip category (HTTP 429 rate limited: https://en.wikipedia.org/w/api.php?format=json&action=query&list=categorymembers&cmtitle=Category)
    skip category (HTTP 429 rate limited: https://en.wikipedia.org/w/api.php?format=json&action=query&list=categorymembers&cmtitle=Category)
    skip category (HTTP 429 rate limited: https://en.wikipedia.org/w/api.php?format=json&action=query&list=categorymembers&cmtitle=Category)
    skip category (HTTP 429 rate limited: https://en.wikipedia.org/w/api.php?format=json&action=query&list=categorymembers&cmtitle=Category)
    skip category (HTTP 429 rate limited: https://en.wikipedia.org/w/api.php?format=json&action=query&list=categorymembers&cmtitle=Category)
    skip category (HTTP 429 rate limited: https://en.wikipedia.org/w/api.php?format=json&action=query&list=categorymembers&cmtitle=Category)
    skip category (HTTP 429 rate limited: https://en.wikipedia.org/w/api.php?format=json&action=query&list=categorymembers&cmtitle=Category)
    skip category (HTTP 429 rate limited: https://en.wikipedia.org/w/api.php?format=json&action=query&list=categorymembers&cmtitle=Category)
    skip category (HTTP 429 rate limited: https://en.wikipedia.org/w/api.php?format=json&action=query&list=categorymembers&cmtitle=Category)
    skip category (HTTP 429 rate limited: https://en.wikipedia.org/w/api.php?format=json&action=query&list=categorymembers&cmtitle=Category)
    skip category (HTTP 429 rate limited: https://en.wikipedia.org/w/api.php?format=json&action=query&list=categorymembers&cmtitle=Category)
    skip category (HTTP 429 rate limited: https://en.wikipedia.org/w/api.php?format=json&action=query&list=categorymembers&cmtitle=Category)
    skip category (HTTP 429 rate limited: https://en.wikipedia.org/w/api.php?format=json&action=query&list=categorymembers&cmtitle=Category)
    skip category (HTTP 429 rate limited: https://en.wikipedia.org/w/api.php?format=json&action=query&list=categorymembers&cmtitle=Category)
    skip category (HTTP 429 rate limited: https://en.wikipedia.org/w/api.php?format=json&action=query&list=categorymembers&cmtitle=Category)
    skip category (HTTP 429 rate limited: https://en.wikipedia.org/w/api.php?format=json&action=query&list=categorymembers&cmtitle=Category)
    skip category (HTTP 429 rate limited: https://en.wikipedia.org/w/api.php?format=json&action=query&list=categorymembers&cmtitle=Category)
    skip category (HTTP 429 rate limited: https://en.wikipedia.org/w/api.php?format=json&action=query&list=categorymembers&cmtitle=Category)
    skip category (HTTP 429 rate limited: https://en.wikipedia.org/w/api.php?format=json&action=query&list=categorymembers&cmtitle=Category)
    skip category (HTTP 429 rate limited: https://en.wikipedia.org/w/api.php?format=json&action=query&list=categorymembers&cmtitle=Category)
    skip category (HTTP 429 rate limited: https://en.wikipedia.org/w/api.php?format=json&action=query&list=categorymembers&cmtitle=Category)
    skip category (HTTP 429 rate limited: https://en.wikipedia.org/w/api.php?format=json&action=query&list=categorymembers&cmtitle=Category)
    skip category (HTTP 429 rate limited: https://en.wikipedia.org/w/api.php?format=json&action=query&list=categorymembers&cmtitle=Category)
    skip category (HTTP 429 rate limited: https://en.wikipedia.org/w/api.php?format=json&action=query&list=categorymembers&cmtitle=Category)
    skip category (HTTP 429 rate limited: https://en.wikipedia.org/w/api.php?format=json&action=query&list=categorymembers&cmtitle=Category)
    skip category (HTTP 429 rate limited: https://en.wikipedia.org/w/api.php?format=json&action=query&list=categorymembers&cmtitle=Category)
    skip category (HTTP 429 rate limited: https://en.wikipedia.org/w/api.php?format=json&action=query&list=categorymembers&cmtitle=Category)
    skip category (HTTP 429 rate limited: https://en.wikipedia.org/w/api.php?format=json&action=query&list=categorymembers&cmtitle=Category)
    skip category (HTTP 429 rate limited: https://en.wikipedia.org/w/api.php?format=json&action=query&list=categorymembers&cmtitle=Category)
    skip category (HTTP 429 rate limited: https://en.wikipedia.org/w/api.php?format=json&action=query&list=categorymembers&cmtitle=Category)
    skip category (HTTP 429 rate limited: https://en.wikipedia.org/w/api.php?format=json&action=query&list=categorymembers&cmtitle=Category)
    skip category (HTTP 429 rate limited: https://en.wikipedia.org/w/api.php?format=json&action=query&list=categorymembers&cmtitle=Category)
    skip category (HTTP 429 rate limited: https://en.wikipedia.org/w/api.php?format=json&action=query&list=categorymembers&cmtitle=Category)
    skip category (HTTP 429 rate limited: https://en.wikipedia.org/w/api.php?format=json&action=query&list=categorymembers&cmtitle=Category)
    skip category (HTTP 429 rate limited: https://en.wikipedia.org/w/api.php?format=json&action=query&list=categorymembers&cmtitle=Category)
    skip category (HTTP 429 rate limited: https://en.wikipedia.org/w/api.php?format=json&action=query&list=categorymembers&cmtitle=Category)
    skip category (HTTP 429 rate limited: https://en.wikipedia.org/w/api.php?format=json&action=query&list=categorymembers&cmtitle=Category)
    skip category (HTTP 429 rate limited: https://en.wikipedia.org/w/api.php?format=json&action=query&list=categorymembers&cmtitle=Category)
    skip category (HTTP 429 rate limited: https://en.wikipedia.org/w/api.php?format=json&action=query&list=categorymembers&cmtitle=Category)
    skip category (HTTP 429 rate limited: https://en.wikipedia.org/w/api.php?format=json&action=query&list=categorymembers&cmtitle=Category)
    skip category (HTTP 429 rate limited: https://en.wikipedia.org/w/api.php?format=json&action=query&list=categorymembers&cmtitle=Category)
  identity batch failed: HTTP 429 rate limited: https://en.wikipedia.org/w/api.php?format=json&action=query&titles=His+Dark+Materials&redirects=1&prop=pageimages%7Cinfo&piprop=thumbnail%7Cname&pithumbsize=180&inprop=url
  intro batch failed: HTTP 429 rate limited: https://en.wikipedia.org/w/api.php?format=json&action=query&titles=His+Dark+Materials&redirects=1&prop=revisions&rvprop=content&rvslots=main
    skip category (HTTP 429 rate limited: https://en.wikipedia.org/w/api.php?format=json&action=query&list=categorymembers&cmtitle=Category)
    skip category (HTTP 429 rate limited: https://en.wikipedia.org/w/api.php?format=json&action=query&list=categorymembers&cmtitle=Category)
    skip category (HTTP 429 rate limited: https://en.wikipedia.org/w/api.php?format=json&action=query&list=categorymembers&cmtitle=Category)
    skip category (HTTP 429 rate limited: https://en.wikipedia.org/w/api.php?format=json&action=query&list=categorymembers&cmtitle=Category)
    skip category (HTTP 429 rate limited: https://en.wikipedia.org/w/api.php?format=json&action=query&list=categorymembers&cmtitle=Category)
    skip category (HTTP 429 rate limited: https://en.wikipedia.org/w/api.php?format=json&action=query&list=categorymembers&cmtitle=Category)
    skip category (HTTP 429 rate limited: https://en.wikipedia.org/w/api.php?format=json&action=query&list=categorymembers&cmtitle=Category)
    skip category (HTTP 429 rate limited: https://en.wikipedia.org/w/api.php?format=json&action=query&list=categorymembers&cmtitle=Category)
    skip category (HTTP 429 rate limited: https://en.wikipedia.org/w/api.php?format=json&action=query&list=categorymembers&cmtitle=Category)
    skip category (HTTP 429 rate limited: https://en.wikipedia.org/w/api.php?format=json&action=query&list=categorymembers&cmtitle=Category)
    skip category (HTTP 429 rate limited: https://en.wikipedia.org/w/api.php?format=json&action=query&list=categorymembers&cmtitle=Category)
    skip category (HTTP 429 rate limited: https://en.wikipedia.org/w/api.php?format=json&action=query&list=categorymembers&cmtitle=Category)
    skip category (HTTP 429 rate limited: https://en.wikipedia.org/w/api.php?format=json&action=query&list=categorymembers&cmtitle=Category)
    skip category (HTTP 429 rate limited: https://en.wikipedia.org/w/api.php?format=json&action=query&list=categorymembers&cmtitle=Category)
    skip category (HTTP 429 rate limited: https://en.wikipedia.org/w/api.php?format=json&action=query&list=categorymembers&cmtitle=Category)
    skip category (HTTP 429 rate limited: https://en.wikipedia.org/w/api.php?format=json&action=query&list=categorymembers&cmtitle=Category)
    skip category (HTTP 429 rate limited: https://en.wikipedia.org/w/api.php?format=json&action=query&list=categorymembers&cmtitle=Category)
    skip category (HTTP 429 rate limited: https://en.wikipedia.org/w/api.php?format=json&action=query&list=categorymembers&cmtitle=Category)
    skip category (HTTP 429 rate limited: https://en.wikipedia.org/w/api.php?format=json&action=query&list=categorymembers&cmtitle=Category)
    skip category (HTTP 429 rate limited: https://en.wikipedia.org/w/api.php?format=json&action=query&list=categorymembers&cmtitle=Category)
    skip category (HTTP 429 rate limited: https://en.wikipedia.org/w/api.php?format=json&action=query&list=categorymembers&cmtitle=Category)
    skip category (HTTP 429 rate limited: https://en.wikipedia.org/w/api.php?format=json&action=query&list=categorymembers&cmtitle=Category)
    skip category (HTTP 429 rate limited: https://en.wikipedia.org/w/api.php?format=json&action=query&list=categorymembers&cmtitle=Category)
    skip category (HTTP 429 rate limited: https://en.wikipedia.org/w/api.php?format=json&action=query&list=categorymembers&cmtitle=Category)
    skip category (HTTP 429 rate limited: https://en.wikipedia.org/w/api.php?format=json&action=query&list=categorymembers&cmtitle=Category)
    skip category (HTTP 429 rate limited: https://en.wikipedia.org/w/api.php?format=json&action=query&list=categorymembers&cmtitle=Category)
    skip category (HTTP 429 rate limited: https://en.wikipedia.org/w/api.php?format=json&action=query&list=categorymembers&cmtitle=Category)
    skip category (HTTP 429 rate limited: https://en.wikipedia.org/w/api.php?format=json&action=query&list=categorymembers&cmtitle=Category)
    skip category (HTTP 429 rate limited: https://en.wikipedia.org/w/api.php?format=json&action=query&list=categorymembers&cmtitle=Category)
    skip category (HTTP 429 rate limited: https://en.wikipedia.org/w/api.php?format=json&action=query&list=categorymembers&cmtitle=Category)
    skip category (HTTP 429 rate limited: https://en.wikipedia.org/w/api.php?format=json&action=query&list=categorymembers&cmtitle=Category)
    skip category (HTTP 429 rate limited: https://en.wikipedia.org/w/api.php?format=json&action=query&list=categorymembers&cmtitle=Category)
    skip category (HTTP 429 rate limited: https://en.wikipedia.org/w/api.php?format=json&action=query&list=categorymembers&cmtitle=Category)
    skip category (HTTP 429 rate limited: https://en.wikipedia.org/w/api.php?format=json&action=query&list=categorymembers&cmtitle=Category)
    skip category (HTTP 429 rate limited: https://en.wikipedia.org/w/api.php?format=json&action=query&list=categorymembers&cmtitle=Category)
    skip category (HTTP 429 rate limited: https://en.wikipedia.org/w/api.php?format=json&action=query&list=categorymembers&cmtitle=Category)
  identity batch failed: HTTP 429 rate limited: https://en.wikipedia.org/w/api.php?format=json&action=query&titles=John+Wick&redirects=1&prop=pageimages%7Cinfo&piprop=thumbnail%7Cname&pithumbsize=180&inprop=url
  intro batch failed: HTTP 429 rate limited: https://en.wikipedia.org/w/api.php?format=json&action=query&titles=John+Wick&redirects=1&prop=revisions&rvprop=content&rvslots=main
    skip category (HTTP 429 rate limited: https://en.wikipedia.org/w/api.php?format=json&action=query&list=categorymembers&cmtitle=Category)
    skip category (HTTP 429 rate limited: https://en.wikipedia.org/w/api.php?format=json&action=query&list=categorymembers&cmtitle=Category)
    skip category (HTTP 429 rate limited: https://en.wikipedia.org/w/api.php?format=json&action=query&list=categorymembers&cmtitle=Category)
    skip category (HTTP 429 rate limited: https://en.wikipedia.org/w/api.php?format=json&action=query&list=categorymembers&cmtitle=Category)
    skip category (HTTP 429 rate limited: https://en.wikipedia.org/w/api.php?format=json&action=query&list=categorymembers&cmtitle=Category)
    skip category (HTTP 429 rate limited: https://en.wikipedia.org/w/api.php?format=json&action=query&list=categorymembers&cmtitle=Category)
    skip category (HTTP 429 rate limited: https://en.wikipedia.org/w/api.php?format=json&action=query&list=categorymembers&cmtitle=Category)
    skip category (HTTP 429 rate limited: https://en.wikipedia.org/w/api.php?format=json&action=query&list=categorymembers&cmtitle=Category)
    skip category (HTTP 429 rate limited: https://en.wikipedia.org/w/api.php?format=json&action=query&list=categorymembers&cmtitle=Category)
  intro batch failed: HTTP 429 rate limited: https://en.wikipedia.org/w/api.php?format=json&action=query&titles=Pirates+of+the+Caribbean&redirects=1&prop=revisions&rvprop=content&rvslots=main
    skip category (HTTP 429 rate limited: https://en.wikipedia.org/w/api.php?format=json&action=query&list=categorymembers&cmtitle=Category)
    skip category (HTTP 429 rate limited: https://en.wikipedia.org/w/api.php?format=json&action=query&list=categorymembers&cmtitle=Category)
    skip category (HTTP 429 rate limited: https://en.wikipedia.org/w/api.php?format=json&action=query&list=categorymembers&cmtitle=Category)
    skip category (HTTP 429 rate limited: https://en.wikipedia.org/w/api.php?format=json&action=query&list=categorymembers&cmtitle=Category)
    skip category (HTTP 429 rate limited: https://en.wikipedia.org/w/api.php?format=json&action=query&list=categorymembers&cmtitle=Category)
    skip category (HTTP 429 rate limited: https://en.wikipedia.org/w/api.php?format=json&action=query&list=categorymembers&cmtitle=Category)
    skip category (HTTP 429 rate limited: https://en.wikipedia.org/w/api.php?format=json&action=query&list=categorymembers&cmtitle=Category)
    skip category (HTTP 429 rate limited: https://en.wikipedia.org/w/api.php?format=json&action=query&list=categorymembers&cmtitle=Category)
    skip category (HTTP 429 rate limited: https://en.wikipedia.org/w/api.php?format=json&action=query&list=categorymembers&cmtitle=Category)
    skip category (HTTP 429 rate limited: https://en.wikipedia.org/w/api.php?format=json&action=query&list=categorymembers&cmtitle=Category)
    skip category (HTTP 429 rate limited: https://en.wikipedia.org/w/api.php?format=json&action=query&list=categorymembers&cmtitle=Category)
    skip category (HTTP 429 rate limited: https://en.wikipedia.org/w/api.php?format=json&action=query&list=categorymembers&cmtitle=Category)
    skip category (HTTP 429 rate limited: https://en.wikipedia.org/w/api.php?format=json&action=query&list=categorymembers&cmtitle=Category)
    skip category (HTTP 429 rate limited: https://en.wikipedia.org/w/api.php?format=json&action=query&list=categorymembers&cmtitle=Category)
    skip category (HTTP 429 rate limited: https://en.wikipedia.org/w/api.php?format=json&action=query&list=categorymembers&cmtitle=Category)
    skip category (HTTP 429 rate limited: https://en.wikipedia.org/w/api.php?format=json&action=query&list=categorymembers&cmtitle=Category)
    skip category (HTTP 429 rate limited: https://en.wikipedia.org/w/api.php?format=json&action=query&list=categorymembers&cmtitle=Category)
    skip category (HTTP 429 rate limited: https://en.wikipedia.org/w/api.php?format=json&action=query&list=categorymembers&cmtitle=Category)
    skip category (HTTP 429 rate limited: https://en.wikipedia.org/w/api.php?format=json&action=query&list=categorymembers&cmtitle=Category)
    skip category (HTTP 429 rate limited: https://en.wikipedia.org/w/api.php?format=json&action=query&list=categorymembers&cmtitle=Category)
    skip category (HTTP 429 rate limited: https://en.wikipedia.org/w/api.php?format=json&action=query&list=categorymembers&cmtitle=Category)
    skip category (HTTP 429 rate limited: https://en.wikipedia.org/w/api.php?format=json&action=query&list=categorymembers&cmtitle=Category)
    skip category (HTTP 429 rate limited: https://en.wikipedia.org/w/api.php?format=json&action=query&list=categorymembers&cmtitle=Category)
    skip category (HTTP 429 rate limited: https://en.wikipedia.org/w/api.php?format=json&action=query&list=categorymembers&cmtitle=Category)
    skip category (HTTP 429 rate limited: https://en.wikipedia.org/w/api.php?format=json&action=query&list=categorymembers&cmtitle=Category)
    skip category (HTTP 429 rate limited: https://en.wikipedia.org/w/api.php?format=json&action=query&list=categorymembers&cmtitle=Category)
    skip category (HTTP 429 rate limited: https://en.wikipedia.org/w/api.php?format=json&action=query&list=categorymembers&cmtitle=Category)
    skip category (HTTP 429 rate limited: https://en.wikipedia.org/w/api.php?format=json&action=query&list=categorymembers&cmtitle=Category)
    skip category (HTTP 429 rate limited: https://en.wikipedia.org/w/api.php?format=json&action=query&list=categorymembers&cmtitle=Category)
    skip category (HTTP 429 rate limited: https://en.wikipedia.org/w/api.php?format=json&action=query&list=categorymembers&cmtitle=Category)
    skip category (HTTP 429 rate limited: https://en.wikipedia.org/w/api.php?format=json&action=query&list=categorymembers&cmtitle=Category)
    skip category (HTTP 429 rate limited: https://en.wikipedia.org/w/api.php?format=json&action=query&list=categorymembers&cmtitle=Category)
    skip category (HTTP 429 rate limited: https://en.wikipedia.org/w/api.php?format=json&action=query&list=categorymembers&cmtitle=Category)
    skip category (HTTP 429 rate limited: https://en.wikipedia.org/w/api.php?format=json&action=query&list=categorymembers&cmtitle=Category)
    skip category (HTTP 429 rate limited: https://en.wikipedia.org/w/api.php?format=json&action=query&list=categorymembers&cmtitle=Category)
    skip category (HTTP 429 rate limited: https://en.wikipedia.org/w/api.php?format=json&action=query&list=categorymembers&cmtitle=Category)
    skip category (HTTP 429 rate limited: https://en.wikipedia.org/w/api.php?format=json&action=query&list=categorymembers&cmtitle=Category)
    skip category (HTTP 429 rate limited: https://en.wikipedia.org/w/api.php?format=json&action=query&list=categorymembers&cmtitle=Category)
    skip category (HTTP 429 rate limited: https://en.wikipedia.org/w/api.php?format=json&action=query&list=categorymembers&cmtitle=Category)
    skip category (HTTP 429 rate limited: https://en.wikipedia.org/w/api.php?format=json&action=query&list=categorymembers&cmtitle=Category)
    skip category (HTTP 429 rate limited: https://en.wikipedia.org/w/api.php?format=json&action=query&list=categorymembers&cmtitle=Category)
    skip category (HTTP 429 rate limited: https://en.wikipedia.org/w/api.php?format=json&action=query&list=categorymembers&cmtitle=Category)
    skip category (HTTP 429 rate limited: https://en.wikipedia.org/w/api.php?format=json&action=query&list=categorymembers&cmtitle=Category)
    skip category (HTTP 429 rate limited: https://en.wikipedia.org/w/api.php?format=json&action=query&list=categorymembers&cmtitle=Category)
    skip category (HTTP 429 rate limited: https://en.wikipedia.org/w/api.php?format=json&action=query&list=categorymembers&cmtitle=Category)
    skip category (HTTP 429 rate limited: https://en.wikipedia.org/w/api.php?format=json&action=query&list=categorymembers&cmtitle=Category)
    skip category (HTTP 429 rate limited: https://en.wikipedia.org/w/api.php?format=json&action=query&list=categorymembers&cmtitle=Category)
    skip category (HTTP 429 rate limited: https://en.wikipedia.org/w/api.php?format=json&action=query&list=categorymembers&cmtitle=Category)
    skip category (HTTP 429 rate limited: https://en.wikipedia.org/w/api.php?format=json&action=query&list=categorymembers&cmtitle=Category)
    skip category (HTTP 429 rate limited: https://en.wikipedia.org/w/api.php?format=json&action=query&list=categorymembers&cmtitle=Category)
    skip category (HTTP 429 rate limited: https://en.wikipedia.org/w/api.php?format=json&action=query&list=categorymembers&cmtitle=Category)
    skip category (HTTP 429 rate limited: https://en.wikipedia.org/w/api.php?format=json&action=query&list=categorymembers&cmtitle=Category)
    skip category (HTTP 429 rate limited: https://en.wikipedia.org/w/api.php?format=json&action=query&list=categorymembers&cmtitle=Category)
    skip category (HTTP 429 rate limited: https://en.wikipedia.org/w/api.php?format=json&action=query&list=categorymembers&cmtitle=Category)
  intro batch failed: HTTP 429 rate limited: https://en.wikipedia.org/w/api.php?format=json&action=query&titles=List+of+The+Boys+characters&redirects=1&prop=revisions&rvprop=content&rvslots=main
    skip category (HTTP 429 rate limited: https://en.wikipedia.org/w/api.php?format=json&action=query&list=categorymembers&cmtitle=Category)
    skip category (HTTP 429 rate limited: https://en.wikipedia.org/w/api.php?format=json&action=query&list=categorymembers&cmtitle=Category)
    skip category (HTTP 429 rate limited: https://en.wikipedia.org/w/api.php?format=json&action=query&list=categorymembers&cmtitle=Category)
    skip category (HTTP 429 rate limited: https://en.wikipedia.org/w/api.php?format=json&action=query&list=categorymembers&cmtitle=Category)
    skip category (HTTP 429 rate limited: https://en.wikipedia.org/w/api.php?format=json&action=query&list=categorymembers&cmtitle=Category)
    skip category (HTTP 429 rate limited: https://en.wikipedia.org/w/api.php?format=json&action=query&list=categorymembers&cmtitle=Category)
    skip category (HTTP 429 rate limited: https://en.wikipedia.org/w/api.php?format=json&action=query&list=categorymembers&cmtitle=Category)
    skip category (HTTP 429 rate limited: https://en.wikipedia.org/w/api.php?format=json&action=query&list=categorymembers&cmtitle=Category)
    skip category (HTTP 429 rate limited: https://en.wikipedia.org/w/api.php?format=json&action=query&list=categorymembers&cmtitle=Category)
    skip category (HTTP 429 rate limited: https://en.wikipedia.org/w/api.php?format=json&action=query&list=categorymembers&cmtitle=Category)
    skip category (HTTP 429 rate limited: https://en.wikipedia.org/w/api.php?format=json&action=query&list=categorymembers&cmtitle=Category)
    skip category (HTTP 429 rate limited: https://en.wikipedia.org/w/api.php?format=json&action=query&list=categorymembers&cmtitle=Category)
    skip category (HTTP 429 rate limited: https://en.wikipedia.org/w/api.php?format=json&action=query&list=categorymembers&cmtitle=Category)
    skip category (HTTP 429 rate limited: https://en.wikipedia.org/w/api.php?format=json&action=query&list=categorymembers&cmtitle=Category)
    skip category (HTTP 429 rate limited: https://en.wikipedia.org/w/api.php?format=json&action=query&list=categorymembers&cmtitle=Category)
    skip category (HTTP 429 rate limited: https://en.wikipedia.org/w/api.php?format=json&action=query&list=categorymembers&cmtitle=Category)
    skip category (HTTP 429 rate limited: https://en.wikipedia.org/w/api.php?format=json&action=query&list=categorymembers&cmtitle=Category)
    skip category (HTTP 429 rate limited: https://en.wikipedia.org/w/api.php?format=json&action=query&list=categorymembers&cmtitle=Category)
    skip category (HTTP 429 rate limited: https://en.wikipedia.org/w/api.php?format=json&action=query&list=categorymembers&cmtitle=Category)
    skip category (HTTP 429 rate limited: https://en.wikipedia.org/w/api.php?format=json&action=query&list=categorymembers&cmtitle=Category)
    skip category (HTTP 429 rate limited: https://en.wikipedia.org/w/api.php?format=json&action=query&list=categorymembers&cmtitle=Category)
    skip category (HTTP 429 rate limited: https://en.wikipedia.org/w/api.php?format=json&action=query&list=categorymembers&cmtitle=Category)
  intro batch failed: HTTP 429 rate limited: https://en.wikipedia.org/w/api.php?format=json&action=query&titles=Hellboy&redirects=1&prop=revisions&rvprop=content&rvslots=main
    skip category (HTTP 429 rate limited: https://en.wikipedia.org/w/api.php?format=json&action=query&list=categorymembers&cmtitle=Category)
    skip category (HTTP 429 rate limited: https://en.wikipedia.org/w/api.php?format=json&action=query&list=categorymembers&cmtitle=Category)
    skip category (HTTP 429 rate limited: https://en.wikipedia.org/w/api.php?format=json&action=query&list=categorymembers&cmtitle=Category)
    skip category (HTTP 429 rate limited: https://en.wikipedia.org/w/api.php?format=json&action=query&list=categorymembers&cmtitle=Category)
    skip category (HTTP 429 rate limited: https://en.wikipedia.org/w/api.php?format=json&action=query&list=categorymembers&cmtitle=Category)
    skip category (HTTP 429 rate limited: https://en.wikipedia.org/w/api.php?format=json&action=query&list=categorymembers&cmtitle=Category)
    skip category (HTTP 429 rate limited: https://en.wikipedia.org/w/api.php?format=json&action=query&list=categorymembers&cmtitle=Category)
    skip category (HTTP 429 rate limited: https://en.wikipedia.org/w/api.php?format=json&action=query&list=categorymembers&cmtitle=Category)
    skip category (HTTP 429 rate limited: https://en.wikipedia.org/w/api.php?format=json&action=query&list=categorymembers&cmtitle=Category)
    skip category (HTTP 429 rate limited: https://en.wikipedia.org/w/api.php?format=json&action=query&list=categorymembers&cmtitle=Category)
    skip category (HTTP 429 rate limited: https://en.wikipedia.org/w/api.php?format=json&action=query&list=categorymembers&cmtitle=Category)
    skip category (HTTP 429 rate limited: https://en.wikipedia.org/w/api.php?format=json&action=query&list=categorymembers&cmtitle=Category)
    skip category (HTTP 429 rate limited: https://en.wikipedia.org/w/api.php?format=json&action=query&list=categorymembers&cmtitle=Category)
    skip category (HTTP 429 rate limited: https://en.wikipedia.org/w/api.php?format=json&action=query&list=categorymembers&cmtitle=Category)
    skip category (HTTP 429 rate limited: https://en.wikipedia.org/w/api.php?format=json&action=query&list=categorymembers&cmtitle=Category)
    skip category (HTTP 429 rate limited: https://en.wikipedia.org/w/api.php?format=json&action=query&list=categorymembers&cmtitle=Category)
    skip category (HTTP 429 rate limited: https://en.wikipedia.org/w/api.php?format=json&action=query&list=categorymembers&cmtitle=Category)
    skip category (HTTP 429 rate limited: https://en.wikipedia.org/w/api.php?format=json&action=query&list=categorymembers&cmtitle=Category)
    skip category (HTTP 429 rate limited: https://en.wikipedia.org/w/api.php?format=json&action=query&list=categorymembers&cmtitle=Category)
    skip category (HTTP 429 rate limited: https://en.wikipedia.org/w/api.php?format=json&action=query&list=categorymembers&cmtitle=Category)
    skip category (HTTP 429 rate limited: https://en.wikipedia.org/w/api.php?format=json&action=query&list=categorymembers&cmtitle=Category)
    skip category (HTTP 429 rate limited: https://en.wikipedia.org/w/api.php?format=json&action=query&list=categorymembers&cmtitle=Category)
    skip category (HTTP 429 rate limited: https://en.wikipedia.org/w/api.php?format=json&action=query&list=categorymembers&cmtitle=Category)
    skip category (HTTP 429 rate limited: https://en.wikipedia.org/w/api.php?format=json&action=query&list=categorymembers&cmtitle=Category)
    skip category (HTTP 429 rate limited: https://en.wikipedia.org/w/api.php?format=json&action=query&list=categorymembers&cmtitle=Category)
    skip category (HTTP 429 rate limited: https://en.wikipedia.org/w/api.php?format=json&action=query&list=categorymembers&cmtitle=Category)
    skip category (HTTP 429 rate limited: https://en.wikipedia.org/w/api.php?format=json&action=query&list=categorymembers&cmtitle=Category)
    skip category (HTTP 429 rate limited: https://en.wikipedia.org/w/api.php?format=json&action=query&list=categorymembers&cmtitle=Category)
    skip category (HTTP 429 rate limited: https://en.wikipedia.org/w/api.php?format=json&action=query&list=categorymembers&cmtitle=Category)
    skip category (HTTP 429 rate limited: https://en.wikipedia.org/w/api.php?format=json&action=query&list=categorymembers&cmtitle=Category)
    skip category (HTTP 429 rate limited: https://en.wikipedia.org/w/api.php?format=json&action=query&list=categorymembers&cmtitle=Category)
    skip category (HTTP 429 rate limited: https://en.wikipedia.org/w/api.php?format=json&action=query&list=categorymembers&cmtitle=Category)
    skip category (HTTP 429 rate limited: https://en.wikipedia.org/w/api.php?format=json&action=query&list=categorymembers&cmtitle=Category)
    skip category (HTTP 429 rate limited: https://en.wikipedia.org/w/api.php?format=json&action=query&list=categorymembers&cmtitle=Category)
    skip category (HTTP 429 rate limited: https://en.wikipedia.org/w/api.php?format=json&action=query&list=categorymembers&cmtitle=Category)
    skip category (HTTP 429 rate limited: https://en.wikipedia.org/w/api.php?format=json&action=query&list=categorymembers&cmtitle=Category)
    skip category (HTTP 429 rate limited: https://en.wikipedia.org/w/api.php?format=json&action=query&list=categorymembers&cmtitle=Category)
    skip category (HTTP 429 rate limited: https://en.wikipedia.org/w/api.php?format=json&action=query&list=categorymembers&cmtitle=Category)
    skip category (HTTP 429 rate limited: https://en.wikipedia.org/w/api.php?format=json&action=query&list=categorymembers&cmtitle=Category)
    skip category (HTTP 429 rate limited: https://en.wikipedia.org/w/api.php?format=json&action=query&list=categorymembers&cmtitle=Category)
    skip category (HTTP 429 rate limited: https://en.wikipedia.org/w/api.php?format=json&action=query&list=categorymembers&cmtitle=Category)
    skip category (HTTP 429 rate limited: https://en.wikipedia.org/w/api.php?format=json&action=query&list=categorymembers&cmtitle=Category)
    skip category (HTTP 429 rate limited: https://en.wikipedia.org/w/api.php?format=json&action=query&list=categorymembers&cmtitle=Category)
    skip category (HTTP 429 rate limited: https://en.wikipedia.org/w/api.php?format=json&action=query&list=categorymembers&cmtitle=Category)
    skip category (HTTP 429 rate limited: https://en.wikipedia.org/w/api.php?format=json&action=query&list=categorymembers&cmtitle=Category)
    skip category (HTTP 429 rate limited: https://en.wikipedia.org/w/api.php?format=json&action=query&list=categorymembers&cmtitle=Category)
    skip category (HTTP 429 rate limited: https://en.wikipedia.org/w/api.php?format=json&action=query&list=categorymembers&cmtitle=Category)
    skip category (HTTP 429 rate limited: https://en.wikipedia.org/w/api.php?format=json&action=query&list=categorymembers&cmtitle=Category)
    skip category (HTTP 429 rate limited: https://en.wikipedia.org/w/api.php?format=json&action=query&list=categorymembers&cmtitle=Category)
    skip category (HTTP 429 rate limited: https://en.wikipedia.org/w/api.php?format=json&action=query&list=categorymembers&cmtitle=Category)
    skip category (HTTP 429 rate limited: https://en.wikipedia.org/w/api.php?format=json&action=query&list=categorymembers&cmtitle=Category)
    skip category (HTTP 429 rate limited: https://en.wikipedia.org/w/api.php?format=json&action=query&list=categorymembers&cmtitle=Category)
    skip category (HTTP 429 rate limited: https://en.wikipedia.org/w/api.php?format=json&action=query&list=categorymembers&cmtitle=Category)
    skip category (HTTP 429 rate limited: https://en.wikipedia.org/w/api.php?format=json&action=query&list=categorymembers&cmtitle=Category)
    skip category (HTTP 429 rate limited: https://en.wikipedia.org/w/api.php?format=json&action=query&list=categorymembers&cmtitle=Category)
    skip category (HTTP 429 rate limited: https://en.wikipedia.org/w/api.php?format=json&action=query&list=categorymembers&cmtitle=Category)
    skip category (HTTP 429 rate limited: https://en.wikipedia.org/w/api.php?format=json&action=query&list=categorymembers&cmtitle=Category)
    skip category (HTTP 429 rate limited: https://en.wikipedia.org/w/api.php?format=json&action=query&list=categorymembers&cmtitle=Category)
    skip category (HTTP 429 rate limited: https://en.wikipedia.org/w/api.php?format=json&action=query&list=categorymembers&cmtitle=Category)
    skip category (HTTP 429 rate limited: https://en.wikipedia.org/w/api.php?format=json&action=query&list=categorymembers&cmtitle=Category)
    skip category (HTTP 429 rate limited: https://en.wikipedia.org/w/api.php?format=json&action=query&list=categorymembers&cmtitle=Category)
    skip category (HTTP 429 rate limited: https://en.wikipedia.org/w/api.php?format=json&action=query&list=categorymembers&cmtitle=Category)
    skip category (HTTP 429 rate limited: https://en.wikipedia.org/w/api.php?format=json&action=query&list=categorymembers&cmtitle=Category)
    skip category (HTTP 429 rate limited: https://en.wikipedia.org/w/api.php?format=json&action=query&list=categorymembers&cmtitle=Category)
    skip category (HTTP 429 rate limited: https://en.wikipedia.org/w/api.php?format=json&action=query&list=categorymembers&cmtitle=Category)
    skip category (HTTP 429 rate limited: https://en.wikipedia.org/w/api.php?format=json&action=query&list=categorymembers&cmtitle=Category)
    skip category (HTTP 429 rate limited: https://en.wikipedia.org/w/api.php?format=json&action=query&list=categorymembers&cmtitle=Category)
    skip category (HTTP 404 for https://wwe.fandom.com/api.php?format=json&action=query&list=categorymembers&cmtitle=Category%3AWWE+wrestle)
    skip category (HTTP 404 for https://wwe.fandom.com/api.php?format=json&action=query&list=categorymembers&cmtitle=Category%3AFormer+WWE+)
    skip category (HTTP 404 for https://wwe.fandom.com/api.php?format=json&action=query&list=categorymembers&cmtitle=Category%3AWWE+champio)
    skip category (HTTP 404 for https://wwe.fandom.com/api.php?format=json&action=query&list=categorymembers&cmtitle=Category%3AWWE+pay-per)
    skip category (HTTP 404 for https://egyptian-mythology.fandom.com/api.php?format=json&action=query&list=categorymembers&cmtitle=Categor)
    skip category (HTTP 404 for https://egyptian-mythology.fandom.com/api.php?format=json&action=query&list=categorymembers&cmtitle=Categor)
  [rich] Wikipedia batch failed: read ECONNRESET
    skip category (read ECONNRESET)
    skip category (HTTP 404 for https://pathfinderwiki.com/api.php?format=json&action=query&list=categorymembers&cmtitle=Category%3ACharact)
    skip category (HTTP 404 for https://pathfinderwiki.com/api.php?format=json&action=query&list=categorymembers&cmtitle=Category%3ANations)
    skip category (HTTP 404 for https://pathfinderwiki.com/api.php?format=json&action=query&list=categorymembers&cmtitle=Category%3AOrganiz)
    skip category (HTTP 404 for https://www.sarna.net/api.php?format=json&action=query&list=categorymembers&cmtitle=Category%3ACharacters&c)
    skip category (HTTP 404 for https://www.sarna.net/api.php?format=json&action=query&list=categorymembers&cmtitle=Category%3ABattleMechs&)
    skip category (HTTP 404 for https://www.sarna.net/api.php?format=json&action=query&list=categorymembers&cmtitle=Category%3APlanets&cmli)
    skip category (HTTP 429 rate limited: https://en.wikipedia.org/w/api.php?format=json&action=query&list=categorymembers&cmtitle=Category)
    skip category (HTTP 429 rate limited: https://en.wikipedia.org/w/api.php?format=json&action=query&list=categorymembers&cmtitle=Category)
    skip category (HTTP 429 rate limited: https://en.wikipedia.org/w/api.php?format=json&action=query&list=categorymembers&cmtitle=Category)
    skip category (HTTP 429 rate limited: https://en.wikipedia.org/w/api.php?format=json&action=query&list=categorymembers&cmtitle=Category)
    skip category (HTTP 429 rate limited: https://en.wikipedia.org/w/api.php?format=json&action=query&list=categorymembers&cmtitle=Category)
    skip category (HTTP 429 rate limited: https://en.wikipedia.org/w/api.php?format=json&action=query&list=categorymembers&cmtitle=Category)
    skip category (HTTP 429 rate limited: https://en.wikipedia.org/w/api.php?format=json&action=query&list=categorymembers&cmtitle=Category)
    skip category (HTTP 429 rate limited: https://en.wikipedia.org/w/api.php?format=json&action=query&list=categorymembers&cmtitle=Category)
    skip category (HTTP 429 rate limited: https://en.wikipedia.org/w/api.php?format=json&action=query&list=categorymembers&cmtitle=Category)
    skip category (HTTP 429 rate limited: https://en.wikipedia.org/w/api.php?format=json&action=query&list=categorymembers&cmtitle=Category)
    skip category (HTTP 429 rate limited: https://en.wikipedia.org/w/api.php?format=json&action=query&list=categorymembers&cmtitle=Category)
    skip category (HTTP 429 rate limited: https://en.wikipedia.org/w/api.php?format=json&action=query&list=categorymembers&cmtitle=Category)
    skip category (HTTP 429 rate limited: https://en.wikipedia.org/w/api.php?format=json&action=query&list=categorymembers&cmtitle=Category)
    skip category (HTTP 429 rate limited: https://en.wikipedia.org/w/api.php?format=json&action=query&list=categorymembers&cmtitle=Category)
    skip category (HTTP 429 rate limited: https://en.wikipedia.org/w/api.php?format=json&action=query&list=categorymembers&cmtitle=Category)
    skip category (HTTP 429 rate limited: https://en.wikipedia.org/w/api.php?format=json&action=query&list=categorymembers&cmtitle=Category)
    skip category (HTTP 429 rate limited: https://en.wikipedia.org/w/api.php?format=json&action=query&list=categorymembers&cmtitle=Category)
    skip category (HTTP 429 rate limited: https://en.wikipedia.org/w/api.php?format=json&action=query&list=categorymembers&cmtitle=Category)
    skip category (HTTP 429 rate limited: https://en.wikipedia.org/w/api.php?format=json&action=query&list=categorymembers&cmtitle=Category)
    skip category (HTTP 429 rate limited: https://en.wikipedia.org/w/api.php?format=json&action=query&list=categorymembers&cmtitle=Category)
    skip category (HTTP 429 rate limited: https://en.wikipedia.org/w/api.php?format=json&action=query&list=categorymembers&cmtitle=Category)
    skip category (HTTP 429 rate limited: https://en.wikipedia.org/w/api.php?format=json&action=query&list=categorymembers&cmtitle=Category)
    skip category (HTTP 429 rate limited: https://en.wikipedia.org/w/api.php?format=json&action=query&list=categorymembers&cmtitle=Category)
    skip category (HTTP 429 rate limited: https://en.wikipedia.org/w/api.php?format=json&action=query&list=categorymembers&cmtitle=Category)
    skip category (HTTP 429 rate limited: https://en.wikipedia.org/w/api.php?format=json&action=query&list=categorymembers&cmtitle=Category)
    skip category (HTTP 429 rate limited: https://en.wikipedia.org/w/api.php?format=json&action=query&list=categorymembers&cmtitle=Category)
    skip category (HTTP 429 rate limited: https://en.wikipedia.org/w/api.php?format=json&action=query&list=categorymembers&cmtitle=Category)
    skip category (HTTP 429 rate limited: https://en.wikipedia.org/w/api.php?format=json&action=query&list=categorymembers&cmtitle=Category)
    skip category (HTTP 429 rate limited: https://en.wikipedia.org/w/api.php?format=json&action=query&list=categorymembers&cmtitle=Category)
    skip category (HTTP 429 rate limited: https://en.wikipedia.org/w/api.php?format=json&action=query&list=categorymembers&cmtitle=Category)
    skip category (HTTP 429 rate limited: https://en.wikipedia.org/w/api.php?format=json&action=query&list=categorymembers&cmtitle=Category)
    skip category (HTTP 429 rate limited: https://en.wikipedia.org/w/api.php?format=json&action=query&list=categorymembers&cmtitle=Category)
    skip category (HTTP 429 rate limited: https://en.wikipedia.org/w/api.php?format=json&action=query&list=categorymembers&cmtitle=Category)
    skip category (HTTP 429 rate limited: https://en.wikipedia.org/w/api.php?format=json&action=query&list=categorymembers&cmtitle=Category)
    skip category (HTTP 429 rate limited: https://en.wikipedia.org/w/api.php?format=json&action=query&list=categorymembers&cmtitle=Category)
    skip category (HTTP 429 rate limited: https://en.wikipedia.org/w/api.php?format=json&action=query&list=categorymembers&cmtitle=Category)
    skip category (HTTP 429 rate limited: https://en.wikipedia.org/w/api.php?format=json&action=query&list=categorymembers&cmtitle=Category)
    skip category (HTTP 429 rate limited: https://en.wikipedia.org/w/api.php?format=json&action=query&list=categorymembers&cmtitle=Category)
    skip category (HTTP 429 rate limited: https://en.wikipedia.org/w/api.php?format=json&action=query&list=categorymembers&cmtitle=Category)
    skip category (HTTP 429 rate limited: https://en.wikipedia.org/w/api.php?format=json&action=query&list=categorymembers&cmtitle=Category)
    skip category (HTTP 429 rate limited: https://en.wikipedia.org/w/api.php?format=json&action=query&list=categorymembers&cmtitle=Category)
    skip category (HTTP 429 rate limited: https://en.wikipedia.org/w/api.php?format=json&action=query&list=categorymembers&cmtitle=Category)
    skip category (HTTP 429 rate limited: https://en.wikipedia.org/w/api.php?format=json&action=query&list=categorymembers&cmtitle=Category)
    skip category (HTTP 429 rate limited: https://en.wikipedia.org/w/api.php?format=json&action=query&list=categorymembers&cmtitle=Category)
    skip category (HTTP 429 rate limited: https://en.wikipedia.org/w/api.php?format=json&action=query&list=categorymembers&cmtitle=Category)
    skip category (HTTP 429 rate limited: https://en.wikipedia.org/w/api.php?format=json&action=query&list=categorymembers&cmtitle=Category)
    skip category (HTTP 429 rate limited: https://en.wikipedia.org/w/api.php?format=json&action=query&list=categorymembers&cmtitle=Category)
    skip category (HTTP 429 rate limited: https://en.wikipedia.org/w/api.php?format=json&action=query&list=categorymembers&cmtitle=Category)
    skip category (HTTP 429 rate limited: https://en.wikipedia.org/w/api.php?format=json&action=query&list=categorymembers&cmtitle=Category)
    skip category (HTTP 429 rate limited: https://en.wikipedia.org/w/api.php?format=json&action=query&list=categorymembers&cmtitle=Category)
    skip category (HTTP 429 rate limited: https://en.wikipedia.org/w/api.php?format=json&action=query&list=categorymembers&cmtitle=Category)
    skip category (HTTP 429 rate limited: https://en.wikipedia.org/w/api.php?format=json&action=query&list=categorymembers&cmtitle=Category)
    skip category (HTTP 429 rate limited: https://en.wikipedia.org/w/api.php?format=json&action=query&list=categorymembers&cmtitle=Category)
  identity batch failed: HTTP 429 rate limited: https://en.wikipedia.org/w/api.php?format=json&action=query&titles=Borjigin&redirects=1&prop=pageimages%7Cinfo&piprop=thumbnail%7Cname&pithumbsize=180&inprop=url
  intro batch failed: HTTP 429 rate limited: https://en.wikipedia.org/w/api.php?format=json&action=query&titles=Borjigin&redirects=1&prop=revisions&rvprop=content&rvslots=main
  [rich] Fandom batch failed: HTTP 429 rate limited: https://en.wikipedia.org/w/api.php?format=json&action=query&titles=Borjigin&redirects=1&prop=revisions&rvprop=content&rvslots=main
  [rich] Wikipedia batch failed: HTTP 429 for https://en.wikipedia.org/w/api.php?action=query&format=json&origin=*&titles=Borjigin&redirects=1&prop=extracts&explaintext=1&exintro=1&exlimit=max: You are making too many requests to the API.
Please follow the best practices at <https://www.mediawiki.org/wiki/Wikimedia_APIs/Rate_limits>.
If you are unsure how to get the access you need, contact 
  [rich] Wikipedia batch failed: HTTP 429 for https://en.wikipedia.org/w/api.php?action=query&format=json&origin=*&titles=Borjigin&redirects=1&prop=extracts&explaintext=1&exintro=1&exlimit=max: You are making too many requests to the API.
Please follow the best practices at <https://www.mediawiki.org/wiki/Wikimedia_APIs/Rate_limits>.
If you are unsure how to get the access you need, contact 
    skip category (HTTP 429 rate limited: https://en.wikipedia.org/w/api.php?format=json&action=query&list=categorymembers&cmtitle=Category)
    skip category (HTTP 429 rate limited: https://en.wikipedia.org/w/api.php?format=json&action=query&list=categorymembers&cmtitle=Category)
    skip category (HTTP 429 rate limited: https://en.wikipedia.org/w/api.php?format=json&action=query&list=categorymembers&cmtitle=Category)
    skip category (HTTP 429 rate limited: https://en.wikipedia.org/w/api.php?format=json&action=query&list=categorymembers&cmtitle=Category)
    skip category (HTTP 429 rate limited: https://en.wikipedia.org/w/api.php?format=json&action=query&list=categorymembers&cmtitle=Category)
    skip category (HTTP 429 rate limited: https://en.wikipedia.org/w/api.php?format=json&action=query&list=categorymembers&cmtitle=Category)
    skip category (HTTP 429 rate limited: https://en.wikipedia.org/w/api.php?format=json&action=query&list=categorymembers&cmtitle=Category)
    skip category (HTTP 429 rate limited: https://en.wikipedia.org/w/api.php?format=json&action=query&list=categorymembers&cmtitle=Category)
    skip category (HTTP 429 rate limited: https://en.wikipedia.org/w/api.php?format=json&action=query&list=categorymembers&cmtitle=Category)
    skip category (HTTP 429 rate limited: https://en.wikipedia.org/w/api.php?format=json&action=query&list=categorymembers&cmtitle=Category)
    skip category (HTTP 429 rate limited: https://en.wikipedia.org/w/api.php?format=json&action=query&list=categorymembers&cmtitle=Category)
    skip category (HTTP 429 rate limited: https://en.wikipedia.org/w/api.php?format=json&action=query&list=categorymembers&cmtitle=Category)
    skip category (HTTP 429 rate limited: https://en.wikipedia.org/w/api.php?format=json&action=query&list=categorymembers&cmtitle=Category)
    skip category (HTTP 429 rate limited: https://en.wikipedia.org/w/api.php?format=json&action=query&list=categorymembers&cmtitle=Category)
    skip category (HTTP 429 rate limited: https://en.wikipedia.org/w/api.php?format=json&action=query&list=categorymembers&cmtitle=Category)
    skip category (HTTP 429 rate limited: https://en.wikipedia.org/w/api.php?format=json&action=query&list=categorymembers&cmtitle=Category)
    skip category (HTTP 429 rate limited: https://en.wikipedia.org/w/api.php?format=json&action=query&list=categorymembers&cmtitle=Category)
    skip category (HTTP 429 rate limited: https://en.wikipedia.org/w/api.php?format=json&action=query&list=categorymembers&cmtitle=Category)
    skip category (HTTP 429 rate limited: https://en.wikipedia.org/w/api.php?format=json&action=query&list=categorymembers&cmtitle=Category)
    skip category (HTTP 429 rate limited: https://en.wikipedia.org/w/api.php?format=json&action=query&list=categorymembers&cmtitle=Category)
    skip category (HTTP 429 rate limited: https://en.wikipedia.org/w/api.php?format=json&action=query&list=categorymembers&cmtitle=Category)
    skip category (HTTP 429 rate limited: https://en.wikipedia.org/w/api.php?format=json&action=query&list=categorymembers&cmtitle=Category)
    skip category (HTTP 429 rate limited: https://en.wikipedia.org/w/api.php?format=json&action=query&list=categorymembers&cmtitle=Category)
    skip category (HTTP 429 rate limited: https://en.wikipedia.org/w/api.php?format=json&action=query&list=categorymembers&cmtitle=Category)
    skip category (HTTP 429 rate limited: https://en.wikipedia.org/w/api.php?format=json&action=query&list=categorymembers&cmtitle=Category)
    skip category (HTTP 429 rate limited: https://en.wikipedia.org/w/api.php?format=json&action=query&list=categorymembers&cmtitle=Category)
    skip category (HTTP 429 rate limited: https://en.wikipedia.org/w/api.php?format=json&action=query&list=categorymembers&cmtitle=Category)
    skip category (HTTP 429 rate limited: https://en.wikipedia.org/w/api.php?format=json&action=query&list=categorymembers&cmtitle=Category)
    skip category (HTTP 429 rate limited: https://en.wikipedia.org/w/api.php?format=json&action=query&list=categorymembers&cmtitle=Category)
    skip category (HTTP 429 rate limited: https://en.wikipedia.org/w/api.php?format=json&action=query&list=categorymembers&cmtitle=Category)
    skip category (HTTP 429 rate limited: https://en.wikipedia.org/w/api.php?format=json&action=query&list=categorymembers&cmtitle=Category)
    skip category (HTTP 429 rate limited: https://en.wikipedia.org/w/api.php?format=json&action=query&list=categorymembers&cmtitle=Category)
    skip category (HTTP 429 rate limited: https://en.wikipedia.org/w/api.php?format=json&action=query&list=categorymembers&cmtitle=Category)
    skip category (HTTP 429 rate limited: https://en.wikipedia.org/w/api.php?format=json&action=query&list=categorymembers&cmtitle=Category)
    skip category (HTTP 429 rate limited: https://en.wikipedia.org/w/api.php?format=json&action=query&list=categorymembers&cmtitle=Category)
    skip category (HTTP 429 rate limited: https://en.wikipedia.org/w/api.php?format=json&action=query&list=categorymembers&cmtitle=Category)
    skip category (HTTP 429 rate limited: https://en.wikipedia.org/w/api.php?format=json&action=query&list=categorymembers&cmtitle=Category)
    skip category (HTTP 429 rate limited: https://en.wikipedia.org/w/api.php?format=json&action=query&list=categorymembers&cmtitle=Category)
    skip category (HTTP 429 rate limited: https://en.wikipedia.org/w/api.php?format=json&action=query&list=categorymembers&cmtitle=Category)
    skip category (HTTP 429 rate limited: https://en.wikipedia.org/w/api.php?format=json&action=query&list=categorymembers&cmtitle=Category)
    skip category (HTTP 429 rate limited: https://en.wikipedia.org/w/api.php?format=json&action=query&list=categorymembers&cmtitle=Category)
    skip category (HTTP 429 rate limited: https://en.wikipedia.org/w/api.php?format=json&action=query&list=categorymembers&cmtitle=Category)
    skip category (HTTP 429 rate limited: https://en.wikipedia.org/w/api.php?format=json&action=query&list=categorymembers&cmtitle=Category)
    skip category (HTTP 429 rate limited: https://en.wikipedia.org/w/api.php?format=json&action=query&list=categorymembers&cmtitle=Category)
    skip category (HTTP 429 rate limited: https://en.wikipedia.org/w/api.php?format=json&action=query&list=categorymembers&cmtitle=Category)
    skip category (HTTP 429 rate limited: https://en.wikipedia.org/w/api.php?format=json&action=query&list=categorymembers&cmtitle=Category)
    skip category (HTTP 429 rate limited: https://en.wikipedia.org/w/api.php?format=json&action=query&list=categorymembers&cmtitle=Category)
    skip category (HTTP 429 rate limited: https://en.wikipedia.org/w/api.php?format=json&action=query&list=categorymembers&cmtitle=Category)
    skip category (HTTP 429 rate limited: https://en.wikipedia.org/w/api.php?format=json&action=query&list=categorymembers&cmtitle=Category)
    skip category (HTTP 429 rate limited: https://en.wikipedia.org/w/api.php?format=json&action=query&list=categorymembers&cmtitle=Category)
    skip category (HTTP 429 rate limited: https://en.wikipedia.org/w/api.php?format=json&action=query&list=categorymembers&cmtitle=Category)
    skip category (HTTP 429 rate limited: https://en.wikipedia.org/w/api.php?format=json&action=query&list=categorymembers&cmtitle=Category)
    skip category (HTTP 429 rate limited: https://en.wikipedia.org/w/api.php?format=json&action=query&list=categorymembers&cmtitle=Category)
    skip category (HTTP 429 rate limited: https://en.wikipedia.org/w/api.php?format=json&action=query&list=categorymembers&cmtitle=Category)
    skip category (HTTP 429 rate limited: https://en.wikipedia.org/w/api.php?format=json&action=query&list=categorymembers&cmtitle=Category)
    skip category (HTTP 429 rate limited: https://en.wikipedia.org/w/api.php?format=json&action=query&list=categorymembers&cmtitle=Category)
    skip category (HTTP 429 rate limited: https://en.wikipedia.org/w/api.php?format=json&action=query&list=categorymembers&cmtitle=Category)
    skip category (HTTP 429 rate limited: https://en.wikipedia.org/w/api.php?format=json&action=query&list=categorymembers&cmtitle=Category)
    skip category (HTTP 429 rate limited: https://en.wikipedia.org/w/api.php?format=json&action=query&list=categorymembers&cmtitle=Category)
    skip category (HTTP 429 rate limited: https://en.wikipedia.org/w/api.php?format=json&action=query&list=categorymembers&cmtitle=Category)
    skip category (HTTP 429 rate limited: https://en.wikipedia.org/w/api.php?format=json&action=query&list=categorymembers&cmtitle=Category)
    skip category (HTTP 429 rate limited: https://en.wikipedia.org/w/api.php?format=json&action=query&list=categorymembers&cmtitle=Category)
    skip category (HTTP 429 rate limited: https://en.wikipedia.org/w/api.php?format=json&action=query&list=categorymembers&cmtitle=Category)
    skip category (HTTP 429 rate limited: https://en.wikipedia.org/w/api.php?format=json&action=query&list=categorymembers&cmtitle=Category)
    skip category (HTTP 429 rate limited: https://en.wikipedia.org/w/api.php?format=json&action=query&list=categorymembers&cmtitle=Category)
    skip category (HTTP 429 rate limited: https://en.wikipedia.org/w/api.php?format=json&action=query&list=categorymembers&cmtitle=Category)
    skip category (HTTP 429 rate limited: https://en.wikipedia.org/w/api.php?format=json&action=query&list=categorymembers&cmtitle=Category)
    skip category (HTTP 429 rate limited: https://en.wikipedia.org/w/api.php?format=json&action=query&list=categorymembers&cmtitle=Category)
    skip category (HTTP 429 rate limited: https://en.wikipedia.org/w/api.php?format=json&action=query&list=categorymembers&cmtitle=Category)
    skip category (HTTP 429 rate limited: https://en.wikipedia.org/w/api.php?format=json&action=query&list=categorymembers&cmtitle=Category)
    skip category (HTTP 429 rate limited: https://en.wikipedia.org/w/api.php?format=json&action=query&list=categorymembers&cmtitle=Category)
    skip category (HTTP 429 rate limited: https://en.wikipedia.org/w/api.php?format=json&action=query&list=categorymembers&cmtitle=Category)
    skip category (HTTP 429 rate limited: https://en.wikipedia.org/w/api.php?format=json&action=query&list=categorymembers&cmtitle=Category)
    skip category (HTTP 429 rate limited: https://en.wikipedia.org/w/api.php?format=json&action=query&list=categorymembers&cmtitle=Category)
    skip category (HTTP 429 rate limited: https://en.wikipedia.org/w/api.php?format=json&action=query&list=categorymembers&cmtitle=Category)
    skip category (HTTP 429 rate limited: https://en.wikipedia.org/w/api.php?format=json&action=query&list=categorymembers&cmtitle=Category)
    skip category (HTTP 429 rate limited: https://en.wikipedia.org/w/api.php?format=json&action=query&list=categorymembers&cmtitle=Category)
    skip category (HTTP 429 rate limited: https://en.wikipedia.org/w/api.php?format=json&action=query&list=categorymembers&cmtitle=Category)
    skip category (HTTP 429 rate limited: https://en.wikipedia.org/w/api.php?format=json&action=query&list=categorymembers&cmtitle=Category)
    skip category (HTTP 429 rate limited: https://en.wikipedia.org/w/api.php?format=json&action=query&list=categorymembers&cmtitle=Category)
    skip category (HTTP 429 rate limited: https://en.wikipedia.org/w/api.php?format=json&action=query&list=categorymembers&cmtitle=Category)
    skip category (HTTP 429 rate limited: https://en.wikipedia.org/w/api.php?format=json&action=query&list=categorymembers&cmtitle=Category)
    skip category (HTTP 429 rate limited: https://en.wikipedia.org/w/api.php?format=json&action=query&list=categorymembers&cmtitle=Category)
    skip category (HTTP 429 rate limited: https://en.wikipedia.org/w/api.php?format=json&action=query&list=categorymembers&cmtitle=Category)
    skip category (HTTP 429 rate limited: https://en.wikipedia.org/w/api.php?format=json&action=query&list=categorymembers&cmtitle=Category)
    skip category (HTTP 429 rate limited: https://en.wikipedia.org/w/api.php?format=json&action=query&list=categorymembers&cmtitle=Category)
    skip category (HTTP 429 rate limited: https://en.wikipedia.org/w/api.php?format=json&action=query&list=categorymembers&cmtitle=Category)
    skip category (HTTP 429 rate limited: https://en.wikipedia.org/w/api.php?format=json&action=query&list=categorymembers&cmtitle=Category)
    skip category (HTTP 429 rate limited: https://en.wikipedia.org/w/api.php?format=json&action=query&list=categorymembers&cmtitle=Category)
    skip category (HTTP 429 rate limited: https://en.wikipedia.org/w/api.php?format=json&action=query&list=categorymembers&cmtitle=Category)
    skip category (HTTP 429 rate limited: https://en.wikipedia.org/w/api.php?format=json&action=query&list=categorymembers&cmtitle=Category)
    skip category (HTTP 429 rate limited: https://en.wikipedia.org/w/api.php?format=json&action=query&list=categorymembers&cmtitle=Category)
    skip category (HTTP 429 rate limited: https://en.wikipedia.org/w/api.php?format=json&action=query&list=categorymembers&cmtitle=Category)
    skip category (HTTP 429 rate limited: https://en.wikipedia.org/w/api.php?format=json&action=query&list=categorymembers&cmtitle=Category)
    skip category (HTTP 429 rate limited: https://en.wikipedia.org/w/api.php?format=json&action=query&list=categorymembers&cmtitle=Category)
    skip category (HTTP 429 rate limited: https://en.wikipedia.org/w/api.php?format=json&action=query&list=categorymembers&cmtitle=Category)
    skip category (HTTP 429 rate limited: https://en.wikipedia.org/w/api.php?format=json&action=query&list=categorymembers&cmtitle=Category)
    skip category (HTTP 429 rate limited: https://en.wikipedia.org/w/api.php?format=json&action=query&list=categorymembers&cmtitle=Category)
    skip category (HTTP 429 rate limited: https://en.wikipedia.org/w/api.php?format=json&action=query&list=categorymembers&cmtitle=Category)
    skip category (HTTP 429 rate limited: https://en.wikipedia.org/w/api.php?format=json&action=query&list=categorymembers&cmtitle=Category)
    skip category (HTTP 429 rate limited: https://en.wikipedia.org/w/api.php?format=json&action=query&list=categorymembers&cmtitle=Category)
    skip category (HTTP 429 rate limited: https://en.wikipedia.org/w/api.php?format=json&action=query&list=categorymembers&cmtitle=Category)
    skip category (HTTP 429 rate limited: https://en.wikipedia.org/w/api.php?format=json&action=query&list=categorymembers&cmtitle=Category)
    skip category (HTTP 429 rate limited: https://en.wikipedia.org/w/api.php?format=json&action=query&list=categorymembers&cmtitle=Category)
    skip category (HTTP 429 rate limited: https://en.wikipedia.org/w/api.php?format=json&action=query&list=categorymembers&cmtitle=Category)
    skip category (HTTP 429 rate limited: https://en.wikipedia.org/w/api.php?format=json&action=query&list=categorymembers&cmtitle=Category)
  intro batch failed: HTTP 429 rate limited: https://en.wikipedia.org/w/api.php?format=json&action=query&titles=Teen+Titans+Go%21&redirects=1&prop=revisions&rvprop=content&rvslots=main
    skip category (HTTP 429 rate limited: https://en.wikipedia.org/w/api.php?format=json&action=query&list=categorymembers&cmtitle=Category)
    skip category (HTTP 429 rate limited: https://en.wikipedia.org/w/api.php?format=json&action=query&list=categorymembers&cmtitle=Category)
    skip category (HTTP 429 rate limited: https://en.wikipedia.org/w/api.php?format=json&action=query&list=categorymembers&cmtitle=Category)
    skip category (HTTP 429 rate limited: https://en.wikipedia.org/w/api.php?format=json&action=query&list=categorymembers&cmtitle=Category)
    skip category (HTTP 429 rate limited: https://en.wikipedia.org/w/api.php?format=json&action=query&list=categorymembers&cmtitle=Category)
    skip category (HTTP 429 rate limited: https://en.wikipedia.org/w/api.php?format=json&action=query&list=categorymembers&cmtitle=Category)
    skip category (HTTP 429 rate limited: https://en.wikipedia.org/w/api.php?format=json&action=query&list=categorymembers&cmtitle=Category)
    skip category (HTTP 429 rate limited: https://en.wikipedia.org/w/api.php?format=json&action=query&list=categorymembers&cmtitle=Category)
    skip category (HTTP 429 rate limited: https://en.wikipedia.org/w/api.php?format=json&action=query&list=categorymembers&cmtitle=Category)
    skip category (HTTP 429 rate limited: https://en.wikipedia.org/w/api.php?format=json&action=query&list=categorymembers&cmtitle=Category)
    skip category (HTTP 429 rate limited: https://en.wikipedia.org/w/api.php?format=json&action=query&list=categorymembers&cmtitle=Category)
    skip category (HTTP 429 rate limited: https://en.wikipedia.org/w/api.php?format=json&action=query&list=categorymembers&cmtitle=Category)
    skip category (HTTP 429 rate limited: https://en.wikipedia.org/w/api.php?format=json&action=query&list=categorymembers&cmtitle=Category)
    skip category (HTTP 429 rate limited: https://en.wikipedia.org/w/api.php?format=json&action=query&list=categorymembers&cmtitle=Category)
    skip category (HTTP 429 rate limited: https://en.wikipedia.org/w/api.php?format=json&action=query&list=categorymembers&cmtitle=Category)
    skip category (HTTP 429 rate limited: https://en.wikipedia.org/w/api.php?format=json&action=query&list=categorymembers&cmtitle=Category)
    skip category (HTTP 429 rate limited: https://en.wikipedia.org/w/api.php?format=json&action=query&list=categorymembers&cmtitle=Category)
    skip category (HTTP 429 rate limited: https://en.wikipedia.org/w/api.php?format=json&action=query&list=categorymembers&cmtitle=Category)
    skip category (HTTP 429 rate limited: https://en.wikipedia.org/w/api.php?format=json&action=query&list=categorymembers&cmtitle=Category)
    skip category (HTTP 429 rate limited: https://en.wikipedia.org/w/api.php?format=json&action=query&list=categorymembers&cmtitle=Category)
    skip category (HTTP 429 rate limited: https://en.wikipedia.org/w/api.php?format=json&action=query&list=categorymembers&cmtitle=Category)
    skip category (HTTP 429 rate limited: https://en.wikipedia.org/w/api.php?format=json&action=query&list=categorymembers&cmtitle=Category)
    skip category (HTTP 429 rate limited: https://en.wikipedia.org/w/api.php?format=json&action=query&list=categorymembers&cmtitle=Category)
    skip category (HTTP 429 rate limited: https://en.wikipedia.org/w/api.php?format=json&action=query&list=categorymembers&cmtitle=Category)
    skip category (HTTP 429 rate limited: https://en.wikipedia.org/w/api.php?format=json&action=query&list=categorymembers&cmtitle=Category)
    skip category (HTTP 429 rate limited: https://en.wikipedia.org/w/api.php?format=json&action=query&list=categorymembers&cmtitle=Category)
    skip category (HTTP 429 rate limited: https://en.wikipedia.org/w/api.php?format=json&action=query&list=categorymembers&cmtitle=Category)
    skip category (HTTP 429 rate limited: https://en.wikipedia.org/w/api.php?format=json&action=query&list=categorymembers&cmtitle=Category)
    skip category (HTTP 429 rate limited: https://en.wikipedia.org/w/api.php?format=json&action=query&list=categorymembers&cmtitle=Category)
    skip category (HTTP 429 rate limited: https://en.wikipedia.org/w/api.php?format=json&action=query&list=categorymembers&cmtitle=Category)
    skip category (HTTP 429 rate limited: https://en.wikipedia.org/w/api.php?format=json&action=query&list=categorymembers&cmtitle=Category)
    skip category (HTTP 429 rate limited: https://en.wikipedia.org/w/api.php?format=json&action=query&list=categorymembers&cmtitle=Category)
    skip category (HTTP 429 rate limited: https://en.wikipedia.org/w/api.php?format=json&action=query&list=categorymembers&cmtitle=Category)
  intro batch failed: HTTP 429 rate limited: https://en.wikipedia.org/w/api.php?format=json&action=query&titles=Beanie+Babies&redirects=1&prop=revisions&rvprop=content&rvslots=main
    skip category (HTTP 429 rate limited: https://en.wikipedia.org/w/api.php?format=json&action=query&list=categorymembers&cmtitle=Category)
    skip category (HTTP 429 rate limited: https://en.wikipedia.org/w/api.php?format=json&action=query&list=categorymembers&cmtitle=Category)
    skip category (HTTP 429 rate limited: https://en.wikipedia.org/w/api.php?format=json&action=query&list=categorymembers&cmtitle=Category)
    skip category (HTTP 429 rate limited: https://en.wikipedia.org/w/api.php?format=json&action=query&list=categorymembers&cmtitle=Category)
    skip category (HTTP 429 rate limited: https://en.wikipedia.org/w/api.php?format=json&action=query&list=categorymembers&cmtitle=Category)
    skip category (HTTP 429 rate limited: https://en.wikipedia.org/w/api.php?format=json&action=query&list=categorymembers&cmtitle=Category)
    skip category (HTTP 429 rate limited: https://en.wikipedia.org/w/api.php?format=json&action=query&list=categorymembers&cmtitle=Category)
    skip category (HTTP 429 rate limited: https://en.wikipedia.org/w/api.php?format=json&action=query&list=categorymembers&cmtitle=Category)
    skip category (HTTP 429 rate limited: https://en.wikipedia.org/w/api.php?format=json&action=query&list=categorymembers&cmtitle=Category)
    skip category (HTTP 429 rate limited: https://en.wikipedia.org/w/api.php?format=json&action=query&list=categorymembers&cmtitle=Category)
    skip category (HTTP 429 rate limited: https://en.wikipedia.org/w/api.php?format=json&action=query&list=categorymembers&cmtitle=Category)
    skip category (HTTP 429 rate limited: https://en.wikipedia.org/w/api.php?format=json&action=query&list=categorymembers&cmtitle=Category)
  intro batch failed: HTTP 429 rate limited: https://en.wikipedia.org/w/api.php?format=json&action=query&titles=Takashi+Shirogane&redirects=1&prop=revisions&rvprop=content&rvslots=main
  [rich] Fandom batch failed: HTTP 429 rate limited: https://en.wikipedia.org/w/api.php?format=json&action=query&titles=Voltron%7CTakashi+Shirogane&redirects=1&prop=revisions&rvprop=content&rvslots=main
  [rich] Wikipedia batch failed: HTTP 429 for https://en.wikipedia.org/w/api.php?action=query&format=json&origin=*&titles=Voltron%7CTakashi+Shirogane&redirects=1&prop=extracts&explaintext=1&exintro=1&exlimit=max: You are making too many requests to the API.
Please follow the best practices at <https://www.mediawiki.org/wiki/Wikimedia_APIs/Rate_limits>.
If you are unsure how to get the access you need, contact 
  [rich] Wikipedia batch failed: HTTP 429 for https://en.wikipedia.org/w/api.php?action=query&format=json&origin=*&titles=Voltron%7CTakashi+Shirogane&redirects=1&prop=extracts&explaintext=1&exintro=1&exlimit=max: You are making too many requests to the API.
Please follow the best practices at <https://www.mediawiki.org/wiki/Wikimedia_APIs/Rate_limits>.
If you are unsure how to get the access you need, contact 
    skip category (HTTP 429 rate limited: https://en.wikipedia.org/w/api.php?format=json&action=query&list=categorymembers&cmtitle=Category)
    skip category (HTTP 429 rate limited: https://en.wikipedia.org/w/api.php?format=json&action=query&list=categorymembers&cmtitle=Category)
    skip category (HTTP 429 rate limited: https://en.wikipedia.org/w/api.php?format=json&action=query&list=categorymembers&cmtitle=Category)
    skip category (HTTP 429 rate limited: https://en.wikipedia.org/w/api.php?format=json&action=query&list=categorymembers&cmtitle=Category)
    skip category (HTTP 429 rate limited: https://en.wikipedia.org/w/api.php?format=json&action=query&list=categorymembers&cmtitle=Category)
    skip category (HTTP 429 rate limited: https://en.wikipedia.org/w/api.php?format=json&action=query&list=categorymembers&cmtitle=Category)
    skip category (HTTP 429 rate limited: https://en.wikipedia.org/w/api.php?format=json&action=query&list=categorymembers&cmtitle=Category)
    skip category (HTTP 429 rate limited: https://en.wikipedia.org/w/api.php?format=json&action=query&list=categorymembers&cmtitle=Category)
    skip category (HTTP 429 rate limited: https://en.wikipedia.org/w/api.php?format=json&action=query&list=categorymembers&cmtitle=Category)
    skip category (HTTP 429 rate limited: https://en.wikipedia.org/w/api.php?format=json&action=query&list=categorymembers&cmtitle=Category)
    skip category (HTTP 429 rate limited: https://en.wikipedia.org/w/api.php?format=json&action=query&list=categorymembers&cmtitle=Category)
    skip category (HTTP 429 rate limited: https://en.wikipedia.org/w/api.php?format=json&action=query&list=categorymembers&cmtitle=Category)
    skip category (HTTP 429 rate limited: https://en.wikipedia.org/w/api.php?format=json&action=query&list=categorymembers&cmtitle=Category)
    skip category (HTTP 429 rate limited: https://en.wikipedia.org/w/api.php?format=json&action=query&list=categorymembers&cmtitle=Category)
    skip category (HTTP 429 rate limited: https://en.wikipedia.org/w/api.php?format=json&action=query&list=categorymembers&cmtitle=Category)
    skip category (HTTP 429 rate limited: https://en.wikipedia.org/w/api.php?format=json&action=query&list=categorymembers&cmtitle=Category)
    skip category (HTTP 429 rate limited: https://en.wikipedia.org/w/api.php?format=json&action=query&list=categorymembers&cmtitle=Category)
    skip category (HTTP 429 rate limited: https://en.wikipedia.org/w/api.php?format=json&action=query&list=categorymembers&cmtitle=Category)
    skip category (HTTP 429 rate limited: https://en.wikipedia.org/w/api.php?format=json&action=query&list=categorymembers&cmtitle=Category)
    skip category (HTTP 429 rate limited: https://en.wikipedia.org/w/api.php?format=json&action=query&list=categorymembers&cmtitle=Category)
    skip category (HTTP 429 rate limited: https://en.wikipedia.org/w/api.php?format=json&action=query&list=categorymembers&cmtitle=Category)
    skip category (HTTP 429 rate limited: https://en.wikipedia.org/w/api.php?format=json&action=query&list=categorymembers&cmtitle=Category)
    skip category (HTTP 429 rate limited: https://en.wikipedia.org/w/api.php?format=json&action=query&list=categorymembers&cmtitle=Category)
    skip category (HTTP 429 rate limited: https://en.wikipedia.org/w/api.php?format=json&action=query&list=categorymembers&cmtitle=Category)
    skip category (HTTP 429 rate limited: https://en.wikipedia.org/w/api.php?format=json&action=query&list=categorymembers&cmtitle=Category)
    skip category (HTTP 429 rate limited: https://en.wikipedia.org/w/api.php?format=json&action=query&list=categorymembers&cmtitle=Category)
    skip category (HTTP 429 rate limited: https://en.wikipedia.org/w/api.php?format=json&action=query&list=categorymembers&cmtitle=Category)
    skip category (HTTP 429 rate limited: https://en.wikipedia.org/w/api.php?format=json&action=query&list=categorymembers&cmtitle=Category)
    skip category (HTTP 429 rate limited: https://en.wikipedia.org/w/api.php?format=json&action=query&list=categorymembers&cmtitle=Category)
    skip category (HTTP 429 rate limited: https://en.wikipedia.org/w/api.php?format=json&action=query&list=categorymembers&cmtitle=Category)
    skip category (HTTP 429 rate limited: https://en.wikipedia.org/w/api.php?format=json&action=query&list=categorymembers&cmtitle=Category)
    skip category (HTTP 429 rate limited: https://en.wikipedia.org/w/api.php?format=json&action=query&list=categorymembers&cmtitle=Category)
    skip category (HTTP 429 rate limited: https://en.wikipedia.org/w/api.php?format=json&action=query&list=categorymembers&cmtitle=Category)
    skip category (HTTP 429 rate limited: https://en.wikipedia.org/w/api.php?format=json&action=query&list=categorymembers&cmtitle=Category)
    skip category (HTTP 429 rate limited: https://en.wikipedia.org/w/api.php?format=json&action=query&list=categorymembers&cmtitle=Category)
    skip category (HTTP 429 rate limited: https://en.wikipedia.org/w/api.php?format=json&action=query&list=categorymembers&cmtitle=Category)
    skip category (HTTP 429 rate limited: https://en.wikipedia.org/w/api.php?format=json&action=query&list=categorymembers&cmtitle=Category)
    skip category (HTTP 429 rate limited: https://en.wikipedia.org/w/api.php?format=json&action=query&list=categorymembers&cmtitle=Category)
    skip category (HTTP 429 rate limited: https://en.wikipedia.org/w/api.php?format=json&action=query&list=categorymembers&cmtitle=Category)
    skip category (HTTP 429 rate limited: https://en.wikipedia.org/w/api.php?format=json&action=query&list=categorymembers&cmtitle=Category)
    skip category (HTTP 429 rate limited: https://en.wikipedia.org/w/api.php?format=json&action=query&list=categorymembers&cmtitle=Category)
    skip category (HTTP 429 rate limited: https://en.wikipedia.org/w/api.php?format=json&action=query&list=categorymembers&cmtitle=Category)
    skip category (HTTP 429 rate limited: https://en.wikipedia.org/w/api.php?format=json&action=query&list=categorymembers&cmtitle=Category)
    skip category (HTTP 429 rate limited: https://en.wikipedia.org/w/api.php?format=json&action=query&list=categorymembers&cmtitle=Category)
    skip category (HTTP 429 rate limited: https://en.wikipedia.org/w/api.php?format=json&action=query&list=categorymembers&cmtitle=Category)
    skip category (HTTP 429 rate limited: https://en.wikipedia.org/w/api.php?format=json&action=query&list=categorymembers&cmtitle=Category)
    skip category (HTTP 429 rate limited: https://en.wikipedia.org/w/api.php?format=json&action=query&list=categorymembers&cmtitle=Category)
    skip category (HTTP 429 rate limited: https://en.wikipedia.org/w/api.php?format=json&action=query&list=categorymembers&cmtitle=Category)
    skip category (HTTP 429 rate limited: https://en.wikipedia.org/w/api.php?format=json&action=query&list=categorymembers&cmtitle=Category)
    skip category (HTTP 429 rate limited: https://en.wikipedia.org/w/api.php?format=json&action=query&list=categorymembers&cmtitle=Category)
    skip category (HTTP 429 rate limited: https://en.wikipedia.org/w/api.php?format=json&action=query&list=categorymembers&cmtitle=Category)
    skip category (HTTP 429 rate limited: https://en.wikipedia.org/w/api.php?format=json&action=query&list=categorymembers&cmtitle=Category)
    skip category (HTTP 429 rate limited: https://en.wikipedia.org/w/api.php?format=json&action=query&list=categorymembers&cmtitle=Category)
    skip category (HTTP 429 rate limited: https://en.wikipedia.org/w/api.php?format=json&action=query&list=categorymembers&cmtitle=Category)
    skip category (HTTP 429 rate limited: https://en.wikipedia.org/w/api.php?format=json&action=query&list=categorymembers&cmtitle=Category)
    skip category (HTTP 429 rate limited: https://en.wikipedia.org/w/api.php?format=json&action=query&list=categorymembers&cmtitle=Category)
    skip category (HTTP 429 rate limited: https://en.wikipedia.org/w/api.php?format=json&action=query&list=categorymembers&cmtitle=Category)
    skip category (HTTP 429 rate limited: https://en.wikipedia.org/w/api.php?format=json&action=query&list=categorymembers&cmtitle=Category)
    skip category (HTTP 429 rate limited: https://en.wikipedia.org/w/api.php?format=json&action=query&list=categorymembers&cmtitle=Category)
    skip category (HTTP 429 rate limited: https://en.wikipedia.org/w/api.php?format=json&action=query&list=categorymembers&cmtitle=Category)
    skip category (HTTP 429 rate limited: https://en.wikipedia.org/w/api.php?format=json&action=query&list=categorymembers&cmtitle=Category)
    skip category (HTTP 429 rate limited: https://en.wikipedia.org/w/api.php?format=json&action=query&list=categorymembers&cmtitle=Category)
    skip category (HTTP 429 rate limited: https://en.wikipedia.org/w/api.php?format=json&action=query&list=categorymembers&cmtitle=Category)
    skip category (HTTP 429 rate limited: https://en.wikipedia.org/w/api.php?format=json&action=query&list=categorymembers&cmtitle=Category)
    skip category (HTTP 429 rate limited: https://en.wikipedia.org/w/api.php?format=json&action=query&list=categorymembers&cmtitle=Category)
    skip category (HTTP 429 rate limited: https://en.wikipedia.org/w/api.php?format=json&action=query&list=categorymembers&cmtitle=Category)
    skip category (HTTP 429 rate limited: https://en.wikipedia.org/w/api.php?format=json&action=query&list=categorymembers&cmtitle=Category)
    skip category (HTTP 429 rate limited: https://en.wikipedia.org/w/api.php?format=json&action=query&list=categorymembers&cmtitle=Category)
    skip category (HTTP 429 rate limited: https://en.wikipedia.org/w/api.php?format=json&action=query&list=categorymembers&cmtitle=Category)
    skip category (HTTP 429 rate limited: https://en.wikipedia.org/w/api.php?format=json&action=query&list=categorymembers&cmtitle=Category)
    skip category (HTTP 429 rate limited: https://en.wikipedia.org/w/api.php?format=json&action=query&list=categorymembers&cmtitle=Category)
    skip category (HTTP 429 rate limited: https://en.wikipedia.org/w/api.php?format=json&action=query&list=categorymembers&cmtitle=Category)
    skip category (HTTP 429 rate limited: https://en.wikipedia.org/w/api.php?format=json&action=query&list=categorymembers&cmtitle=Category)
    skip category (HTTP 429 rate limited: https://en.wikipedia.org/w/api.php?format=json&action=query&list=categorymembers&cmtitle=Category)
    skip category (HTTP 429 rate limited: https://en.wikipedia.org/w/api.php?format=json&action=query&list=categorymembers&cmtitle=Category)
    skip category (HTTP 429 rate limited: https://en.wikipedia.org/w/api.php?format=json&action=query&list=categorymembers&cmtitle=Category)
    skip category (HTTP 429 rate limited: https://en.wikipedia.org/w/api.php?format=json&action=query&list=categorymembers&cmtitle=Category)
    skip category (HTTP 429 rate limited: https://en.wikipedia.org/w/api.php?format=json&action=query&list=categorymembers&cmtitle=Category)
    skip category (HTTP 429 rate limited: https://en.wikipedia.org/w/api.php?format=json&action=query&list=categorymembers&cmtitle=Category)
    skip category (HTTP 429 rate limited: https://en.wikipedia.org/w/api.php?format=json&action=query&list=categorymembers&cmtitle=Category)
    skip category (HTTP 429 rate limited: https://en.wikipedia.org/w/api.php?format=json&action=query&list=categorymembers&cmtitle=Category)
    skip category (HTTP 429 rate limited: https://en.wikipedia.org/w/api.php?format=json&action=query&list=categorymembers&cmtitle=Category)
    skip category (HTTP 429 rate limited: https://en.wikipedia.org/w/api.php?format=json&action=query&list=categorymembers&cmtitle=Category)
    skip category (HTTP 429 rate limited: https://en.wikipedia.org/w/api.php?format=json&action=query&list=categorymembers&cmtitle=Category)
    skip category (HTTP 429 rate limited: https://en.wikipedia.org/w/api.php?format=json&action=query&list=categorymembers&cmtitle=Category)
    skip category (HTTP 429 rate limited: https://en.wikipedia.org/w/api.php?format=json&action=query&list=categorymembers&cmtitle=Category)
    skip category (HTTP 429 rate limited: https://en.wikipedia.org/w/api.php?format=json&action=query&list=categorymembers&cmtitle=Category)
    skip category (HTTP 429 rate limited: https://en.wikipedia.org/w/api.php?format=json&action=query&list=categorymembers&cmtitle=Category)
    skip category (HTTP 429 rate limited: https://en.wikipedia.org/w/api.php?format=json&action=query&list=categorymembers&cmtitle=Category)
    skip category (HTTP 429 rate limited: https://en.wikipedia.org/w/api.php?format=json&action=query&list=categorymembers&cmtitle=Category)
    skip category (HTTP 429 rate limited: https://en.wikipedia.org/w/api.php?format=json&action=query&list=categorymembers&cmtitle=Category)
    skip category (HTTP 429 rate limited: https://en.wikipedia.org/w/api.php?format=json&action=query&list=categorymembers&cmtitle=Category)
    skip category (HTTP 429 rate limited: https://en.wikipedia.org/w/api.php?format=json&action=query&list=categorymembers&cmtitle=Category)
    skip category (HTTP 429 rate limited: https://en.wikipedia.org/w/api.php?format=json&action=query&list=categorymembers&cmtitle=Category)
    skip category (HTTP 429 rate limited: https://en.wikipedia.org/w/api.php?format=json&action=query&list=categorymembers&cmtitle=Category)
    skip category (HTTP 429 rate limited: https://en.wikipedia.org/w/api.php?format=json&action=query&list=categorymembers&cmtitle=Category)
    skip category (HTTP 429 rate limited: https://en.wikipedia.org/w/api.php?format=json&action=query&list=categorymembers&cmtitle=Category)
    skip category (HTTP 429 rate limited: https://en.wikipedia.org/w/api.php?format=json&action=query&list=categorymembers&cmtitle=Category)
    skip category (HTTP 429 rate limited: https://en.wikipedia.org/w/api.php?format=json&action=query&list=categorymembers&cmtitle=Category)
    skip category (HTTP 429 rate limited: https://en.wikipedia.org/w/api.php?format=json&action=query&list=categorymembers&cmtitle=Category)
    skip category (HTTP 429 rate limited: https://en.wikipedia.org/w/api.php?format=json&action=query&list=categorymembers&cmtitle=Category)
    skip category (HTTP 429 rate limited: https://en.wikipedia.org/w/api.php?format=json&action=query&list=categorymembers&cmtitle=Category)
    skip category (HTTP 429 rate limited: https://en.wikipedia.org/w/api.php?format=json&action=query&list=categorymembers&cmtitle=Category)
    skip category (HTTP 429 rate limited: https://en.wikipedia.org/w/api.php?format=json&action=query&list=categorymembers&cmtitle=Category)
    skip category (HTTP 429 rate limited: https://en.wikipedia.org/w/api.php?format=json&action=query&list=categorymembers&cmtitle=Category)
    skip category (HTTP 429 rate limited: https://en.wikipedia.org/w/api.php?format=json&action=query&list=categorymembers&cmtitle=Category)
    skip category (HTTP 429 rate limited: https://en.wikipedia.org/w/api.php?format=json&action=query&list=categorymembers&cmtitle=Category)
    skip category (HTTP 429 rate limited: https://en.wikipedia.org/w/api.php?format=json&action=query&list=categorymembers&cmtitle=Category)
    skip category (HTTP 429 rate limited: https://en.wikipedia.org/w/api.php?format=json&action=query&list=categorymembers&cmtitle=Category)
    skip category (HTTP 429 rate limited: https://en.wikipedia.org/w/api.php?format=json&action=query&list=categorymembers&cmtitle=Category)
    skip category (HTTP 429 rate limited: https://en.wikipedia.org/w/api.php?format=json&action=query&list=categorymembers&cmtitle=Category)
    skip category (HTTP 429 rate limited: https://en.wikipedia.org/w/api.php?format=json&action=query&list=categorymembers&cmtitle=Category)
    skip category (HTTP 429 rate limited: https://en.wikipedia.org/w/api.php?format=json&action=query&list=categorymembers&cmtitle=Category)
    skip category (HTTP 429 rate limited: https://en.wikipedia.org/w/api.php?format=json&action=query&list=categorymembers&cmtitle=Category)
    skip category (HTTP 429 rate limited: https://en.wikipedia.org/w/api.php?format=json&action=query&list=categorymembers&cmtitle=Category)
    skip category (HTTP 429 rate limited: https://en.wikipedia.org/w/api.php?format=json&action=query&list=categorymembers&cmtitle=Category)
    skip category (HTTP 429 rate limited: https://en.wikipedia.org/w/api.php?format=json&action=query&list=categorymembers&cmtitle=Category)
    skip category (HTTP 429 rate limited: https://en.wikipedia.org/w/api.php?format=json&action=query&list=categorymembers&cmtitle=Category)
    skip category (HTTP 429 rate limited: https://en.wikipedia.org/w/api.php?format=json&action=query&list=categorymembers&cmtitle=Category)
    skip category (HTTP 429 rate limited: https://en.wikipedia.org/w/api.php?format=json&action=query&list=categorymembers&cmtitle=Category)
    skip category (HTTP 429 rate limited: https://en.wikipedia.org/w/api.php?format=json&action=query&list=categorymembers&cmtitle=Category)
    skip category (HTTP 429 rate limited: https://en.wikipedia.org/w/api.php?format=json&action=query&list=categorymembers&cmtitle=Category)
    skip category (HTTP 429 rate limited: https://en.wikipedia.org/w/api.php?format=json&action=query&list=categorymembers&cmtitle=Category)
    skip category (HTTP 429 rate limited: https://en.wikipedia.org/w/api.php?format=json&action=query&list=categorymembers&cmtitle=Category)
    skip category (HTTP 429 rate limited: https://en.wikipedia.org/w/api.php?format=json&action=query&list=categorymembers&cmtitle=Category)
    skip category (HTTP 429 rate limited: https://en.wikipedia.org/w/api.php?format=json&action=query&list=categorymembers&cmtitle=Category)
    skip category (HTTP 429 rate limited: https://en.wikipedia.org/w/api.php?format=json&action=query&list=categorymembers&cmtitle=Category)
    skip category (HTTP 429 rate limited: https://en.wikipedia.org/w/api.php?format=json&action=query&list=categorymembers&cmtitle=Category)
    skip category (HTTP 429 rate limited: https://en.wikipedia.org/w/api.php?format=json&action=query&list=categorymembers&cmtitle=Category)
    skip category (HTTP 429 rate limited: https://en.wikipedia.org/w/api.php?format=json&action=query&list=categorymembers&cmtitle=Category)
    skip category (HTTP 429 rate limited: https://en.wikipedia.org/w/api.php?format=json&action=query&list=categorymembers&cmtitle=Category)
    skip category (HTTP 429 rate limited: https://en.wikipedia.org/w/api.php?format=json&action=query&list=categorymembers&cmtitle=Category)
    skip category (HTTP 429 rate limited: https://en.wikipedia.org/w/api.php?format=json&action=query&list=categorymembers&cmtitle=Category)
    skip category (HTTP 429 rate limited: https://en.wikipedia.org/w/api.php?format=json&action=query&list=categorymembers&cmtitle=Category)
    skip category (HTTP 429 rate limited: https://en.wikipedia.org/w/api.php?format=json&action=query&list=categorymembers&cmtitle=Category)
    skip category (HTTP 429 rate limited: https://en.wikipedia.org/w/api.php?format=json&action=query&list=categorymembers&cmtitle=Category)
    skip category (HTTP 429 rate limited: https://en.wikipedia.org/w/api.php?format=json&action=query&list=categorymembers&cmtitle=Category)
    skip category (HTTP 429 rate limited: https://en.wikipedia.org/w/api.php?format=json&action=query&list=categorymembers&cmtitle=Category)
    skip category (HTTP 429 rate limited: https://en.wikipedia.org/w/api.php?format=json&action=query&list=categorymembers&cmtitle=Category)
    skip category (HTTP 429 rate limited: https://en.wikipedia.org/w/api.php?format=json&action=query&list=categorymembers&cmtitle=Category)
    skip category (HTTP 429 rate limited: https://en.wikipedia.org/w/api.php?format=json&action=query&list=categorymembers&cmtitle=Category)
    skip category (HTTP 429 rate limited: https://en.wikipedia.org/w/api.php?format=json&action=query&list=categorymembers&cmtitle=Category)
    skip category (HTTP 429 rate limited: https://en.wikipedia.org/w/api.php?format=json&action=query&list=categorymembers&cmtitle=Category)
    skip category (HTTP 429 rate limited: https://en.wikipedia.org/w/api.php?format=json&action=query&list=categorymembers&cmtitle=Category)
    skip category (HTTP 429 rate limited: https://en.wikipedia.org/w/api.php?format=json&action=query&list=categorymembers&cmtitle=Category)
  intro batch failed: HTTP 429 rate limited: https://en.wikipedia.org/w/api.php?format=json&action=query&titles=BlazBlue&redirects=1&prop=revisions&rvprop=content&rvslots=main
    skip category (HTTP 429 rate limited: https://en.wikipedia.org/w/api.php?format=json&action=query&list=categorymembers&cmtitle=Category)
    skip category (HTTP 429 rate limited: https://en.wikipedia.org/w/api.php?format=json&action=query&list=categorymembers&cmtitle=Category)
    skip category (HTTP 429 rate limited: https://en.wikipedia.org/w/api.php?format=json&action=query&list=categorymembers&cmtitle=Category)
    skip category (HTTP 429 rate limited: https://en.wikipedia.org/w/api.php?format=json&action=query&list=categorymembers&cmtitle=Category)
    skip category (HTTP 429 rate limited: https://en.wikipedia.org/w/api.php?format=json&action=query&list=categorymembers&cmtitle=Category)
    skip category (HTTP 429 rate limited: https://en.wikipedia.org/w/api.php?format=json&action=query&list=categorymembers&cmtitle=Category)
    skip category (HTTP 429 rate limited: https://en.wikipedia.org/w/api.php?format=json&action=query&list=categorymembers&cmtitle=Category)
    skip category (HTTP 429 rate limited: https://en.wikipedia.org/w/api.php?format=json&action=query&list=categorymembers&cmtitle=Category)
    skip category (HTTP 429 rate limited: https://en.wikipedia.org/w/api.php?format=json&action=query&list=categorymembers&cmtitle=Category)
    skip category (HTTP 429 rate limited: https://en.wikipedia.org/w/api.php?format=json&action=query&list=categorymembers&cmtitle=Category)
    skip category (HTTP 429 rate limited: https://en.wikipedia.org/w/api.php?format=json&action=query&list=categorymembers&cmtitle=Category)
    skip category (HTTP 429 rate limited: https://en.wikipedia.org/w/api.php?format=json&action=query&list=categorymembers&cmtitle=Category)
    skip category (HTTP 429 rate limited: https://en.wikipedia.org/w/api.php?format=json&action=query&list=categorymembers&cmtitle=Category)
    skip category (HTTP 429 rate limited: https://en.wikipedia.org/w/api.php?format=json&action=query&list=categorymembers&cmtitle=Category)
    skip category (HTTP 429 rate limited: https://en.wikipedia.org/w/api.php?format=json&action=query&list=categorymembers&cmtitle=Category)
    skip category (HTTP 429 rate limited: https://en.wikipedia.org/w/api.php?format=json&action=query&list=categorymembers&cmtitle=Category)
    skip category (HTTP 429 rate limited: https://en.wikipedia.org/w/api.php?format=json&action=query&list=categorymembers&cmtitle=Category)
    skip category (HTTP 429 rate limited: https://en.wikipedia.org/w/api.php?format=json&action=query&list=categorymembers&cmtitle=Category)
    skip category (HTTP 429 rate limited: https://en.wikipedia.org/w/api.php?format=json&action=query&list=categorymembers&cmtitle=Category)
  identity batch failed: HTTP 429 rate limited: https://en.wikipedia.org/w/api.php?format=json&action=query&titles=Characters+of+the+Fatal+Fury+series&redirects=1&prop=pageimages%7Cinfo&piprop=thumbnail%7Cname&pithumbsize=180&inprop=url
  intro batch failed: HTTP 429 rate limited: https://en.wikipedia.org/w/api.php?format=json&action=query&titles=Characters+of+the+Fatal+Fury+series&redirects=1&prop=revisions&rvprop=content&rvslots=main
  [rich] Fandom batch failed: HTTP 429 rate limited: https://en.wikipedia.org/w/api.php?format=json&action=query&titles=Characters+of+the+Fatal+Fury+series&redirects=1&prop=revisions&rvprop=content&rvslots=main
  [rich] Wikipedia batch failed: HTTP 429 for https://en.wikipedia.org/w/api.php?action=query&format=json&origin=*&titles=Characters+of+the+Fatal+Fury+series&redirects=1&prop=extracts&explaintext=1&exintro=1&exlimit=max: You are making too many requests to the API.
Please follow the best practices at <https://www.mediawiki.org/wiki/Wikimedia_APIs/Rate_limits>.
If you are unsure how to get the access you need, contact 
  [rich] Wikipedia batch failed: HTTP 429 for https://en.wikipedia.org/w/api.php?action=query&format=json&origin=*&titles=Characters+of+the+Fatal+Fury+series&redirects=1&prop=extracts&explaintext=1&exintro=1&exlimit=max: You are making too many requests to the API.
Please follow the best practices at <https://www.mediawiki.org/wiki/Wikimedia_APIs/Rate_limits>.
If you are unsure how to get the access you need, contact 
    skip category (HTTP 429 rate limited: https://en.wikipedia.org/w/api.php?format=json&action=query&list=categorymembers&cmtitle=Category)
    skip category (HTTP 429 rate limited: https://en.wikipedia.org/w/api.php?format=json&action=query&list=categorymembers&cmtitle=Category)
    skip category (HTTP 429 rate limited: https://en.wikipedia.org/w/api.php?format=json&action=query&list=categorymembers&cmtitle=Category)
    skip category (HTTP 429 rate limited: https://en.wikipedia.org/w/api.php?format=json&action=query&list=categorymembers&cmtitle=Category)
    skip category (HTTP 429 rate limited: https://en.wikipedia.org/w/api.php?format=json&action=query&list=categorymembers&cmtitle=Category)
    skip category (HTTP 429 rate limited: https://en.wikipedia.org/w/api.php?format=json&action=query&list=categorymembers&cmtitle=Category)
    skip category (HTTP 429 rate limited: https://en.wikipedia.org/w/api.php?format=json&action=query&list=categorymembers&cmtitle=Category)
    skip category (HTTP 429 rate limited: https://en.wikipedia.org/w/api.php?format=json&action=query&list=categorymembers&cmtitle=Category)
    skip category (HTTP 429 rate limited: https://en.wikipedia.org/w/api.php?format=json&action=query&list=categorymembers&cmtitle=Category)
    skip category (HTTP 429 rate limited: https://en.wikipedia.org/w/api.php?format=json&action=query&list=categorymembers&cmtitle=Category)
    skip category (HTTP 429 rate limited: https://en.wikipedia.org/w/api.php?format=json&action=query&list=categorymembers&cmtitle=Category)
    skip category (HTTP 429 rate limited: https://en.wikipedia.org/w/api.php?format=json&action=query&list=categorymembers&cmtitle=Category)
    skip category (HTTP 429 rate limited: https://en.wikipedia.org/w/api.php?format=json&action=query&list=categorymembers&cmtitle=Category)
    skip category (HTTP 429 rate limited: https://en.wikipedia.org/w/api.php?format=json&action=query&list=categorymembers&cmtitle=Category)
    skip category (HTTP 429 rate limited: https://en.wikipedia.org/w/api.php?format=json&action=query&list=categorymembers&cmtitle=Category)
    skip category (HTTP 429 rate limited: https://en.wikipedia.org/w/api.php?format=json&action=query&list=categorymembers&cmtitle=Category)
    skip category (HTTP 429 rate limited: https://en.wikipedia.org/w/api.php?format=json&action=query&list=categorymembers&cmtitle=Category)
    skip category (HTTP 429 rate limited: https://en.wikipedia.org/w/api.php?format=json&action=query&list=categorymembers&cmtitle=Category)
    skip category (HTTP 429 rate limited: https://en.wikipedia.org/w/api.php?format=json&action=query&list=categorymembers&cmtitle=Category)
    skip category (HTTP 429 rate limited: https://en.wikipedia.org/w/api.php?format=json&action=query&list=categorymembers&cmtitle=Category)
    skip category (HTTP 429 rate limited: https://en.wikipedia.org/w/api.php?format=json&action=query&list=categorymembers&cmtitle=Category)
    skip category (HTTP 429 rate limited: https://en.wikipedia.org/w/api.php?format=json&action=query&list=categorymembers&cmtitle=Category)
    skip category (HTTP 429 rate limited: https://en.wikipedia.org/w/api.php?format=json&action=query&list=categorymembers&cmtitle=Category)
    skip category (HTTP 429 rate limited: https://en.wikipedia.org/w/api.php?format=json&action=query&list=categorymembers&cmtitle=Category)
    skip category (HTTP 429 rate limited: https://en.wikipedia.org/w/api.php?format=json&action=query&list=categorymembers&cmtitle=Category)
    skip category (HTTP 429 rate limited: https://en.wikipedia.org/w/api.php?format=json&action=query&list=categorymembers&cmtitle=Category)
    skip category (HTTP 429 rate limited: https://en.wikipedia.org/w/api.php?format=json&action=query&list=categorymembers&cmtitle=Category)
    skip category (HTTP 429 rate limited: https://en.wikipedia.org/w/api.php?format=json&action=query&list=categorymembers&cmtitle=Category)
    skip category (HTTP 429 rate limited: https://en.wikipedia.org/w/api.php?format=json&action=query&list=categorymembers&cmtitle=Category)
    skip category (HTTP 429 rate limited: https://en.wikipedia.org/w/api.php?format=json&action=query&list=categorymembers&cmtitle=Category)
    skip category (HTTP 429 rate limited: https://en.wikipedia.org/w/api.php?format=json&action=query&list=categorymembers&cmtitle=Category)
    skip category (HTTP 429 rate limited: https://en.wikipedia.org/w/api.php?format=json&action=query&list=categorymembers&cmtitle=Category)
    skip category (HTTP 429 rate limited: https://en.wikipedia.org/w/api.php?format=json&action=query&list=categorymembers&cmtitle=Category)
    skip category (HTTP 429 rate limited: https://en.wikipedia.org/w/api.php?format=json&action=query&list=categorymembers&cmtitle=Category)
    skip category (HTTP 429 rate limited: https://en.wikipedia.org/w/api.php?format=json&action=query&list=categorymembers&cmtitle=Category)
    skip category (HTTP 429 rate limited: https://en.wikipedia.org/w/api.php?format=json&action=query&list=categorymembers&cmtitle=Category)
    skip category (HTTP 429 rate limited: https://en.wikipedia.org/w/api.php?format=json&action=query&list=categorymembers&cmtitle=Category)
    skip category (HTTP 429 rate limited: https://en.wikipedia.org/w/api.php?format=json&action=query&list=categorymembers&cmtitle=Category)
    skip category (HTTP 429 rate limited: https://en.wikipedia.org/w/api.php?format=json&action=query&list=categorymembers&cmtitle=Category)
    skip category (HTTP 429 rate limited: https://en.wikipedia.org/w/api.php?format=json&action=query&list=categorymembers&cmtitle=Category)
    skip category (HTTP 429 rate limited: https://en.wikipedia.org/w/api.php?format=json&action=query&list=categorymembers&cmtitle=Category)
    skip category (HTTP 429 rate limited: https://en.wikipedia.org/w/api.php?format=json&action=query&list=categorymembers&cmtitle=Category)
    skip category (HTTP 429 rate limited: https://en.wikipedia.org/w/api.php?format=json&action=query&list=categorymembers&cmtitle=Category)
    skip category (HTTP 429 rate limited: https://en.wikipedia.org/w/api.php?format=json&action=query&list=categorymembers&cmtitle=Category)
    skip category (HTTP 429 rate limited: https://en.wikipedia.org/w/api.php?format=json&action=query&list=categorymembers&cmtitle=Category)
    skip category (HTTP 429 rate limited: https://en.wikipedia.org/w/api.php?format=json&action=query&list=categorymembers&cmtitle=Category)
    skip category (HTTP 429 rate limited: https://en.wikipedia.org/w/api.php?format=json&action=query&list=categorymembers&cmtitle=Category)
    skip category (HTTP 429 rate limited: https://en.wikipedia.org/w/api.php?format=json&action=query&list=categorymembers&cmtitle=Category)
    skip category (HTTP 429 rate limited: https://en.wikipedia.org/w/api.php?format=json&action=query&list=categorymembers&cmtitle=Category)
    skip category (HTTP 429 rate limited: https://en.wikipedia.org/w/api.php?format=json&action=query&list=categorymembers&cmtitle=Category)
    skip category (HTTP 429 rate limited: https://en.wikipedia.org/w/api.php?format=json&action=query&list=categorymembers&cmtitle=Category)
    skip category (HTTP 429 rate limited: https://en.wikipedia.org/w/api.php?format=json&action=query&list=categorymembers&cmtitle=Category)
    skip category (HTTP 429 rate limited: https://en.wikipedia.org/w/api.php?format=json&action=query&list=categorymembers&cmtitle=Category)
    skip category (HTTP 429 rate limited: https://en.wikipedia.org/w/api.php?format=json&action=query&list=categorymembers&cmtitle=Category)
    skip category (HTTP 429 rate limited: https://en.wikipedia.org/w/api.php?format=json&action=query&list=categorymembers&cmtitle=Category)
    skip category (HTTP 429 rate limited: https://en.wikipedia.org/w/api.php?format=json&action=query&list=categorymembers&cmtitle=Category)
    skip category (HTTP 429 rate limited: https://en.wikipedia.org/w/api.php?format=json&action=query&list=categorymembers&cmtitle=Category)
    skip category (HTTP 429 rate limited: https://en.wikipedia.org/w/api.php?format=json&action=query&list=categorymembers&cmtitle=Category)
    skip category (HTTP 429 rate limited: https://en.wikipedia.org/w/api.php?format=json&action=query&list=categorymembers&cmtitle=Category)
    skip category (HTTP 429 rate limited: https://en.wikipedia.org/w/api.php?format=json&action=query&list=categorymembers&cmtitle=Category)
    skip category (HTTP 429 rate limited: https://en.wikipedia.org/w/api.php?format=json&action=query&list=categorymembers&cmtitle=Category)
    skip category (HTTP 429 rate limited: https://en.wikipedia.org/w/api.php?format=json&action=query&list=categorymembers&cmtitle=Category)
    skip category (HTTP 429 rate limited: https://en.wikipedia.org/w/api.php?format=json&action=query&list=categorymembers&cmtitle=Category)
    skip category (HTTP 429 rate limited: https://en.wikipedia.org/w/api.php?format=json&action=query&list=categorymembers&cmtitle=Category)
    skip category (HTTP 429 rate limited: https://en.wikipedia.org/w/api.php?format=json&action=query&list=categorymembers&cmtitle=Category)
    skip category (HTTP 429 rate limited: https://en.wikipedia.org/w/api.php?format=json&action=query&list=categorymembers&cmtitle=Category)
    skip category (HTTP 429 rate limited: https://en.wikipedia.org/w/api.php?format=json&action=query&list=categorymembers&cmtitle=Category)
    skip category (HTTP 429 rate limited: https://en.wikipedia.org/w/api.php?format=json&action=query&list=categorymembers&cmtitle=Category)
    skip category (HTTP 429 rate limited: https://en.wikipedia.org/w/api.php?format=json&action=query&list=categorymembers&cmtitle=Category)
    skip category (HTTP 429 rate limited: https://en.wikipedia.org/w/api.php?format=json&action=query&list=categorymembers&cmtitle=Category)
    skip category (HTTP 429 rate limited: https://en.wikipedia.org/w/api.php?format=json&action=query&list=categorymembers&cmtitle=Category)
    skip category (HTTP 429 rate limited: https://en.wikipedia.org/w/api.php?format=json&action=query&list=categorymembers&cmtitle=Category)
    skip category (HTTP 429 rate limited: https://en.wikipedia.org/w/api.php?format=json&action=query&list=categorymembers&cmtitle=Category)
    skip category (HTTP 429 rate limited: https://en.wikipedia.org/w/api.php?format=json&action=query&list=categorymembers&cmtitle=Category)
    skip category (HTTP 429 rate limited: https://en.wikipedia.org/w/api.php?format=json&action=query&list=categorymembers&cmtitle=Category)
    skip category (HTTP 429 rate limited: https://en.wikipedia.org/w/api.php?format=json&action=query&list=categorymembers&cmtitle=Category)
    skip category (HTTP 429 rate limited: https://en.wikipedia.org/w/api.php?format=json&action=query&list=categorymembers&cmtitle=Category)
    skip category (HTTP 429 rate limited: https://en.wikipedia.org/w/api.php?format=json&action=query&list=categorymembers&cmtitle=Category)
    skip category (HTTP 429 rate limited: https://en.wikipedia.org/w/api.php?format=json&action=query&list=categorymembers&cmtitle=Category)
    skip category (HTTP 429 rate limited: https://en.wikipedia.org/w/api.php?format=json&action=query&list=categorymembers&cmtitle=Category)
    skip category (HTTP 429 rate limited: https://en.wikipedia.org/w/api.php?format=json&action=query&list=categorymembers&cmtitle=Category)
    skip category (HTTP 429 rate limited: https://en.wikipedia.org/w/api.php?format=json&action=query&list=categorymembers&cmtitle=Category)
    skip category (HTTP 429 rate limited: https://en.wikipedia.org/w/api.php?format=json&action=query&list=categorymembers&cmtitle=Category)
    skip category (HTTP 429 rate limited: https://en.wikipedia.org/w/api.php?format=json&action=query&list=categorymembers&cmtitle=Category)
    skip category (HTTP 429 rate limited: https://en.wikipedia.org/w/api.php?format=json&action=query&list=categorymembers&cmtitle=Category)
    skip category (HTTP 429 rate limited: https://en.wikipedia.org/w/api.php?format=json&action=query&list=categorymembers&cmtitle=Category)
    skip category (HTTP 429 rate limited: https://en.wikipedia.org/w/api.php?format=json&action=query&list=categorymembers&cmtitle=Category)
    skip category (HTTP 429 rate limited: https://en.wikipedia.org/w/api.php?format=json&action=query&list=categorymembers&cmtitle=Category)
    skip category (HTTP 429 rate limited: https://en.wikipedia.org/w/api.php?format=json&action=query&list=categorymembers&cmtitle=Category)
    skip category (HTTP 429 rate limited: https://en.wikipedia.org/w/api.php?format=json&action=query&list=categorymembers&cmtitle=Category)
    skip category (HTTP 429 rate limited: https://en.wikipedia.org/w/api.php?format=json&action=query&list=categorymembers&cmtitle=Category)
    skip category (HTTP 429 rate limited: https://en.wikipedia.org/w/api.php?format=json&action=query&list=categorymembers&cmtitle=Category)
    skip category (HTTP 429 rate limited: https://en.wikipedia.org/w/api.php?format=json&action=query&list=categorymembers&cmtitle=Category)
    skip category (HTTP 429 rate limited: https://en.wikipedia.org/w/api.php?format=json&action=query&list=categorymembers&cmtitle=Category)
    skip category (HTTP 429 rate limited: https://en.wikipedia.org/w/api.php?format=json&action=query&list=categorymembers&cmtitle=Category)
    skip category (HTTP 429 rate limited: https://en.wikipedia.org/w/api.php?format=json&action=query&list=categorymembers&cmtitle=Category)
    skip category (HTTP 429 rate limited: https://en.wikipedia.org/w/api.php?format=json&action=query&list=categorymembers&cmtitle=Category)
    skip category (HTTP 429 rate limited: https://en.wikipedia.org/w/api.php?format=json&action=query&list=categorymembers&cmtitle=Category)
    skip category (HTTP 429 rate limited: https://en.wikipedia.org/w/api.php?format=json&action=query&list=categorymembers&cmtitle=Category)
    skip category (HTTP 429 rate limited: https://en.wikipedia.org/w/api.php?format=json&action=query&list=categorymembers&cmtitle=Category)
    skip category (HTTP 429 rate limited: https://en.wikipedia.org/w/api.php?format=json&action=query&list=categorymembers&cmtitle=Category)
    skip category (HTTP 429 rate limited: https://en.wikipedia.org/w/api.php?format=json&action=query&list=categorymembers&cmtitle=Category)
    skip category (HTTP 429 rate limited: https://en.wikipedia.org/w/api.php?format=json&action=query&list=categorymembers&cmtitle=Category)
    skip category (HTTP 429 rate limited: https://en.wikipedia.org/w/api.php?format=json&action=query&list=categorymembers&cmtitle=Category)
    skip category (HTTP 429 rate limited: https://en.wikipedia.org/w/api.php?format=json&action=query&list=categorymembers&cmtitle=Category)
    skip category (HTTP 429 rate limited: https://en.wikipedia.org/w/api.php?format=json&action=query&list=categorymembers&cmtitle=Category)
    skip category (HTTP 429 rate limited: https://en.wikipedia.org/w/api.php?format=json&action=query&list=categorymembers&cmtitle=Category)
    skip category (HTTP 429 rate limited: https://en.wikipedia.org/w/api.php?format=json&action=query&list=categorymembers&cmtitle=Category)
    skip category (HTTP 429 rate limited: https://en.wikipedia.org/w/api.php?format=json&action=query&list=categorymembers&cmtitle=Category)
    skip category (HTTP 429 rate limited: https://en.wikipedia.org/w/api.php?format=json&action=query&list=categorymembers&cmtitle=Category)
    skip category (HTTP 429 rate limited: https://en.wikipedia.org/w/api.php?format=json&action=query&list=categorymembers&cmtitle=Category)
    skip category (HTTP 429 rate limited: https://en.wikipedia.org/w/api.php?format=json&action=query&list=categorymembers&cmtitle=Category)
    skip category (HTTP 429 rate limited: https://en.wikipedia.org/w/api.php?format=json&action=query&list=categorymembers&cmtitle=Category)
    skip category (HTTP 429 rate limited: https://en.wikipedia.org/w/api.php?format=json&action=query&list=categorymembers&cmtitle=Category)
    skip category (HTTP 429 rate limited: https://en.wikipedia.org/w/api.php?format=json&action=query&list=categorymembers&cmtitle=Category)
    skip category (HTTP 429 rate limited: https://en.wikipedia.org/w/api.php?format=json&action=query&list=categorymembers&cmtitle=Category)
    skip category (HTTP 429 rate limited: https://en.wikipedia.org/w/api.php?format=json&action=query&list=categorymembers&cmtitle=Category)
    skip category (HTTP 429 rate limited: https://en.wikipedia.org/w/api.php?format=json&action=query&list=categorymembers&cmtitle=Category)
    skip category (HTTP 429 rate limited: https://en.wikipedia.org/w/api.php?format=json&action=query&list=categorymembers&cmtitle=Category)
    skip category (HTTP 429 rate limited: https://en.wikipedia.org/w/api.php?format=json&action=query&list=categorymembers&cmtitle=Category)
    skip category (HTTP 429 rate limited: https://en.wikipedia.org/w/api.php?format=json&action=query&list=categorymembers&cmtitle=Category)
    skip category (HTTP 429 rate limited: https://en.wikipedia.org/w/api.php?format=json&action=query&list=categorymembers&cmtitle=Category)
    skip category (HTTP 429 rate limited: https://en.wikipedia.org/w/api.php?format=json&action=query&list=categorymembers&cmtitle=Category)
    skip category (HTTP 429 rate limited: https://en.wikipedia.org/w/api.php?format=json&action=query&list=categorymembers&cmtitle=Category)
    skip category (HTTP 429 rate limited: https://en.wikipedia.org/w/api.php?format=json&action=query&list=categorymembers&cmtitle=Category)
    skip category (HTTP 429 rate limited: https://en.wikipedia.org/w/api.php?format=json&action=query&list=categorymembers&cmtitle=Category)
    skip category (HTTP 429 rate limited: https://en.wikipedia.org/w/api.php?format=json&action=query&list=categorymembers&cmtitle=Category)
    skip category (HTTP 429 rate limited: https://en.wikipedia.org/w/api.php?format=json&action=query&list=categorymembers&cmtitle=Category)
    skip category (HTTP 429 rate limited: https://en.wikipedia.org/w/api.php?format=json&action=query&list=categorymembers&cmtitle=Category)
    skip category (HTTP 429 rate limited: https://en.wikipedia.org/w/api.php?format=json&action=query&list=categorymembers&cmtitle=Category)
    skip category (HTTP 429 rate limited: https://en.wikipedia.org/w/api.php?format=json&action=query&list=categorymembers&cmtitle=Category)
    skip category (HTTP 429 rate limited: https://en.wikipedia.org/w/api.php?format=json&action=query&list=categorymembers&cmtitle=Category)
    skip category (HTTP 429 rate limited: https://en.wikipedia.org/w/api.php?format=json&action=query&list=categorymembers&cmtitle=Category)
    skip category (HTTP 429 rate limited: https://en.wikipedia.org/w/api.php?format=json&action=query&list=categorymembers&cmtitle=Category)
    skip category (HTTP 429 rate limited: https://en.wikipedia.org/w/api.php?format=json&action=query&list=categorymembers&cmtitle=Category)
    skip category (HTTP 429 rate limited: https://en.wikipedia.org/w/api.php?format=json&action=query&list=categorymembers&cmtitle=Category)
    skip category (HTTP 429 rate limited: https://en.wikipedia.org/w/api.php?format=json&action=query&list=categorymembers&cmtitle=Category)
    skip category (HTTP 429 rate limited: https://en.wikipedia.org/w/api.php?format=json&action=query&list=categorymembers&cmtitle=Category)
    skip category (HTTP 429 rate limited: https://en.wikipedia.org/w/api.php?format=json&action=query&list=categorymembers&cmtitle=Category)
    skip category (HTTP 429 rate limited: https://en.wikipedia.org/w/api.php?format=json&action=query&list=categorymembers&cmtitle=Category)
    skip category (HTTP 429 rate limited: https://en.wikipedia.org/w/api.php?format=json&action=query&list=categorymembers&cmtitle=Category)
    skip category (HTTP 429 rate limited: https://en.wikipedia.org/w/api.php?format=json&action=query&list=categorymembers&cmtitle=Category)
    skip category (HTTP 429 rate limited: https://en.wikipedia.org/w/api.php?format=json&action=query&list=categorymembers&cmtitle=Category)
    skip category (HTTP 429 rate limited: https://en.wikipedia.org/w/api.php?format=json&action=query&list=categorymembers&cmtitle=Category)
    skip category (HTTP 429 rate limited: https://en.wikipedia.org/w/api.php?format=json&action=query&list=categorymembers&cmtitle=Category)
    skip category (HTTP 429 rate limited: https://en.wikipedia.org/w/api.php?format=json&action=query&list=categorymembers&cmtitle=Category)
    skip category (HTTP 429 rate limited: https://en.wikipedia.org/w/api.php?format=json&action=query&list=categorymembers&cmtitle=Category)
    skip category (HTTP 429 rate limited: https://en.wikipedia.org/w/api.php?format=json&action=query&list=categorymembers&cmtitle=Category)
    skip category (HTTP 429 rate limited: https://en.wikipedia.org/w/api.php?format=json&action=query&list=categorymembers&cmtitle=Category)
    skip category (HTTP 429 rate limited: https://en.wikipedia.org/w/api.php?format=json&action=query&list=categorymembers&cmtitle=Category)
    skip category (HTTP 429 rate limited: https://en.wikipedia.org/w/api.php?format=json&action=query&list=categorymembers&cmtitle=Category)
    skip category (HTTP 429 rate limited: https://en.wikipedia.org/w/api.php?format=json&action=query&list=categorymembers&cmtitle=Category)
    skip category (HTTP 429 rate limited: https://en.wikipedia.org/w/api.php?format=json&action=query&list=categorymembers&cmtitle=Category)
    skip category (HTTP 429 rate limited: https://en.wikipedia.org/w/api.php?format=json&action=query&list=categorymembers&cmtitle=Category)
    skip category (HTTP 429 rate limited: https://en.wikipedia.org/w/api.php?format=json&action=query&list=categorymembers&cmtitle=Category)
    skip category (HTTP 429 rate limited: https://en.wikipedia.org/w/api.php?format=json&action=query&list=categorymembers&cmtitle=Category)
    skip category (HTTP 429 rate limited: https://en.wikipedia.org/w/api.php?format=json&action=query&list=categorymembers&cmtitle=Category)
    skip category (HTTP 429 rate limited: https://en.wikipedia.org/w/api.php?format=json&action=query&list=categorymembers&cmtitle=Category)
    skip category (HTTP 429 rate limited: https://en.wikipedia.org/w/api.php?format=json&action=query&list=categorymembers&cmtitle=Category)
    skip category (HTTP 429 rate limited: https://en.wikipedia.org/w/api.php?format=json&action=query&list=categorymembers&cmtitle=Category)
    skip category (HTTP 429 rate limited: https://en.wikipedia.org/w/api.php?format=json&action=query&list=categorymembers&cmtitle=Category)
    skip category (HTTP 429 rate limited: https://en.wikipedia.org/w/api.php?format=json&action=query&list=categorymembers&cmtitle=Category)
    skip category (HTTP 429 rate limited: https://en.wikipedia.org/w/api.php?format=json&action=query&list=categorymembers&cmtitle=Category)
    skip category (HTTP 429 rate limited: https://en.wikipedia.org/w/api.php?format=json&action=query&list=categorymembers&cmtitle=Category)
    skip category (HTTP 429 rate limited: https://en.wikipedia.org/w/api.php?format=json&action=query&list=categorymembers&cmtitle=Category)
    skip category (HTTP 429 rate limited: https://en.wikipedia.org/w/api.php?format=json&action=query&list=categorymembers&cmtitle=Category)
    skip category (HTTP 429 rate limited: https://en.wikipedia.org/w/api.php?format=json&action=query&list=categorymembers&cmtitle=Category)
    skip category (HTTP 429 rate limited: https://en.wikipedia.org/w/api.php?format=json&action=query&list=categorymembers&cmtitle=Category)
    skip category (HTTP 429 rate limited: https://en.wikipedia.org/w/api.php?format=json&action=query&list=categorymembers&cmtitle=Category)
    skip category (HTTP 429 rate limited: https://en.wikipedia.org/w/api.php?format=json&action=query&list=categorymembers&cmtitle=Category)
    skip category (HTTP 429 rate limited: https://en.wikipedia.org/w/api.php?format=json&action=query&list=categorymembers&cmtitle=Category)
    skip category (HTTP 429 rate limited: https://en.wikipedia.org/w/api.php?format=json&action=query&list=categorymembers&cmtitle=Category)
    skip category (HTTP 429 rate limited: https://en.wikipedia.org/w/api.php?format=json&action=query&list=categorymembers&cmtitle=Category)
    skip category (HTTP 429 rate limited: https://en.wikipedia.org/w/api.php?format=json&action=query&list=categorymembers&cmtitle=Category)
    skip category (HTTP 429 rate limited: https://en.wikipedia.org/w/api.php?format=json&action=query&list=categorymembers&cmtitle=Category)
    skip category (HTTP 429 rate limited: https://en.wikipedia.org/w/api.php?format=json&action=query&list=categorymembers&cmtitle=Category)
    skip category (HTTP 429 rate limited: https://en.wikipedia.org/w/api.php?format=json&action=query&list=categorymembers&cmtitle=Category)
    skip category (HTTP 429 rate limited: https://en.wikipedia.org/w/api.php?format=json&action=query&list=categorymembers&cmtitle=Category)
    skip category (HTTP 429 rate limited: https://en.wikipedia.org/w/api.php?format=json&action=query&list=categorymembers&cmtitle=Category)
    skip category (HTTP 429 rate limited: https://en.wikipedia.org/w/api.php?format=json&action=query&list=categorymembers&cmtitle=Category)
    skip category (HTTP 429 rate limited: https://en.wikipedia.org/w/api.php?format=json&action=query&list=categorymembers&cmtitle=Category)
    skip category (HTTP 429 rate limited: https://en.wikipedia.org/w/api.php?format=json&action=query&list=categorymembers&cmtitle=Category)
    skip category (HTTP 429 rate limited: https://en.wikipedia.org/w/api.php?format=json&action=query&list=categorymembers&cmtitle=Category)
    skip category (HTTP 429 rate limited: https://en.wikipedia.org/w/api.php?format=json&action=query&list=categorymembers&cmtitle=Category)
    skip category (HTTP 429 rate limited: https://en.wikipedia.org/w/api.php?format=json&action=query&list=categorymembers&cmtitle=Category)
    skip category (HTTP 429 rate limited: https://en.wikipedia.org/w/api.php?format=json&action=query&list=categorymembers&cmtitle=Category)
    skip category (HTTP 429 rate limited: https://en.wikipedia.org/w/api.php?format=json&action=query&list=categorymembers&cmtitle=Category)
    skip category (HTTP 429 rate limited: https://en.wikipedia.org/w/api.php?format=json&action=query&list=categorymembers&cmtitle=Category)
    skip category (HTTP 429 rate limited: https://en.wikipedia.org/w/api.php?format=json&action=query&list=categorymembers&cmtitle=Category)
    skip category (HTTP 429 rate limited: https://en.wikipedia.org/w/api.php?format=json&action=query&list=categorymembers&cmtitle=Category)
    skip category (HTTP 429 rate limited: https://en.wikipedia.org/w/api.php?format=json&action=query&list=categorymembers&cmtitle=Category)
    skip category (HTTP 429 rate limited: https://en.wikipedia.org/w/api.php?format=json&action=query&list=categorymembers&cmtitle=Category)
    skip category (HTTP 429 rate limited: https://en.wikipedia.org/w/api.php?format=json&action=query&list=categorymembers&cmtitle=Category)
    skip category (HTTP 429 rate limited: https://en.wikipedia.org/w/api.php?format=json&action=query&list=categorymembers&cmtitle=Category)
    skip category (HTTP 429 rate limited: https://en.wikipedia.org/w/api.php?format=json&action=query&list=categorymembers&cmtitle=Category)
    skip category (HTTP 429 rate limited: https://en.wikipedia.org/w/api.php?format=json&action=query&list=categorymembers&cmtitle=Category)
    skip category (HTTP 429 rate limited: https://en.wikipedia.org/w/api.php?format=json&action=query&list=categorymembers&cmtitle=Category)
    skip category (HTTP 429 rate limited: https://en.wikipedia.org/w/api.php?format=json&action=query&list=categorymembers&cmtitle=Category)
    skip category (HTTP 429 rate limited: https://en.wikipedia.org/w/api.php?format=json&action=query&list=categorymembers&cmtitle=Category)
    skip category (HTTP 429 rate limited: https://en.wikipedia.org/w/api.php?format=json&action=query&list=categorymembers&cmtitle=Category)
    skip category (HTTP 429 rate limited: https://en.wikipedia.org/w/api.php?format=json&action=query&list=categorymembers&cmtitle=Category)
    skip category (HTTP 429 rate limited: https://en.wikipedia.org/w/api.php?format=json&action=query&list=categorymembers&cmtitle=Category)
    skip category (HTTP 429 rate limited: https://en.wikipedia.org/w/api.php?format=json&action=query&list=categorymembers&cmtitle=Category)
    skip category (HTTP 429 rate limited: https://en.wikipedia.org/w/api.php?format=json&action=query&list=categorymembers&cmtitle=Category)
    skip category (HTTP 429 rate limited: https://en.wikipedia.org/w/api.php?format=json&action=query&list=categorymembers&cmtitle=Category)
    skip category (HTTP 429 rate limited: https://en.wikipedia.org/w/api.php?format=json&action=query&list=categorymembers&cmtitle=Category)
    skip category (HTTP 429 rate limited: https://en.wikipedia.org/w/api.php?format=json&action=query&list=categorymembers&cmtitle=Category)
    skip category (HTTP 429 rate limited: https://en.wikipedia.org/w/api.php?format=json&action=query&list=categorymembers&cmtitle=Category)
    skip category (HTTP 429 rate limited: https://en.wikipedia.org/w/api.php?format=json&action=query&list=categorymembers&cmtitle=Category)
    skip category (HTTP 429 rate limited: https://en.wikipedia.org/w/api.php?format=json&action=query&list=categorymembers&cmtitle=Category)
    skip category (HTTP 429 rate limited: https://en.wikipedia.org/w/api.php?format=json&action=query&list=categorymembers&cmtitle=Category)
    skip category (HTTP 429 rate limited: https://en.wikipedia.org/w/api.php?format=json&action=query&list=categorymembers&cmtitle=Category)
    skip category (HTTP 429 rate limited: https://en.wikipedia.org/w/api.php?format=json&action=query&list=categorymembers&cmtitle=Category)
    skip category (HTTP 429 rate limited: https://en.wikipedia.org/w/api.php?format=json&action=query&list=categorymembers&cmtitle=Category)
    skip category (HTTP 429 rate limited: https://en.wikipedia.org/w/api.php?format=json&action=query&list=categorymembers&cmtitle=Category)
    skip category (HTTP 429 rate limited: https://en.wikipedia.org/w/api.php?format=json&action=query&list=categorymembers&cmtitle=Category)
    skip category (HTTP 429 rate limited: https://en.wikipedia.org/w/api.php?format=json&action=query&list=categorymembers&cmtitle=Category)
    skip category (HTTP 429 rate limited: https://en.wikipedia.org/w/api.php?format=json&action=query&list=categorymembers&cmtitle=Category)
    skip category (HTTP 429 rate limited: https://en.wikipedia.org/w/api.php?format=json&action=query&list=categorymembers&cmtitle=Category)
    skip category (HTTP 429 rate limited: https://en.wikipedia.org/w/api.php?format=json&action=query&list=categorymembers&cmtitle=Category)
    skip category (HTTP 429 rate limited: https://en.wikipedia.org/w/api.php?format=json&action=query&list=categorymembers&cmtitle=Category)
    skip category (HTTP 429 rate limited: https://en.wikipedia.org/w/api.php?format=json&action=query&list=categorymembers&cmtitle=Category)
    skip category (HTTP 429 rate limited: https://en.wikipedia.org/w/api.php?format=json&action=query&list=categorymembers&cmtitle=Category)
    skip category (HTTP 429 rate limited: https://en.wikipedia.org/w/api.php?format=json&action=query&list=categorymembers&cmtitle=Category)
    skip category (HTTP 429 rate limited: https://en.wikipedia.org/w/api.php?format=json&action=query&list=categorymembers&cmtitle=Category)
    skip category (HTTP 429 rate limited: https://en.wikipedia.org/w/api.php?format=json&action=query&list=categorymembers&cmtitle=Category)
    skip category (HTTP 429 rate limited: https://en.wikipedia.org/w/api.php?format=json&action=query&list=categorymembers&cmtitle=Category)
    skip category (HTTP 429 rate limited: https://en.wikipedia.org/w/api.php?format=json&action=query&list=categorymembers&cmtitle=Category)
    skip category (HTTP 429 rate limited: https://en.wikipedia.org/w/api.php?format=json&action=query&list=categorymembers&cmtitle=Category)
    skip category (HTTP 429 rate limited: https://en.wikipedia.org/w/api.php?format=json&action=query&list=categorymembers&cmtitle=Category)
    skip category (HTTP 429 rate limited: https://en.wikipedia.org/w/api.php?format=json&action=query&list=categorymembers&cmtitle=Category)
    skip category (HTTP 429 rate limited: https://en.wikipedia.org/w/api.php?format=json&action=query&list=categorymembers&cmtitle=Category)
    skip category (HTTP 429 rate limited: https://en.wikipedia.org/w/api.php?format=json&action=query&list=categorymembers&cmtitle=Category)
    skip category (HTTP 429 rate limited: https://en.wikipedia.org/w/api.php?format=json&action=query&list=categorymembers&cmtitle=Category)
    skip category (HTTP 429 rate limited: https://en.wikipedia.org/w/api.php?format=json&action=query&list=categorymembers&cmtitle=Category)
    skip category (HTTP 429 rate limited: https://en.wikipedia.org/w/api.php?format=json&action=query&list=categorymembers&cmtitle=Category)
    skip category (HTTP 429 rate limited: https://en.wikipedia.org/w/api.php?format=json&action=query&list=categorymembers&cmtitle=Category)
    skip category (HTTP 429 rate limited: https://en.wikipedia.org/w/api.php?format=json&action=query&list=categorymembers&cmtitle=Category)
    skip category (HTTP 429 rate limited: https://en.wikipedia.org/w/api.php?format=json&action=query&list=categorymembers&cmtitle=Category)
    skip category (HTTP 429 rate limited: https://en.wikipedia.org/w/api.php?format=json&action=query&list=categorymembers&cmtitle=Category)
    skip category (HTTP 429 rate limited: https://en.wikipedia.org/w/api.php?format=json&action=query&list=categorymembers&cmtitle=Category)
    skip category (HTTP 429 rate limited: https://en.wikipedia.org/w/api.php?format=json&action=query&list=categorymembers&cmtitle=Category)
    skip category (HTTP 429 rate limited: https://en.wikipedia.org/w/api.php?format=json&action=query&list=categorymembers&cmtitle=Category)
    skip category (HTTP 429 rate limited: https://en.wikipedia.org/w/api.php?format=json&action=query&list=categorymembers&cmtitle=Category)
    skip category (HTTP 429 rate limited: https://en.wikipedia.org/w/api.php?format=json&action=query&list=categorymembers&cmtitle=Category)
    skip category (HTTP 429 rate limited: https://en.wikipedia.org/w/api.php?format=json&action=query&list=categorymembers&cmtitle=Category)
    skip category (HTTP 429 rate limited: https://en.wikipedia.org/w/api.php?format=json&action=query&list=categorymembers&cmtitle=Category)
    skip category (HTTP 429 rate limited: https://en.wikipedia.org/w/api.php?format=json&action=query&list=categorymembers&cmtitle=Category)
    skip category (HTTP 429 rate limited: https://en.wikipedia.org/w/api.php?format=json&action=query&list=categorymembers&cmtitle=Category)
    skip category (HTTP 429 rate limited: https://en.wikipedia.org/w/api.php?format=json&action=query&list=categorymembers&cmtitle=Category)
    skip category (HTTP 429 rate limited: https://en.wikipedia.org/w/api.php?format=json&action=query&list=categorymembers&cmtitle=Category)
    skip category (HTTP 429 rate limited: https://en.wikipedia.org/w/api.php?format=json&action=query&list=categorymembers&cmtitle=Category)
    skip category (HTTP 429 rate limited: https://en.wikipedia.org/w/api.php?format=json&action=query&list=categorymembers&cmtitle=Category)
    skip category (HTTP 429 rate limited: https://en.wikipedia.org/w/api.php?format=json&action=query&list=categorymembers&cmtitle=Category)
    skip category (HTTP 429 rate limited: https://en.wikipedia.org/w/api.php?format=json&action=query&list=categorymembers&cmtitle=Category)
    skip category (HTTP 429 rate limited: https://en.wikipedia.org/w/api.php?format=json&action=query&list=categorymembers&cmtitle=Category)
    skip category (HTTP 429 rate limited: https://en.wikipedia.org/w/api.php?format=json&action=query&list=categorymembers&cmtitle=Category)
    skip category (HTTP 429 rate limited: https://en.wikipedia.org/w/api.php?format=json&action=query&list=categorymembers&cmtitle=Category)
    skip category (HTTP 429 rate limited: https://en.wikipedia.org/w/api.php?format=json&action=query&list=categorymembers&cmtitle=Category)
    skip category (HTTP 429 rate limited: https://en.wikipedia.org/w/api.php?format=json&action=query&list=categorymembers&cmtitle=Category)
    skip category (HTTP 429 rate limited: https://en.wikipedia.org/w/api.php?format=json&action=query&list=categorymembers&cmtitle=Category)
    skip category (HTTP 429 rate limited: https://en.wikipedia.org/w/api.php?format=json&action=query&list=categorymembers&cmtitle=Category)
    skip category (HTTP 429 rate limited: https://en.wikipedia.org/w/api.php?format=json&action=query&list=categorymembers&cmtitle=Category)
    skip category (HTTP 429 rate limited: https://en.wikipedia.org/w/api.php?format=json&action=query&list=categorymembers&cmtitle=Category)
    skip category (HTTP 429 rate limited: https://en.wikipedia.org/w/api.php?format=json&action=query&list=categorymembers&cmtitle=Category)
    skip category (HTTP 429 rate limited: https://en.wikipedia.org/w/api.php?format=json&action=query&list=categorymembers&cmtitle=Category)
    skip category (HTTP 429 rate limited: https://en.wikipedia.org/w/api.php?format=json&action=query&list=categorymembers&cmtitle=Category)
    skip category (HTTP 429 rate limited: https://en.wikipedia.org/w/api.php?format=json&action=query&list=categorymembers&cmtitle=Category)
    skip category (HTTP 429 rate limited: https://en.wikipedia.org/w/api.php?format=json&action=query&list=categorymembers&cmtitle=Category)
    skip category (HTTP 429 rate limited: https://en.wikipedia.org/w/api.php?format=json&action=query&list=categorymembers&cmtitle=Category)
    skip category (HTTP 429 rate limited: https://en.wikipedia.org/w/api.php?format=json&action=query&list=categorymembers&cmtitle=Category)
    skip category (HTTP 429 rate limited: https://en.wikipedia.org/w/api.php?format=json&action=query&list=categorymembers&cmtitle=Category)
    skip category (HTTP 429 rate limited: https://en.wikipedia.org/w/api.php?format=json&action=query&list=categorymembers&cmtitle=Category)
    skip category (HTTP 429 rate limited: https://en.wikipedia.org/w/api.php?format=json&action=query&list=categorymembers&cmtitle=Category)
    skip category (HTTP 429 rate limited: https://en.wikipedia.org/w/api.php?format=json&action=query&list=categorymembers&cmtitle=Category)
    skip category (HTTP 429 rate limited: https://en.wikipedia.org/w/api.php?format=json&action=query&list=categorymembers&cmtitle=Category)
    skip category (HTTP 429 rate limited: https://en.wikipedia.org/w/api.php?format=json&action=query&list=categorymembers&cmtitle=Category)
    skip category (HTTP 429 rate limited: https://en.wikipedia.org/w/api.php?format=json&action=query&list=categorymembers&cmtitle=Category)
    skip category (HTTP 429 rate limited: https://en.wikipedia.org/w/api.php?format=json&action=query&list=categorymembers&cmtitle=Category)
    skip category (HTTP 429 rate limited: https://en.wikipedia.org/w/api.php?format=json&action=query&list=categorymembers&cmtitle=Category)
    skip category (HTTP 429 rate limited: https://en.wikipedia.org/w/api.php?format=json&action=query&list=categorymembers&cmtitle=Category)
    skip category (HTTP 429 rate limited: https://en.wikipedia.org/w/api.php?format=json&action=query&list=categorymembers&cmtitle=Category)
    skip category (HTTP 429 rate limited: https://en.wikipedia.org/w/api.php?format=json&action=query&list=categorymembers&cmtitle=Category)
    skip category (HTTP 429 rate limited: https://en.wikipedia.org/w/api.php?format=json&action=query&list=categorymembers&cmtitle=Category)
    skip category (HTTP 429 rate limited: https://en.wikipedia.org/w/api.php?format=json&action=query&list=categorymembers&cmtitle=Category)
    skip category (HTTP 429 rate limited: https://en.wikipedia.org/w/api.php?format=json&action=query&list=categorymembers&cmtitle=Category)
    skip category (HTTP 429 rate limited: https://en.wikipedia.org/w/api.php?format=json&action=query&list=categorymembers&cmtitle=Category)
    skip category (HTTP 429 rate limited: https://en.wikipedia.org/w/api.php?format=json&action=query&list=categorymembers&cmtitle=Category)
    skip category (HTTP 429 rate limited: https://en.wikipedia.org/w/api.php?format=json&action=query&list=categorymembers&cmtitle=Category)
    skip category (HTTP 429 rate limited: https://en.wikipedia.org/w/api.php?format=json&action=query&list=categorymembers&cmtitle=Category)
    skip category (HTTP 429 rate limited: https://en.wikipedia.org/w/api.php?format=json&action=query&list=categorymembers&cmtitle=Category)
    skip category (HTTP 429 rate limited: https://en.wikipedia.org/w/api.php?format=json&action=query&list=categorymembers&cmtitle=Category)
    skip category (HTTP 429 rate limited: https://en.wikipedia.org/w/api.php?format=json&action=query&list=categorymembers&cmtitle=Category)
    skip category (HTTP 429 rate limited: https://en.wikipedia.org/w/api.php?format=json&action=query&list=categorymembers&cmtitle=Category)
    skip category (HTTP 429 rate limited: https://en.wikipedia.org/w/api.php?format=json&action=query&list=categorymembers&cmtitle=Category)
    skip category (HTTP 429 rate limited: https://en.wikipedia.org/w/api.php?format=json&action=query&list=categorymembers&cmtitle=Category)
    skip category (HTTP 429 rate limited: https://en.wikipedia.org/w/api.php?format=json&action=query&list=categorymembers&cmtitle=Category)
    skip category (HTTP 429 rate limited: https://en.wikipedia.org/w/api.php?format=json&action=query&list=categorymembers&cmtitle=Category)
    skip category (HTTP 429 rate limited: https://en.wikipedia.org/w/api.php?format=json&action=query&list=categorymembers&cmtitle=Category)
    skip category (HTTP 429 rate limited: https://en.wikipedia.org/w/api.php?format=json&action=query&list=categorymembers&cmtitle=Category)
    skip category (HTTP 429 rate limited: https://en.wikipedia.org/w/api.php?format=json&action=query&list=categorymembers&cmtitle=Category)
    skip category (HTTP 429 rate limited: https://en.wikipedia.org/w/api.php?format=json&action=query&list=categorymembers&cmtitle=Category)
    skip category (HTTP 429 rate limited: https://en.wikipedia.org/w/api.php?format=json&action=query&list=categorymembers&cmtitle=Category)
    skip category (HTTP 429 rate limited: https://en.wikipedia.org/w/api.php?format=json&action=query&list=categorymembers&cmtitle=Category)
    skip category (HTTP 429 rate limited: https://en.wikipedia.org/w/api.php?format=json&action=query&list=categorymembers&cmtitle=Category)
    skip category (HTTP 429 rate limited: https://en.wikipedia.org/w/api.php?format=json&action=query&list=categorymembers&cmtitle=Category)
    skip category (HTTP 429 rate limited: https://en.wikipedia.org/w/api.php?format=json&action=query&list=categorymembers&cmtitle=Category)
    skip category (HTTP 429 rate limited: https://en.wikipedia.org/w/api.php?format=json&action=query&list=categorymembers&cmtitle=Category)
    skip category (HTTP 429 rate limited: https://en.wikipedia.org/w/api.php?format=json&action=query&list=categorymembers&cmtitle=Category)
    skip category (HTTP 429 rate limited: https://en.wikipedia.org/w/api.php?format=json&action=query&list=categorymembers&cmtitle=Category)
    skip category (HTTP 429 rate limited: https://en.wikipedia.org/w/api.php?format=json&action=query&list=categorymembers&cmtitle=Category)
[grow] tick failed for smart-cities/Smart cities: 
    skip category (HTTP 429 rate limited: https://en.wikipedia.org/w/api.php?format=json&action=query&list=categorymembers&cmtitle=Category)
    skip category (HTTP 429 rate limited: https://en.wikipedia.org/w/api.php?format=json&action=query&list=categorymembers&cmtitle=Category)
    skip category (HTTP 429 rate limited: https://en.wikipedia.org/w/api.php?format=json&action=query&list=categorymembers&cmtitle=Category)
    skip category (HTTP 429 rate limited: https://en.wikipedia.org/w/api.php?format=json&action=query&list=categorymembers&cmtitle=Category)
    skip category (HTTP 429 rate limited: https://en.wikipedia.org/w/api.php?format=json&action=query&list=categorymembers&cmtitle=Category)
    skip category (HTTP 429 rate limited: https://en.wikipedia.org/w/api.php?format=json&action=query&list=categorymembers&cmtitle=Category)
    skip category (HTTP 429 rate limited: https://en.wikipedia.org/w/api.php?format=json&action=query&list=categorymembers&cmtitle=Category)
    skip category (HTTP 429 rate limited: https://en.wikipedia.org/w/api.php?format=json&action=query&list=categorymembers&cmtitle=Category)
    skip category (HTTP 429 rate limited: https://en.wikipedia.org/w/api.php?format=json&action=query&list=categorymembers&cmtitle=Category)
    skip category (HTTP 429 rate limited: https://en.wikipedia.org/w/api.php?format=json&action=query&list=categorymembers&cmtitle=Category)
    skip category (HTTP 429 rate limited: https://en.wikipedia.org/w/api.php?format=json&action=query&list=categorymembers&cmtitle=Category)
    skip category (HTTP 429 rate limited: https://en.wikipedia.org/w/api.php?format=json&action=query&list=categorymembers&cmtitle=Category)
    skip category (HTTP 429 rate limited: https://en.wikipedia.org/w/api.php?format=json&action=query&list=categorymembers&cmtitle=Category)
    skip category (HTTP 429 rate limited: https://en.wikipedia.org/w/api.php?format=json&action=query&list=categorymembers&cmtitle=Category)
    skip category (HTTP 429 rate limited: https://en.wikipedia.org/w/api.php?format=json&action=query&list=categorymembers&cmtitle=Category)
    skip category (HTTP 429 rate limited: https://en.wikipedia.org/w/api.php?format=json&action=query&list=categorymembers&cmtitle=Category)
    skip category (HTTP 429 rate limited: https://en.wikipedia.org/w/api.php?format=json&action=query&list=categorymembers&cmtitle=Category)
    skip category (HTTP 429 rate limited: https://en.wikipedia.org/w/api.php?format=json&action=query&list=categorymembers&cmtitle=Category)
    skip category (HTTP 429 rate limited: https://en.wikipedia.org/w/api.php?format=json&action=query&list=categorymembers&cmtitle=Category)
    skip category (HTTP 429 rate limited: https://en.wikipedia.org/w/api.php?format=json&action=query&list=categorymembers&cmtitle=Category)
    skip category (HTTP 429 rate limited: https://en.wikipedia.org/w/api.php?format=json&action=query&list=categorymembers&cmtitle=Category)
    skip category (HTTP 429 rate limited: https://en.wikipedia.org/w/api.php?format=json&action=query&list=categorymembers&cmtitle=Category)
    skip category (HTTP 429 rate limited: https://en.wikipedia.org/w/api.php?format=json&action=query&list=categorymembers&cmtitle=Category)
    skip category (HTTP 429 rate limited: https://en.wikipedia.org/w/api.php?format=json&action=query&list=categorymembers&cmtitle=Category)
[grow] tick failed for jujutsu-kaisen/Jujutsu Kaisen characters: 
    skip category (HTTP 429 rate limited: https://en.wikipedia.org/w/api.php?format=json&action=query&list=categorymembers&cmtitle=Category)
    skip category (HTTP 429 rate limited: https://en.wikipedia.org/w/api.php?format=json&action=query&list=categorymembers&cmtitle=Category)
[grow] tick failed for fairy-tail/Fairy Tail characters: 
  identity batch failed: HTTP 429 rate limited: https://en.wikipedia.org/w/api.php?format=json&action=query&titles=Sword+Art+Online&redirects=1&prop=pageimages%7Cinfo&piprop=thumbnail%7Cname&pithumbsize=180&inprop=url
  intro batch failed: HTTP 429 rate limited: https://en.wikipedia.org/w/api.php?format=json&action=query&titles=Sword+Art+Online&redirects=1&prop=revisions&rvprop=content&rvslots=main
    skip category (HTTP 429 rate limited: https://en.wikipedia.org/w/api.php?format=json&action=query&list=categorymembers&cmtitle=Category)
    skip category (HTTP 429 rate limited: https://en.wikipedia.org/w/api.php?format=json&action=query&list=categorymembers&cmtitle=Category)
    skip category (HTTP 429 rate limited: https://en.wikipedia.org/w/api.php?format=json&action=query&list=categorymembers&cmtitle=Category)
    skip category (HTTP 429 rate limited: https://en.wikipedia.org/w/api.php?format=json&action=query&list=categorymembers&cmtitle=Category)
    skip category (HTTP 429 rate limited: https://en.wikipedia.org/w/api.php?format=json&action=query&list=categorymembers&cmtitle=Category)
    skip category (HTTP 429 rate limited: https://en.wikipedia.org/w/api.php?format=json&action=query&list=categorymembers&cmtitle=Category)
    skip category (HTTP 429 rate limited: https://en.wikipedia.org/w/api.php?format=json&action=query&list=categorymembers&cmtitle=Category)
    skip category (HTTP 429 rate limited: https://en.wikipedia.org/w/api.php?format=json&action=query&list=categorymembers&cmtitle=Category)
    skip category (HTTP 429 rate limited: https://en.wikipedia.org/w/api.php?format=json&action=query&list=categorymembers&cmtitle=Category)
    skip category (HTTP 429 rate limited: https://en.wikipedia.org/w/api.php?format=json&action=query&list=categorymembers&cmtitle=Category)
    skip category (HTTP 429 rate limited: https://en.wikipedia.org/w/api.php?format=json&action=query&list=categorymembers&cmtitle=Category)
    skip category (HTTP 429 rate limited: https://en.wikipedia.org/w/api.php?format=json&action=query&list=categorymembers&cmtitle=Category)
    skip category (HTTP 429 rate limited: https://en.wikipedia.org/w/api.php?format=json&action=query&list=categorymembers&cmtitle=Category)
    skip category (HTTP 429 rate limited: https://en.wikipedia.org/w/api.php?format=json&action=query&list=categorymembers&cmtitle=Category)
    skip category (HTTP 429 rate limited: https://en.wikipedia.org/w/api.php?format=json&action=query&list=categorymembers&cmtitle=Category)
    skip category (HTTP 429 rate limited: https://en.wikipedia.org/w/api.php?format=json&action=query&list=categorymembers&cmtitle=Category)
    skip category (HTTP 429 rate limited: https://en.wikipedia.org/w/api.php?format=json&action=query&list=categorymembers&cmtitle=Category)
    skip category (HTTP 429 rate limited: https://en.wikipedia.org/w/api.php?format=json&action=query&list=categorymembers&cmtitle=Category)
    skip category (HTTP 429 rate limited: https://en.wikipedia.org/w/api.php?format=json&action=query&list=categorymembers&cmtitle=Category)
    skip category (HTTP 429 rate limited: https://en.wikipedia.org/w/api.php?format=json&action=query&list=categorymembers&cmtitle=Category)
    skip category (HTTP 429 rate limited: https://en.wikipedia.org/w/api.php?format=json&action=query&list=categorymembers&cmtitle=Category)
  [rich] Fandom batch failed: HTTP 429 rate limited: https://en.wikipedia.org/w/api.php?format=json&action=query&titles=Dark+Souls&redirects=1&prop=revisions&rvprop=content&rvslots=main
  [rich] Wikipedia batch failed: HTTP 429 for https://en.wikipedia.org/w/api.php?action=query&format=json&origin=*&titles=Dark+Souls&redirects=1&prop=extracts&explaintext=1&exintro=1&exlimit=max: You are making too many requests to the API.
Please follow the best practices at <https://www.mediawiki.org/wiki/Wikimedia_APIs/Rate_limits>.
If you are unsure how to get the access you need, contact 
  [rich] Wikipedia batch failed: HTTP 429 for https://en.wikipedia.org/w/api.php?action=query&format=json&origin=*&titles=Dark+Souls&redirects=1&prop=extracts&explaintext=1&exintro=1&exlimit=max: You are making too many requests to the API.
Please follow the best practices at <https://www.mediawiki.org/wiki/Wikimedia_APIs/Rate_limits>.
If you are unsure how to get the access you need, contact 
[grow] tick failed for dark-souls/Dark Souls: 
[grow] tick failed for dark-souls/Dark Souls characters: 
    skip category (HTTP 429 rate limited: https://en.wikipedia.org/w/api.php?format=json&action=query&list=categorymembers&cmtitle=Category)
    skip category (HTTP 429 rate limited: https://en.wikipedia.org/w/api.php?format=json&action=query&list=categorymembers&cmtitle=Category)
  intro batch failed: HTTP 429 rate limited: https://en.wikipedia.org/w/api.php?format=json&action=query&titles=Assassin%27s+Creed&redirects=1&prop=revisions&rvprop=content&rvslots=main
    skip category (HTTP 429 rate limited: https://en.wikipedia.org/w/api.php?format=json&action=query&list=categorymembers&cmtitle=Category)
    skip category (HTTP 429 rate limited: https://en.wikipedia.org/w/api.php?format=json&action=query&list=categorymembers&cmtitle=Category)
    skip category (HTTP 429 rate limited: https://en.wikipedia.org/w/api.php?format=json&action=query&list=categorymembers&cmtitle=Category)
    skip category (HTTP 429 rate limited: https://en.wikipedia.org/w/api.php?format=json&action=query&list=categorymembers&cmtitle=Category)
    skip category (HTTP 429 rate limited: https://en.wikipedia.org/w/api.php?format=json&action=query&list=categorymembers&cmtitle=Category)
    skip category (HTTP 429 rate limited: https://en.wikipedia.org/w/api.php?format=json&action=query&list=categorymembers&cmtitle=Category)
    skip category (HTTP 429 rate limited: https://en.wikipedia.org/w/api.php?format=json&action=query&list=categorymembers&cmtitle=Category)
    skip category (HTTP 429 rate limited: https://en.wikipedia.org/w/api.php?format=json&action=query&list=categorymembers&cmtitle=Category)
    skip category (HTTP 429 rate limited: https://en.wikipedia.org/w/api.php?format=json&action=query&list=categorymembers&cmtitle=Category)
    skip category (HTTP 429 rate limited: https://en.wikipedia.org/w/api.php?format=json&action=query&list=categorymembers&cmtitle=Category)
    skip category (HTTP 429 rate limited: https://en.wikipedia.org/w/api.php?format=json&action=query&list=categorymembers&cmtitle=Category)
    skip category (HTTP 429 rate limited: https://en.wikipedia.org/w/api.php?format=json&action=query&list=categorymembers&cmtitle=Category)
    skip category (HTTP 429 rate limited: https://en.wikipedia.org/w/api.php?format=json&action=query&list=categorymembers&cmtitle=Category)
    skip category (HTTP 429 rate limited: https://en.wikipedia.org/w/api.php?format=json&action=query&list=categorymembers&cmtitle=Category)
[grow] tick failed for overwatch/Overwatch characters: 
    skip category (HTTP 429 rate limited: https://en.wikipedia.org/w/api.php?format=json&action=query&list=categorymembers&cmtitle=Category)
    skip category (HTTP 429 rate limited: https://en.wikipedia.org/w/api.php?format=json&action=query&list=categorymembers&cmtitle=Category)
    skip category (HTTP 429 rate limited: https://en.wikipedia.org/w/api.php?format=json&action=query&list=categorymembers&cmtitle=Category)
    skip category (HTTP 429 rate limited: https://en.wikipedia.org/w/api.php?format=json&action=query&list=categorymembers&cmtitle=Category)
    skip category (HTTP 429 rate limited: https://en.wikipedia.org/w/api.php?format=json&action=query&list=categorymembers&cmtitle=Category)
    skip category (HTTP 429 rate limited: https://en.wikipedia.org/w/api.php?format=json&action=query&list=categorymembers&cmtitle=Category)
    skip category (HTTP 429 rate limited: https://en.wikipedia.org/w/api.php?format=json&action=query&list=categorymembers&cmtitle=Category)
    skip category (HTTP 429 rate limited: https://en.wikipedia.org/w/api.php?format=json&action=query&list=categorymembers&cmtitle=Category)
    skip category (HTTP 429 rate limited: https://en.wikipedia.org/w/api.php?format=json&action=query&list=categorymembers&cmtitle=Category)
    skip category (HTTP 429 rate limited: https://en.wikipedia.org/w/api.php?format=json&action=query&list=categorymembers&cmtitle=Category)
    skip category (HTTP 429 rate limited: https://en.wikipedia.org/w/api.php?format=json&action=query&list=categorymembers&cmtitle=Category)
[grow] tick failed for sonic-the-hedgehog/Sonic the Hedgehog characters: 
    skip category (HTTP 429 rate limited: https://en.wikipedia.org/w/api.php?format=json&action=query&list=categorymembers&cmtitle=Category)
    skip category (HTTP 429 rate limited: https://en.wikipedia.org/w/api.php?format=json&action=query&list=categorymembers&cmtitle=Category)
    skip category (HTTP 429 rate limited: https://en.wikipedia.org/w/api.php?format=json&action=query&list=categorymembers&cmtitle=Category)
    skip category (HTTP 429 rate limited: https://en.wikipedia.org/w/api.php?format=json&action=query&list=categorymembers&cmtitle=Category)
    skip category (HTTP 429 rate limited: https://en.wikipedia.org/w/api.php?format=json&action=query&list=categorymembers&cmtitle=Category)
    skip category (HTTP 429 rate limited: https://en.wikipedia.org/w/api.php?format=json&action=query&list=categorymembers&cmtitle=Category)
    skip category (HTTP 429 rate limited: https://en.wikipedia.org/w/api.php?format=json&action=query&list=categorymembers&cmtitle=Category)
    skip category (HTTP 429 rate limited: https://en.wikipedia.org/w/api.php?format=json&action=query&list=categorymembers&cmtitle=Category)
    skip category (HTTP 429 rate limited: https://en.wikipedia.org/w/api.php?format=json&action=query&list=categorymembers&cmtitle=Category)
[grow] tick failed for hitchhikers-guide/The Hitchhiker's Guide to the Galaxy characters: 
    skip category (HTTP 429 rate limited: https://en.wikipedia.org/w/api.php?format=json&action=query&list=categorymembers&cmtitle=Category)
    skip category (HTTP 429 rate limited: https://en.wikipedia.org/w/api.php?format=json&action=query&list=categorymembers&cmtitle=Category)
    skip category (HTTP 429 rate limited: https://en.wikipedia.org/w/api.php?format=json&action=query&list=categorymembers&cmtitle=Category)
    skip category (HTTP 429 rate limited: https://en.wikipedia.org/w/api.php?format=json&action=query&list=categorymembers&cmtitle=Category)
    skip category (HTTP 429 rate limited: https://en.wikipedia.org/w/api.php?format=json&action=query&list=categorymembers&cmtitle=Category)
[grow] tick failed for his-dark-materials/His Dark Materials characters: 
    skip category (HTTP 429 rate limited: https://en.wikipedia.org/w/api.php?format=json&action=query&list=categorymembers&cmtitle=Category)
    skip category (HTTP 429 rate limited: https://en.wikipedia.org/w/api.php?format=json&action=query&list=categorymembers&cmtitle=Category)
    skip category (HTTP 429 rate limited: https://en.wikipedia.org/w/api.php?format=json&action=query&list=categorymembers&cmtitle=Category)
    skip category (HTTP 429 rate limited: https://en.wikipedia.org/w/api.php?format=json&action=query&list=categorymembers&cmtitle=Category)
    skip category (HTTP 429 rate limited: https://en.wikipedia.org/w/api.php?format=json&action=query&list=categorymembers&cmtitle=Category)
    skip category (HTTP 429 rate limited: https://en.wikipedia.org/w/api.php?format=json&action=query&list=categorymembers&cmtitle=Category)
    skip category (HTTP 429 rate limited: https://en.wikipedia.org/w/api.php?format=json&action=query&list=categorymembers&cmtitle=Category)
    skip category (HTTP 429 rate limited: https://en.wikipedia.org/w/api.php?format=json&action=query&list=categorymembers&cmtitle=Category)
    skip category (HTTP 429 rate limited: https://en.wikipedia.org/w/api.php?format=json&action=query&list=categorymembers&cmtitle=Category)
    skip category (HTTP 429 rate limited: https://en.wikipedia.org/w/api.php?format=json&action=query&list=categorymembers&cmtitle=Category)
    skip category (HTTP 429 rate limited: https://en.wikipedia.org/w/api.php?format=json&action=query&list=categorymembers&cmtitle=Category)
    skip category (HTTP 429 rate limited: https://en.wikipedia.org/w/api.php?format=json&action=query&list=categorymembers&cmtitle=Category)
    skip category (HTTP 429 rate limited: https://en.wikipedia.org/w/api.php?format=json&action=query&list=categorymembers&cmtitle=Category)
    skip category (HTTP 429 rate limited: https://en.wikipedia.org/w/api.php?format=json&action=query&list=categorymembers&cmtitle=Category)
    skip category (HTTP 429 rate limited: https://en.wikipedia.org/w/api.php?format=json&action=query&list=categorymembers&cmtitle=Category)
    skip category (HTTP 429 rate limited: https://en.wikipedia.org/w/api.php?format=json&action=query&list=categorymembers&cmtitle=Category)
    skip category (HTTP 429 rate limited: https://en.wikipedia.org/w/api.php?format=json&action=query&list=categorymembers&cmtitle=Category)
    skip category (HTTP 429 rate limited: https://en.wikipedia.org/w/api.php?format=json&action=query&list=categorymembers&cmtitle=Category)
    skip category (HTTP 429 rate limited: https://en.wikipedia.org/w/api.php?format=json&action=query&list=categorymembers&cmtitle=Category)
    skip category (HTTP 429 rate limited: https://en.wikipedia.org/w/api.php?format=json&action=query&list=categorymembers&cmtitle=Category)
  identity batch failed: HTTP 429 rate limited: https://en.wikipedia.org/w/api.php?format=json&action=query&titles=Elrond&redirects=1&prop=pageimages%7Cinfo&piprop=thumbnail%7Cname&pithumbsize=180&inprop=url
  intro batch failed: HTTP 429 rate limited: https://en.wikipedia.org/w/api.php?format=json&action=query&titles=Elrond&redirects=1&prop=revisions&rvprop=content&rvslots=main
  [rich] Fandom batch failed: HTTP 429 rate limited: https://en.wikipedia.org/w/api.php?format=json&action=query&titles=Elrond&redirects=1&prop=revisions&rvprop=content&rvslots=main
  [rich] Wikipedia batch failed: HTTP 429 for https://en.wikipedia.org/w/api.php?action=query&format=json&origin=*&titles=Elrond&redirects=1&prop=extracts&explaintext=1&exintro=1&exlimit=max: You are making too many requests to the API.
Please follow the best practices at <https://www.mediawiki.org/wiki/Wikimedia_APIs/Rate_limits>.
If you are unsure how to get the access you need, contact 
  [rich] Wikipedia batch failed: HTTP 429 for https://en.wikipedia.org/w/api.php?action=query&format=json&origin=*&titles=Elrond&redirects=1&prop=extracts&explaintext=1&exintro=1&exlimit=max: You are making too many requests to the API.
Please follow the best practices at <https://www.mediawiki.org/wiki/Wikimedia_APIs/Rate_limits>.
If you are unsure how to get the access you need, contact 
[grow] tick failed for the-hobbit/The Hobbit characters: 
    skip category (HTTP 429 rate limited: https://en.wikipedia.org/w/api.php?format=json&action=query&list=categorymembers&cmtitle=Category)
    skip category (HTTP 429 rate limited: https://en.wikipedia.org/w/api.php?format=json&action=query&list=categorymembers&cmtitle=Category)
    skip category (HTTP 429 rate limited: https://en.wikipedia.org/w/api.php?format=json&action=query&list=categorymembers&cmtitle=Category)
    skip category (HTTP 429 rate limited: https://en.wikipedia.org/w/api.php?format=json&action=query&list=categorymembers&cmtitle=Category)
    skip category (HTTP 429 rate limited: https://en.wikipedia.org/w/api.php?format=json&action=query&list=categorymembers&cmtitle=Category)
    skip category (HTTP 429 rate limited: https://en.wikipedia.org/w/api.php?format=json&action=query&list=categorymembers&cmtitle=Category)
    skip category (HTTP 429 rate limited: https://en.wikipedia.org/w/api.php?format=json&action=query&list=categorymembers&cmtitle=Category)
    skip category (HTTP 429 rate limited: https://en.wikipedia.org/w/api.php?format=json&action=query&list=categorymembers&cmtitle=Category)
    skip category (HTTP 429 rate limited: https://en.wikipedia.org/w/api.php?format=json&action=query&list=categorymembers&cmtitle=Category)
    skip category (HTTP 429 rate limited: https://en.wikipedia.org/w/api.php?format=json&action=query&list=categorymembers&cmtitle=Category)
    skip category (HTTP 429 rate limited: https://en.wikipedia.org/w/api.php?format=json&action=query&list=categorymembers&cmtitle=Category)
    skip category (HTTP 429 rate limited: https://en.wikipedia.org/w/api.php?format=json&action=query&list=categorymembers&cmtitle=Category)
    skip category (HTTP 429 rate limited: https://en.wikipedia.org/w/api.php?format=json&action=query&list=categorymembers&cmtitle=Category)
    skip category (HTTP 429 rate limited: https://en.wikipedia.org/w/api.php?format=json&action=query&list=categorymembers&cmtitle=Category)
    skip category (HTTP 429 rate limited: https://en.wikipedia.org/w/api.php?format=json&action=query&list=categorymembers&cmtitle=Category)
    skip category (HTTP 429 rate limited: https://en.wikipedia.org/w/api.php?format=json&action=query&list=categorymembers&cmtitle=Category)
    skip category (HTTP 429 rate limited: https://en.wikipedia.org/w/api.php?format=json&action=query&list=categorymembers&cmtitle=Category)
    skip category (HTTP 429 rate limited: https://en.wikipedia.org/w/api.php?format=json&action=query&list=categorymembers&cmtitle=Category)
    skip category (HTTP 429 rate limited: https://en.wikipedia.org/w/api.php?format=json&action=query&list=categorymembers&cmtitle=Category)
    skip category (HTTP 429 rate limited: https://en.wikipedia.org/w/api.php?format=json&action=query&list=categorymembers&cmtitle=Category)
    skip category (HTTP 429 rate limited: https://en.wikipedia.org/w/api.php?format=json&action=query&list=categorymembers&cmtitle=Category)
    skip category (HTTP 429 rate limited: https://en.wikipedia.org/w/api.php?format=json&action=query&list=categorymembers&cmtitle=Category)
    skip category (HTTP 429 rate limited: https://en.wikipedia.org/w/api.php?format=json&action=query&list=categorymembers&cmtitle=Category)
    skip category (HTTP 429 rate limited: https://en.wikipedia.org/w/api.php?format=json&action=query&list=categorymembers&cmtitle=Category)
    skip category (HTTP 429 rate limited: https://en.wikipedia.org/w/api.php?format=json&action=query&list=categorymembers&cmtitle=Category)
    skip category (HTTP 429 rate limited: https://en.wikipedia.org/w/api.php?format=json&action=query&list=categorymembers&cmtitle=Category)
    skip category (HTTP 429 rate limited: https://en.wikipedia.org/w/api.php?format=json&action=query&list=categorymembers&cmtitle=Category)
    skip category (HTTP 429 rate limited: https://en.wikipedia.org/w/api.php?format=json&action=query&list=categorymembers&cmtitle=Category)
    skip category (HTTP 429 rate limited: https://en.wikipedia.org/w/api.php?format=json&action=query&list=categorymembers&cmtitle=Category)
    skip category (HTTP 429 rate limited: https://en.wikipedia.org/w/api.php?format=json&action=query&list=categorymembers&cmtitle=Category)
    skip category (HTTP 429 rate limited: https://en.wikipedia.org/w/api.php?format=json&action=query&list=categorymembers&cmtitle=Category)
    skip category (HTTP 429 rate limited: https://en.wikipedia.org/w/api.php?format=json&action=query&list=categorymembers&cmtitle=Category)
    skip category (HTTP 429 rate limited: https://en.wikipedia.org/w/api.php?format=json&action=query&list=categorymembers&cmtitle=Category)
    skip category (HTTP 429 rate limited: https://en.wikipedia.org/w/api.php?format=json&action=query&list=categorymembers&cmtitle=Category)
    skip category (HTTP 429 rate limited: https://en.wikipedia.org/w/api.php?format=json&action=query&list=categorymembers&cmtitle=Category)
    skip category (HTTP 429 rate limited: https://en.wikipedia.org/w/api.php?format=json&action=query&list=categorymembers&cmtitle=Category)
    skip category (HTTP 429 rate limited: https://en.wikipedia.org/w/api.php?format=json&action=query&list=categorymembers&cmtitle=Category)
    skip category (HTTP 429 rate limited: https://en.wikipedia.org/w/api.php?format=json&action=query&list=categorymembers&cmtitle=Category)
    skip category (HTTP 429 rate limited: https://en.wikipedia.org/w/api.php?format=json&action=query&list=categorymembers&cmtitle=Category)
    skip category (HTTP 429 rate limited: https://en.wikipedia.org/w/api.php?format=json&action=query&list=categorymembers&cmtitle=Category)
    skip category (HTTP 429 rate limited: https://en.wikipedia.org/w/api.php?format=json&action=query&list=categorymembers&cmtitle=Category)
    skip category (HTTP 429 rate limited: https://en.wikipedia.org/w/api.php?format=json&action=query&list=categorymembers&cmtitle=Category)
    skip category (HTTP 429 rate limited: https://en.wikipedia.org/w/api.php?format=json&action=query&list=categorymembers&cmtitle=Category)
    skip category (HTTP 429 rate limited: https://en.wikipedia.org/w/api.php?format=json&action=query&list=categorymembers&cmtitle=Category)
    skip category (HTTP 429 rate limited: https://en.wikipedia.org/w/api.php?format=json&action=query&list=categorymembers&cmtitle=Category)
  identity batch failed: HTTP 429 rate limited: https://en.wikipedia.org/w/api.php?format=json&action=query&titles=The+Wire&redirects=1&prop=pageimages%7Cinfo&piprop=thumbnail%7Cname&pithumbsize=180&inprop=url
  intro batch failed: HTTP 429 rate limited: https://en.wikipedia.org/w/api.php?format=json&action=query&titles=The+Wire&redirects=1&prop=revisions&rvprop=content&rvslots=main
    skip category (HTTP 429 rate limited: https://en.wikipedia.org/w/api.php?format=json&action=query&list=categorymembers&cmtitle=Category)
    skip category (HTTP 429 rate limited: https://en.wikipedia.org/w/api.php?format=json&action=query&list=categorymembers&cmtitle=Category)
    skip category (HTTP 429 rate limited: https://en.wikipedia.org/w/api.php?format=json&action=query&list=categorymembers&cmtitle=Category)
    skip category (HTTP 429 rate limited: https://en.wikipedia.org/w/api.php?format=json&action=query&list=categorymembers&cmtitle=Category)
    skip category (HTTP 429 rate limited: https://en.wikipedia.org/w/api.php?format=json&action=query&list=categorymembers&cmtitle=Category)
    skip category (HTTP 429 rate limited: https://en.wikipedia.org/w/api.php?format=json&action=query&list=categorymembers&cmtitle=Category)
    skip category (HTTP 429 rate limited: https://en.wikipedia.org/w/api.php?format=json&action=query&list=categorymembers&cmtitle=Category)
    skip category (HTTP 429 rate limited: https://en.wikipedia.org/w/api.php?format=json&action=query&list=categorymembers&cmtitle=Category)
    skip category (HTTP 429 rate limited: https://en.wikipedia.org/w/api.php?format=json&action=query&list=categorymembers&cmtitle=Category)
    skip category (HTTP 429 rate limited: https://en.wikipedia.org/w/api.php?format=json&action=query&list=categorymembers&cmtitle=Category)
[grow] tick failed for the-x-files/The X-Files characters: 
    skip category (HTTP 429 rate limited: https://en.wikipedia.org/w/api.php?format=json&action=query&list=categorymembers&cmtitle=Category)
    skip category (HTTP 429 rate limited: https://en.wikipedia.org/w/api.php?format=json&action=query&list=categorymembers&cmtitle=Category)
    skip category (HTTP 429 rate limited: https://en.wikipedia.org/w/api.php?format=json&action=query&list=categorymembers&cmtitle=Category)
    skip category (HTTP 429 rate limited: https://en.wikipedia.org/w/api.php?format=json&action=query&list=categorymembers&cmtitle=Category)
    skip category (HTTP 429 rate limited: https://en.wikipedia.org/w/api.php?format=json&action=query&list=categorymembers&cmtitle=Category)
    skip category (HTTP 429 rate limited: https://en.wikipedia.org/w/api.php?format=json&action=query&list=categorymembers&cmtitle=Category)
    skip category (HTTP 429 rate limited: https://en.wikipedia.org/w/api.php?format=json&action=query&list=categorymembers&cmtitle=Category)
    skip category (HTTP 429 rate limited: https://en.wikipedia.org/w/api.php?format=json&action=query&list=categorymembers&cmtitle=Category)
    skip category (HTTP 429 rate limited: https://en.wikipedia.org/w/api.php?format=json&action=query&list=categorymembers&cmtitle=Category)
    skip category (HTTP 429 rate limited: https://en.wikipedia.org/w/api.php?format=json&action=query&list=categorymembers&cmtitle=Category)
    skip category (HTTP 429 rate limited: https://en.wikipedia.org/w/api.php?format=json&action=query&list=categorymembers&cmtitle=Category)
  intro batch failed: HTTP 429 rate limited: https://en.wikipedia.org/w/api.php?format=json&action=query&titles=WandaVision&redirects=1&prop=revisions&rvprop=content&rvslots=main
    skip category (HTTP 429 rate limited: https://en.wikipedia.org/w/api.php?format=json&action=query&list=categorymembers&cmtitle=Category)
    skip category (HTTP 429 rate limited: https://en.wikipedia.org/w/api.php?format=json&action=query&list=categorymembers&cmtitle=Category)
    skip category (HTTP 429 rate limited: https://en.wikipedia.org/w/api.php?format=json&action=query&list=categorymembers&cmtitle=Category)
    skip category (HTTP 429 rate limited: https://en.wikipedia.org/w/api.php?format=json&action=query&list=categorymembers&cmtitle=Category)
    skip category (HTTP 429 rate limited: https://en.wikipedia.org/w/api.php?format=json&action=query&list=categorymembers&cmtitle=Category)
    skip category (HTTP 429 rate limited: https://en.wikipedia.org/w/api.php?format=json&action=query&list=categorymembers&cmtitle=Category)
    skip category (HTTP 429 rate limited: https://en.wikipedia.org/w/api.php?format=json&action=query&list=categorymembers&cmtitle=Category)
    skip category (HTTP 429 rate limited: https://en.wikipedia.org/w/api.php?format=json&action=query&list=categorymembers&cmtitle=Category)
    skip category (HTTP 429 rate limited: https://en.wikipedia.org/w/api.php?format=json&action=query&list=categorymembers&cmtitle=Category)
    skip category (HTTP 429 rate limited: https://en.wikipedia.org/w/api.php?format=json&action=query&list=categorymembers&cmtitle=Category)
    skip category (HTTP 429 rate limited: https://en.wikipedia.org/w/api.php?format=json&action=query&list=categorymembers&cmtitle=Category)
    skip category (HTTP 429 rate limited: https://en.wikipedia.org/w/api.php?format=json&action=query&list=categorymembers&cmtitle=Category)
    skip category (HTTP 429 rate limited: https://en.wikipedia.org/w/api.php?format=json&action=query&list=categorymembers&cmtitle=Category)
    skip category (HTTP 429 rate limited: https://en.wikipedia.org/w/api.php?format=json&action=query&list=categorymembers&cmtitle=Category)
    skip category (HTTP 429 rate limited: https://en.wikipedia.org/w/api.php?format=json&action=query&list=categorymembers&cmtitle=Category)
    skip category (HTTP 429 rate limited: https://en.wikipedia.org/w/api.php?format=json&action=query&list=categorymembers&cmtitle=Category)
    skip category (HTTP 429 rate limited: https://en.wikipedia.org/w/api.php?format=json&action=query&list=categorymembers&cmtitle=Category)
    skip category (HTTP 429 rate limited: https://en.wikipedia.org/w/api.php?format=json&action=query&list=categorymembers&cmtitle=Category)
    skip category (HTTP 429 rate limited: https://en.wikipedia.org/w/api.php?format=json&action=query&list=categorymembers&cmtitle=Category)
    skip category (HTTP 429 rate limited: https://en.wikipedia.org/w/api.php?format=json&action=query&list=categorymembers&cmtitle=Category)
    skip category (HTTP 429 rate limited: https://en.wikipedia.org/w/api.php?format=json&action=query&list=categorymembers&cmtitle=Category)
    skip category (HTTP 429 rate limited: https://en.wikipedia.org/w/api.php?format=json&action=query&list=categorymembers&cmtitle=Category)
    skip category (HTTP 429 rate limited: https://en.wikipedia.org/w/api.php?format=json&action=query&list=categorymembers&cmtitle=Category)
    skip category (HTTP 429 rate limited: https://en.wikipedia.org/w/api.php?format=json&action=query&list=categorymembers&cmtitle=Category)
    skip category (HTTP 429 rate limited: https://en.wikipedia.org/w/api.php?format=json&action=query&list=categorymembers&cmtitle=Category)
    skip category (HTTP 429 rate limited: https://en.wikipedia.org/w/api.php?format=json&action=query&list=categorymembers&cmtitle=Category)
    skip category (HTTP 429 rate limited: https://en.wikipedia.org/w/api.php?format=json&action=query&list=categorymembers&cmtitle=Category)
    skip category (HTTP 429 rate limited: https://en.wikipedia.org/w/api.php?format=json&action=query&list=categorymembers&cmtitle=Category)
    skip category (HTTP 429 rate limited: https://en.wikipedia.org/w/api.php?format=json&action=query&list=categorymembers&cmtitle=Category)
    skip category (HTTP 429 rate limited: https://en.wikipedia.org/w/api.php?format=json&action=query&list=categorymembers&cmtitle=Category)
    skip category (HTTP 429 rate limited: https://en.wikipedia.org/w/api.php?format=json&action=query&list=categorymembers&cmtitle=Category)
    skip category (HTTP 429 rate limited: https://en.wikipedia.org/w/api.php?format=json&action=query&list=categorymembers&cmtitle=Category)
    skip category (HTTP 429 rate limited: https://en.wikipedia.org/w/api.php?format=json&action=query&list=categorymembers&cmtitle=Category)
    skip category (HTTP 429 rate limited: https://en.wikipedia.org/w/api.php?format=json&action=query&list=categorymembers&cmtitle=Category)
    skip category (HTTP 429 rate limited: https://en.wikipedia.org/w/api.php?format=json&action=query&list=categorymembers&cmtitle=Category)
    skip category (HTTP 429 rate limited: https://en.wikipedia.org/w/api.php?format=json&action=query&list=categorymembers&cmtitle=Category)
    skip category (HTTP 429 rate limited: https://en.wikipedia.org/w/api.php?format=json&action=query&list=categorymembers&cmtitle=Category)
    skip category (HTTP 429 rate limited: https://en.wikipedia.org/w/api.php?format=json&action=query&list=categorymembers&cmtitle=Category)
    skip category (HTTP 429 rate limited: https://en.wikipedia.org/w/api.php?format=json&action=query&list=categorymembers&cmtitle=Category)
    skip category (HTTP 429 rate limited: https://en.wikipedia.org/w/api.php?format=json&action=query&list=categorymembers&cmtitle=Category)
    skip category (HTTP 429 rate limited: https://en.wikipedia.org/w/api.php?format=json&action=query&list=categorymembers&cmtitle=Category)
    skip category (HTTP 429 rate limited: https://en.wikipedia.org/w/api.php?format=json&action=query&list=categorymembers&cmtitle=Category)
    skip category (HTTP 429 rate limited: https://en.wikipedia.org/w/api.php?format=json&action=query&list=categorymembers&cmtitle=Category)
    skip category (HTTP 429 rate limited: https://en.wikipedia.org/w/api.php?format=json&action=query&list=categorymembers&cmtitle=Category)
    skip category (HTTP 429 rate limited: https://en.wikipedia.org/w/api.php?format=json&action=query&list=categorymembers&cmtitle=Category)
    skip category (HTTP 429 rate limited: https://en.wikipedia.org/w/api.php?format=json&action=query&list=categorymembers&cmtitle=Category)
    skip category (HTTP 429 rate limited: https://en.wikipedia.org/w/api.php?format=json&action=query&list=categorymembers&cmtitle=Category)
    skip category (HTTP 429 rate limited: https://en.wikipedia.org/w/api.php?format=json&action=query&list=categorymembers&cmtitle=Category)
    skip category (HTTP 429 rate limited: https://en.wikipedia.org/w/api.php?format=json&action=query&list=categorymembers&cmtitle=Category)
    skip category (HTTP 429 rate limited: https://en.wikipedia.org/w/api.php?format=json&action=query&list=categorymembers&cmtitle=Category)
    skip category (HTTP 429 rate limited: https://en.wikipedia.org/w/api.php?format=json&action=query&list=categorymembers&cmtitle=Category)
    skip category (HTTP 429 rate limited: https://en.wikipedia.org/w/api.php?format=json&action=query&list=categorymembers&cmtitle=Category)
    skip category (HTTP 429 rate limited: https://en.wikipedia.org/w/api.php?format=json&action=query&list=categorymembers&cmtitle=Category)
  intro batch failed: HTTP 429 rate limited: https://en.wikipedia.org/w/api.php?format=json&action=query&titles=Legend+of+the+Five+Rings&redirects=1&prop=revisions&rvprop=content&rvslots=main
    skip category (HTTP 429 rate limited: https://en.wikipedia.org/w/api.php?format=json&action=query&list=categorymembers&cmtitle=Category)
    skip category (HTTP 429 rate limited: https://en.wikipedia.org/w/api.php?format=json&action=query&list=categorymembers&cmtitle=Category)
    skip category (HTTP 429 rate limited: https://en.wikipedia.org/w/api.php?format=json&action=query&list=categorymembers&cmtitle=Category)
    skip category (HTTP 429 rate limited: https://en.wikipedia.org/w/api.php?format=json&action=query&list=categorymembers&cmtitle=Category)
    skip category (HTTP 429 rate limited: https://en.wikipedia.org/w/api.php?format=json&action=query&list=categorymembers&cmtitle=Category)
    skip category (HTTP 429 rate limited: https://en.wikipedia.org/w/api.php?format=json&action=query&list=categorymembers&cmtitle=Category)
    skip category (HTTP 429 rate limited: https://en.wikipedia.org/w/api.php?format=json&action=query&list=categorymembers&cmtitle=Category)
    skip category (HTTP 429 rate limited: https://en.wikipedia.org/w/api.php?format=json&action=query&list=categorymembers&cmtitle=Category)
    skip category (HTTP 429 rate limited: https://en.wikipedia.org/w/api.php?format=json&action=query&list=categorymembers&cmtitle=Category)
    skip category (HTTP 429 rate limited: https://en.wikipedia.org/w/api.php?format=json&action=query&list=categorymembers&cmtitle=Category)
    skip category (HTTP 429 rate limited: https://en.wikipedia.org/w/api.php?format=json&action=query&list=categorymembers&cmtitle=Category)
    skip category (HTTP 429 rate limited: https://en.wikipedia.org/w/api.php?format=json&action=query&list=categorymembers&cmtitle=Category)
    skip category (HTTP 429 rate limited: https://en.wikipedia.org/w/api.php?format=json&action=query&list=categorymembers&cmtitle=Category)
    skip category (HTTP 429 rate limited: https://en.wikipedia.org/w/api.php?format=json&action=query&list=categorymembers&cmtitle=Category)
    skip category (HTTP 429 rate limited: https://en.wikipedia.org/w/api.php?format=json&action=query&list=categorymembers&cmtitle=Category)
    skip category (HTTP 429 rate limited: https://en.wikipedia.org/w/api.php?format=json&action=query&list=categorymembers&cmtitle=Category)
    skip category (HTTP 429 rate limited: https://en.wikipedia.org/w/api.php?format=json&action=query&list=categorymembers&cmtitle=Category)
    skip category (HTTP 429 rate limited: https://en.wikipedia.org/w/api.php?format=json&action=query&list=categorymembers&cmtitle=Category)
    skip category (HTTP 429 rate limited: https://en.wikipedia.org/w/api.php?format=json&action=query&list=categorymembers&cmtitle=Category)
    skip category (HTTP 429 rate limited: https://en.wikipedia.org/w/api.php?format=json&action=query&list=categorymembers&cmtitle=Category)
    skip category (HTTP 429 rate limited: https://en.wikipedia.org/w/api.php?format=json&action=query&list=categorymembers&cmtitle=Category)
    skip category (HTTP 429 rate limited: https://en.wikipedia.org/w/api.php?format=json&action=query&list=categorymembers&cmtitle=Category)
    skip category (HTTP 429 rate limited: https://en.wikipedia.org/w/api.php?format=json&action=query&list=categorymembers&cmtitle=Category)
    skip category (HTTP 429 rate limited: https://en.wikipedia.org/w/api.php?format=json&action=query&list=categorymembers&cmtitle=Category)
    skip category (HTTP 429 rate limited: https://en.wikipedia.org/w/api.php?format=json&action=query&list=categorymembers&cmtitle=Category)
    skip category (HTTP 429 rate limited: https://en.wikipedia.org/w/api.php?format=json&action=query&list=categorymembers&cmtitle=Category)
    skip category (HTTP 429 rate limited: https://en.wikipedia.org/w/api.php?format=json&action=query&list=categorymembers&cmtitle=Category)
    skip category (HTTP 429 rate limited: https://en.wikipedia.org/w/api.php?format=json&action=query&list=categorymembers&cmtitle=Category)
    skip category (HTTP 429 rate limited: https://en.wikipedia.org/w/api.php?format=json&action=query&list=categorymembers&cmtitle=Category)
    skip category (HTTP 429 rate limited: https://en.wikipedia.org/w/api.php?format=json&action=query&list=categorymembers&cmtitle=Category)
    skip category (HTTP 429 rate limited: https://en.wikipedia.org/w/api.php?format=json&action=query&list=categorymembers&cmtitle=Category)
    skip category (HTTP 429 rate limited: https://en.wikipedia.org/w/api.php?format=json&action=query&list=categorymembers&cmtitle=Category)
    skip category (HTTP 429 rate limited: https://en.wikipedia.org/w/api.php?format=json&action=query&list=categorymembers&cmtitle=Category)
    skip category (HTTP 429 rate limited: https://en.wikipedia.org/w/api.php?format=json&action=query&list=categorymembers&cmtitle=Category)
    skip category (HTTP 429 rate limited: https://en.wikipedia.org/w/api.php?format=json&action=query&list=categorymembers&cmtitle=Category)
    skip category (HTTP 429 rate limited: https://en.wikipedia.org/w/api.php?format=json&action=query&list=categorymembers&cmtitle=Category)
    skip category (HTTP 429 rate limited: https://en.wikipedia.org/w/api.php?format=json&action=query&list=categorymembers&cmtitle=Category)
    skip category (HTTP 429 rate limited: https://en.wikipedia.org/w/api.php?format=json&action=query&list=categorymembers&cmtitle=Category)
    skip category (HTTP 429 rate limited: https://en.wikipedia.org/w/api.php?format=json&action=query&list=categorymembers&cmtitle=Category)
    skip category (HTTP 429 rate limited: https://en.wikipedia.org/w/api.php?format=json&action=query&list=categorymembers&cmtitle=Category)
[grow] tick failed for star-trek/Planets: 
[grow] tick failed for star-trek/Spacecraft: 
[grow] tick failed for star-trek/Species: 
[grow] tick failed for avatar-the-last-airbender/Locations: 
[grow] tick failed for avatar-the-last-airbender/Organizations: 
[grow] tick failed for lego/Minifigures: 
    skip category (HTTP 404 for https://wwe.fandom.com/api.php?format=json&action=query&list=categorymembers&cmtitle=Category%3AWWE+wrestle)
    skip category (HTTP 404 for https://wwe.fandom.com/api.php?format=json&action=query&list=categorymembers&cmtitle=Category%3AFormer+WWE+)
    skip category (HTTP 404 for https://wwe.fandom.com/api.php?format=json&action=query&list=categorymembers&cmtitle=Category%3AWWE+champio)
    skip category (HTTP 404 for https://wwe.fandom.com/api.php?format=json&action=query&list=categorymembers&cmtitle=Category%3AWWE+pay-per)
[grow] tick failed for pixar/Movies: 
    skip category (HTTP 404 for https://egyptian-mythology.fandom.com/api.php?format=json&action=query&list=categorymembers&cmtitle=Categor)
    skip category (HTTP 404 for https://egyptian-mythology.fandom.com/api.php?format=json&action=query&list=categorymembers&cmtitle=Categor)
[grow] tick failed for formula-1/Drivers: 
[grow] tick failed for formula-1/Teams: 
[grow] tick failed for formula-1/Circuits: 
[grow] tick failed for journey-to-the-west/Locations: 
[grow] tick failed for harry-potter/Females: 
[grow] tick failed for harry-potter/Locations: 
[grow] tick failed for harry-potter/Spells: UNKNOWN: unknown error, open 'C:\Users\tknvrs\tonolore\tonolore\scripts\subjects\harry-potter\expanded.json'
[grow] tick failed for harry-potter/Objects: 
[grow] tick failed for pokemon/Characters: 
[grow] tick failed for pokemon/Locations: 
[grow] tick failed for lord-of-the-rings/Characters: 
[grow] tick failed for lord-of-the-rings/Locations: 
[grow] tick failed for lord-of-the-rings/Objects: UNKNOWN: unknown error, open 'C:\Users\tknvrs\tonolore\tonolore\scripts\subjects\lord-of-the-rings\expanded.json'
[grow] tick failed for five-nights-at-freddys/Characters: 
[grow] tick failed for five-nights-at-freddys/Locations: 
[grow] tick failed for dragon-ball/Planets: 
[grow] tick failed for dragon-ball/Techniques: 
[grow] tick failed for dragon-ball/Transformations: UNKNOWN: unknown error, open 'C:\Users\tknvrs\tonolore\tonolore\scripts\subjects\dragon-ball\expanded.json'
[grow] tick failed for wheel-of-time/Books: 
[grow] tick failed for wheel-of-time/Shadowspawn: UNKNOWN: unknown error, open 'C:\Users\tknvrs\tonolore\tonolore\scripts\subjects\wheel-of-time\expanded.json'
[grow] tick failed for marvel/Characters: 
[grow] tick failed for marvel/Teams: 
[grow] tick failed for marvel/Locations: 
[grow] tick failed for marvel/Items: 
[grow] tick failed for dc/Teams: 
[grow] tick failed for dc/Locations: UNKNOWN: unknown error, open 'C:\Users\tknvrs\tonolore\tonolore\scripts\subjects\dc\expanded.json'
[grow] tick failed for mario/Locations: 
[grow] tick failed for transformers/Decepticons: 
[grow] tick failed for transformers/Locations: 
[grow] tick failed for the-simpsons/Locations: 
[grow] tick failed for naruto/Locations: 
[grow] tick failed for naruto/Jutsu: 
[grow] tick failed for the-legend-of-zelda/Locations: 
[grow] tick failed for the-legend-of-zelda/Items: 
[grow] tick failed for jurassic-park/Dinosaurs: 
[grow] tick failed for jurassic-park/Locations: 
[grow] tick failed for james-bond/Locations: 
[grow] tick failed for jojos-bizarre-adventure/Locations: 
[grow] tick failed for teenage-mutant-ninja-turtles/Locations: 
[grow] tick failed for teenage-mutant-ninja-turtles/Organizations: 
[grow] tick failed for magic-the-gathering/Characters: 
    skip category (HTTP 404 for https://pathfinderwiki.com/api.php?format=json&action=query&list=categorymembers&cmtitle=Category%3ACharact)
    skip category (HTTP 404 for https://pathfinderwiki.com/api.php?format=json&action=query&list=categorymembers&cmtitle=Category%3ANations)
    skip category (HTTP 404 for https://pathfinderwiki.com/api.php?format=json&action=query&list=categorymembers&cmtitle=Category%3AOrganiz)
    skip category (HTTP 404 for https://www.sarna.net/api.php?format=json&action=query&list=categorymembers&cmtitle=Category%3ACharacters&c)
    skip category (HTTP 404 for https://www.sarna.net/api.php?format=json&action=query&list=categorymembers&cmtitle=Category%3ABattleMechs&)
    skip category (HTTP 404 for https://www.sarna.net/api.php?format=json&action=query&list=categorymembers&cmtitle=Category%3APlanets&cmli)
    skip category (HTTP 429 rate limited: https://en.wikipedia.org/w/api.php?format=json&action=query&list=categorymembers&cmtitle=Category)
    skip category (HTTP 429 rate limited: https://en.wikipedia.org/w/api.php?format=json&action=query&list=categorymembers&cmtitle=Category)
    skip category (HTTP 429 rate limited: https://en.wikipedia.org/w/api.php?format=json&action=query&list=categorymembers&cmtitle=Category)
    skip category (HTTP 429 rate limited: https://en.wikipedia.org/w/api.php?format=json&action=query&list=categorymembers&cmtitle=Category)
    skip category (HTTP 429 rate limited: https://en.wikipedia.org/w/api.php?format=json&action=query&list=categorymembers&cmtitle=Category)
    skip category (HTTP 429 rate limited: https://en.wikipedia.org/w/api.php?format=json&action=query&list=categorymembers&cmtitle=Category)
    skip category (HTTP 429 rate limited: https://en.wikipedia.org/w/api.php?format=json&action=query&list=categorymembers&cmtitle=Category)
    skip category (HTTP 429 rate limited: https://en.wikipedia.org/w/api.php?format=json&action=query&list=categorymembers&cmtitle=Category)
    skip category (HTTP 429 rate limited: https://en.wikipedia.org/w/api.php?format=json&action=query&list=categorymembers&cmtitle=Category)
[grow] tick failed for inca-mythology/Inca mythology: 
    skip category (HTTP 429 rate limited: https://en.wikipedia.org/w/api.php?format=json&action=query&list=categorymembers&cmtitle=Category)
    skip category (HTTP 429 rate limited: https://en.wikipedia.org/w/api.php?format=json&action=query&list=categorymembers&cmtitle=Category)
    skip category (HTTP 429 rate limited: https://en.wikipedia.org/w/api.php?format=json&action=query&list=categorymembers&cmtitle=Category)
    skip category (HTTP 429 rate limited: https://en.wikipedia.org/w/api.php?format=json&action=query&list=categorymembers&cmtitle=Category)
    skip category (HTTP 429 rate limited: https://en.wikipedia.org/w/api.php?format=json&action=query&list=categorymembers&cmtitle=Category)
    skip category (HTTP 429 rate limited: https://en.wikipedia.org/w/api.php?format=json&action=query&list=categorymembers&cmtitle=Category)
    skip category (HTTP 429 rate limited: https://en.wikipedia.org/w/api.php?format=json&action=query&list=categorymembers&cmtitle=Category)
    skip category (HTTP 429 rate limited: https://en.wikipedia.org/w/api.php?format=json&action=query&list=categorymembers&cmtitle=Category)
    skip category (HTTP 429 rate limited: https://en.wikipedia.org/w/api.php?format=json&action=query&list=categorymembers&cmtitle=Category)
    skip category (HTTP 429 rate limited: https://en.wikipedia.org/w/api.php?format=json&action=query&list=categorymembers&cmtitle=Category)
    skip category (HTTP 429 rate limited: https://en.wikipedia.org/w/api.php?format=json&action=query&list=categorymembers&cmtitle=Category)
    skip category (HTTP 429 rate limited: https://en.wikipedia.org/w/api.php?format=json&action=query&list=categorymembers&cmtitle=Category)
    skip category (HTTP 429 rate limited: https://en.wikipedia.org/w/api.php?format=json&action=query&list=categorymembers&cmtitle=Category)
    skip category (HTTP 429 rate limited: https://en.wikipedia.org/w/api.php?format=json&action=query&list=categorymembers&cmtitle=Category)
    skip category (HTTP 429 rate limited: https://en.wikipedia.org/w/api.php?format=json&action=query&list=categorymembers&cmtitle=Category)
    skip category (HTTP 429 rate limited: https://en.wikipedia.org/w/api.php?format=json&action=query&list=categorymembers&cmtitle=Category)
    skip category (HTTP 429 rate limited: https://en.wikipedia.org/w/api.php?format=json&action=query&list=categorymembers&cmtitle=Category)
    skip category (HTTP 429 rate limited: https://en.wikipedia.org/w/api.php?format=json&action=query&list=categorymembers&cmtitle=Category)
    skip category (HTTP 429 rate limited: https://en.wikipedia.org/w/api.php?format=json&action=query&list=categorymembers&cmtitle=Category)
    skip category (HTTP 429 rate limited: https://en.wikipedia.org/w/api.php?format=json&action=query&list=categorymembers&cmtitle=Category)
    skip category (HTTP 429 rate limited: https://en.wikipedia.org/w/api.php?format=json&action=query&list=categorymembers&cmtitle=Category)
    skip category (HTTP 429 rate limited: https://en.wikipedia.org/w/api.php?format=json&action=query&list=categorymembers&cmtitle=Category)
    skip category (HTTP 429 rate limited: https://en.wikipedia.org/w/api.php?format=json&action=query&list=categorymembers&cmtitle=Category)
    skip category (HTTP 429 rate limited: https://en.wikipedia.org/w/api.php?format=json&action=query&list=categorymembers&cmtitle=Category)
    skip category (HTTP 429 rate limited: https://en.wikipedia.org/w/api.php?format=json&action=query&list=categorymembers&cmtitle=Category)
    skip category (HTTP 429 rate limited: https://en.wikipedia.org/w/api.php?format=json&action=query&list=categorymembers&cmtitle=Category)
    skip category (HTTP 429 rate limited: https://en.wikipedia.org/w/api.php?format=json&action=query&list=categorymembers&cmtitle=Category)
    skip category (HTTP 429 rate limited: https://en.wikipedia.org/w/api.php?format=json&action=query&list=categorymembers&cmtitle=Category)
    skip category (HTTP 429 rate limited: https://en.wikipedia.org/w/api.php?format=json&action=query&list=categorymembers&cmtitle=Category)
    skip category (HTTP 429 rate limited: https://en.wikipedia.org/w/api.php?format=json&action=query&list=categorymembers&cmtitle=Category)
    skip category (HTTP 429 rate limited: https://en.wikipedia.org/w/api.php?format=json&action=query&list=categorymembers&cmtitle=Category)
    skip category (HTTP 429 rate limited: https://en.wikipedia.org/w/api.php?format=json&action=query&list=categorymembers&cmtitle=Category)
    skip category (HTTP 429 rate limited: https://en.wikipedia.org/w/api.php?format=json&action=query&list=categorymembers&cmtitle=Category)
    skip category (HTTP 429 rate limited: https://en.wikipedia.org/w/api.php?format=json&action=query&list=categorymembers&cmtitle=Category)
    skip category (HTTP 429 rate limited: https://en.wikipedia.org/w/api.php?format=json&action=query&list=categorymembers&cmtitle=Category)
    skip category (HTTP 429 rate limited: https://en.wikipedia.org/w/api.php?format=json&action=query&list=categorymembers&cmtitle=Category)
    skip category (HTTP 429 rate limited: https://en.wikipedia.org/w/api.php?format=json&action=query&list=categorymembers&cmtitle=Category)
    skip category (HTTP 429 rate limited: https://en.wikipedia.org/w/api.php?format=json&action=query&list=categorymembers&cmtitle=Category)
    skip category (HTTP 429 rate limited: https://en.wikipedia.org/w/api.php?format=json&action=query&list=categorymembers&cmtitle=Category)
    skip category (HTTP 429 rate limited: https://en.wikipedia.org/w/api.php?format=json&action=query&list=categorymembers&cmtitle=Category)
    skip category (HTTP 429 rate limited: https://en.wikipedia.org/w/api.php?format=json&action=query&list=categorymembers&cmtitle=Category)
    skip category (HTTP 429 rate limited: https://en.wikipedia.org/w/api.php?format=json&action=query&list=categorymembers&cmtitle=Category)
    skip category (HTTP 429 rate limited: https://en.wikipedia.org/w/api.php?format=json&action=query&list=categorymembers&cmtitle=Category)
    skip category (HTTP 429 rate limited: https://en.wikipedia.org/w/api.php?format=json&action=query&list=categorymembers&cmtitle=Category)
    skip category (HTTP 429 rate limited: https://en.wikipedia.org/w/api.php?format=json&action=query&list=categorymembers&cmtitle=Category)
    skip category (HTTP 429 rate limited: https://en.wikipedia.org/w/api.php?format=json&action=query&list=categorymembers&cmtitle=Category)
    skip category (HTTP 429 rate limited: https://en.wikipedia.org/w/api.php?format=json&action=query&list=categorymembers&cmtitle=Category)
    skip category (HTTP 429 rate limited: https://en.wikipedia.org/w/api.php?format=json&action=query&list=categorymembers&cmtitle=Category)
    skip category (HTTP 429 rate limited: https://en.wikipedia.org/w/api.php?format=json&action=query&list=categorymembers&cmtitle=Category)
    skip category (HTTP 429 rate limited: https://en.wikipedia.org/w/api.php?format=json&action=query&list=categorymembers&cmtitle=Category)
    skip category (HTTP 429 rate limited: https://en.wikipedia.org/w/api.php?format=json&action=query&list=categorymembers&cmtitle=Category)
    skip category (HTTP 429 rate limited: https://en.wikipedia.org/w/api.php?format=json&action=query&list=categorymembers&cmtitle=Category)
    skip category (HTTP 429 rate limited: https://en.wikipedia.org/w/api.php?format=json&action=query&list=categorymembers&cmtitle=Category)
    skip category (HTTP 429 rate limited: https://en.wikipedia.org/w/api.php?format=json&action=query&list=categorymembers&cmtitle=Category)
    skip category (HTTP 429 rate limited: https://en.wikipedia.org/w/api.php?format=json&action=query&list=categorymembers&cmtitle=Category)
    skip category (HTTP 429 rate limited: https://en.wikipedia.org/w/api.php?format=json&action=query&list=categorymembers&cmtitle=Category)
    skip category (HTTP 429 rate limited: https://en.wikipedia.org/w/api.php?format=json&action=query&list=categorymembers&cmtitle=Category)
    skip category (HTTP 429 rate limited: https://en.wikipedia.org/w/api.php?format=json&action=query&list=categorymembers&cmtitle=Category)
    skip category (HTTP 429 rate limited: https://en.wikipedia.org/w/api.php?format=json&action=query&list=categorymembers&cmtitle=Category)
    skip category (HTTP 429 rate limited: https://en.wikipedia.org/w/api.php?format=json&action=query&list=categorymembers&cmtitle=Category)
    skip category (HTTP 429 rate limited: https://en.wikipedia.org/w/api.php?format=json&action=query&list=categorymembers&cmtitle=Category)
    skip category (HTTP 429 rate limited: https://en.wikipedia.org/w/api.php?format=json&action=query&list=categorymembers&cmtitle=Category)
    skip category (HTTP 429 rate limited: https://en.wikipedia.org/w/api.php?format=json&action=query&list=categorymembers&cmtitle=Category)
    skip category (HTTP 429 rate limited: https://en.wikipedia.org/w/api.php?format=json&action=query&list=categorymembers&cmtitle=Category)
    skip category (HTTP 429 rate limited: https://en.wikipedia.org/w/api.php?format=json&action=query&list=categorymembers&cmtitle=Category)
    skip category (HTTP 429 rate limited: https://en.wikipedia.org/w/api.php?format=json&action=query&list=categorymembers&cmtitle=Category)
    skip category (HTTP 429 rate limited: https://en.wikipedia.org/w/api.php?format=json&action=query&list=categorymembers&cmtitle=Category)
    skip category (HTTP 429 rate limited: https://en.wikipedia.org/w/api.php?format=json&action=query&list=categorymembers&cmtitle=Category)
    skip category (HTTP 429 rate limited: https://en.wikipedia.org/w/api.php?format=json&action=query&list=categorymembers&cmtitle=Category)
    skip category (HTTP 429 rate limited: https://en.wikipedia.org/w/api.php?format=json&action=query&list=categorymembers&cmtitle=Category)
    skip category (HTTP 429 rate limited: https://en.wikipedia.org/w/api.php?format=json&action=query&list=categorymembers&cmtitle=Category)
    skip category (HTTP 429 rate limited: https://en.wikipedia.org/w/api.php?format=json&action=query&list=categorymembers&cmtitle=Category)
    skip category (HTTP 429 rate limited: https://en.wikipedia.org/w/api.php?format=json&action=query&list=categorymembers&cmtitle=Category)
    skip category (HTTP 429 rate limited: https://en.wikipedia.org/w/api.php?format=json&action=query&list=categorymembers&cmtitle=Category)
    skip category (HTTP 429 rate limited: https://en.wikipedia.org/w/api.php?format=json&action=query&list=categorymembers&cmtitle=Category)
    skip category (HTTP 429 rate limited: https://en.wikipedia.org/w/api.php?format=json&action=query&list=categorymembers&cmtitle=Category)
    skip category (HTTP 429 rate limited: https://en.wikipedia.org/w/api.php?format=json&action=query&list=categorymembers&cmtitle=Category)
    skip category (HTTP 429 rate limited: https://en.wikipedia.org/w/api.php?format=json&action=query&list=categorymembers&cmtitle=Category)
    skip category (HTTP 429 rate limited: https://en.wikipedia.org/w/api.php?format=json&action=query&list=categorymembers&cmtitle=Category)
    skip category (HTTP 429 rate limited: https://en.wikipedia.org/w/api.php?format=json&action=query&list=categorymembers&cmtitle=Category)
    skip category (HTTP 429 rate limited: https://en.wikipedia.org/w/api.php?format=json&action=query&list=categorymembers&cmtitle=Category)
    skip category (HTTP 429 rate limited: https://en.wikipedia.org/w/api.php?format=json&action=query&list=categorymembers&cmtitle=Category)
    skip category (HTTP 429 rate limited: https://en.wikipedia.org/w/api.php?format=json&action=query&list=categorymembers&cmtitle=Category)
    skip category (HTTP 429 rate limited: https://en.wikipedia.org/w/api.php?format=json&action=query&list=categorymembers&cmtitle=Category)
    skip category (HTTP 429 rate limited: https://en.wikipedia.org/w/api.php?format=json&action=query&list=categorymembers&cmtitle=Category)
    skip category (HTTP 429 rate limited: https://en.wikipedia.org/w/api.php?format=json&action=query&list=categorymembers&cmtitle=Category)
    skip category (HTTP 429 rate limited: https://en.wikipedia.org/w/api.php?format=json&action=query&list=categorymembers&cmtitle=Category)
    skip category (HTTP 429 rate limited: https://en.wikipedia.org/w/api.php?format=json&action=query&list=categorymembers&cmtitle=Category)
    skip category (HTTP 429 rate limited: https://en.wikipedia.org/w/api.php?format=json&action=query&list=categorymembers&cmtitle=Category)
    skip category (HTTP 429 rate limited: https://en.wikipedia.org/w/api.php?format=json&action=query&list=categorymembers&cmtitle=Category)
    skip category (HTTP 429 rate limited: https://en.wikipedia.org/w/api.php?format=json&action=query&list=categorymembers&cmtitle=Category)
    skip category (HTTP 429 rate limited: https://en.wikipedia.org/w/api.php?format=json&action=query&list=categorymembers&cmtitle=Category)
    skip category (HTTP 429 rate limited: https://en.wikipedia.org/w/api.php?format=json&action=query&list=categorymembers&cmtitle=Category)
    skip category (HTTP 429 rate limited: https://en.wikipedia.org/w/api.php?format=json&action=query&list=categorymembers&cmtitle=Category)
    skip category (HTTP 429 rate limited: https://en.wikipedia.org/w/api.php?format=json&action=query&list=categorymembers&cmtitle=Category)
    skip category (HTTP 429 rate limited: https://en.wikipedia.org/w/api.php?format=json&action=query&list=categorymembers&cmtitle=Category)
    skip category (HTTP 429 rate limited: https://en.wikipedia.org/w/api.php?format=json&action=query&list=categorymembers&cmtitle=Category)
    skip category (HTTP 429 rate limited: https://en.wikipedia.org/w/api.php?format=json&action=query&list=categorymembers&cmtitle=Category)
    skip category (HTTP 429 rate limited: https://en.wikipedia.org/w/api.php?format=json&action=query&list=categorymembers&cmtitle=Category)
    skip category (HTTP 429 rate limited: https://en.wikipedia.org/w/api.php?format=json&action=query&list=categorymembers&cmtitle=Category)
    skip category (HTTP 429 rate limited: https://en.wikipedia.org/w/api.php?format=json&action=query&list=categorymembers&cmtitle=Category)
    skip category (HTTP 429 rate limited: https://en.wikipedia.org/w/api.php?format=json&action=query&list=categorymembers&cmtitle=Category)
    skip category (HTTP 429 rate limited: https://en.wikipedia.org/w/api.php?format=json&action=query&list=categorymembers&cmtitle=Category)
    skip category (HTTP 429 rate limited: https://en.wikipedia.org/w/api.php?format=json&action=query&list=categorymembers&cmtitle=Category)
    skip category (HTTP 429 rate limited: https://en.wikipedia.org/w/api.php?format=json&action=query&list=categorymembers&cmtitle=Category)
    skip category (HTTP 429 rate limited: https://en.wikipedia.org/w/api.php?format=json&action=query&list=categorymembers&cmtitle=Category)
    skip category (HTTP 429 rate limited: https://en.wikipedia.org/w/api.php?format=json&action=query&list=categorymembers&cmtitle=Category)
    skip category (HTTP 429 rate limited: https://en.wikipedia.org/w/api.php?format=json&action=query&list=categorymembers&cmtitle=Category)
    skip category (HTTP 429 rate limited: https://en.wikipedia.org/w/api.php?format=json&action=query&list=categorymembers&cmtitle=Category)
    skip category (HTTP 429 rate limited: https://en.wikipedia.org/w/api.php?format=json&action=query&list=categorymembers&cmtitle=Category)
